Using pre-set license
Built from '6000.0/staging' branch; Version is '6000.0.33f1 (433b0a79340b) revision 4406026'; Using compiler version '193933523'; Build Type 'Release'
OS: 'Windows 10  (10.0.19045) 64bit Professional' Language: 'ru' Physical Memory: 8160 MB
BatchMode: 1, IsHumanControllingUs: 0, StartBugReporterOnCrash: 0, Is64bit: 1, IsPro: 1

COMMAND LINE ARGUMENTS:
C:\Program Files\Unity\Hub\Editor\6000.0.33f1\Editor\Unity.exe
-adb2
-batchMode
-noUpm
-name
AssetImportWorker2
-projectPath
C:/Users/DARIUS/Desktop/ArmadaTankov
-logFile
Logs/AssetImportWorker2.log
-srvPort
65125
-job-worker-count
2
-background-job-worker-count
8
-gc-helper-count
1
Successfully changed project path to: C:/Users/DARIUS/Desktop/ArmadaTankov
C:/Users/DARIUS/Desktop/ArmadaTankov
[UnityMemory] Configuration Parameters - Can be set up in boot.config
    "memorysetup-bucket-allocator-granularity=16"
    "memorysetup-bucket-allocator-bucket-count=8"
    "memorysetup-bucket-allocator-block-size=33554432"
    "memorysetup-bucket-allocator-block-count=8"
    "memorysetup-main-allocator-block-size=16777216"
    "memorysetup-thread-allocator-block-size=16777216"
    "memorysetup-gfx-main-allocator-block-size=16777216"
    "memorysetup-gfx-thread-allocator-block-size=16777216"
    "memorysetup-cache-allocator-block-size=4194304"
    "memorysetup-typetree-allocator-block-size=2097152"
    "memorysetup-profiler-bucket-allocator-granularity=16"
    "memorysetup-profiler-bucket-allocator-bucket-count=8"
    "memorysetup-profiler-bucket-allocator-block-size=33554432"
    "memorysetup-profiler-bucket-allocator-block-count=8"
    "memorysetup-profiler-allocator-block-size=16777216"
    "memorysetup-profiler-editor-allocator-block-size=1048576"
    "memorysetup-temp-allocator-size-main=16777216"
    "memorysetup-job-temp-allocator-block-size=2097152"
    "memorysetup-job-temp-allocator-block-size-background=1048576"
    "memorysetup-job-temp-allocator-reduction-small-platforms=262144"
    "memorysetup-allocator-temp-initial-block-size-main=262144"
    "memorysetup-allocator-temp-initial-block-size-worker=262144"
    "memorysetup-temp-allocator-size-background-worker=32768"
    "memorysetup-temp-allocator-size-job-worker=262144"
    "memorysetup-temp-allocator-size-preload-manager=33554432"
    "memorysetup-temp-allocator-size-nav-mesh-worker=65536"
    "memorysetup-temp-allocator-size-audio-worker=65536"
    "memorysetup-temp-allocator-size-cloud-worker=32768"
    "memorysetup-temp-allocator-size-gi-baking-worker=262144"
    "memorysetup-temp-allocator-size-gi-baking-worker=262144"
    "memorysetup-temp-allocator-size-gi-baking-worker=262144"
    "memorysetup-temp-allocator-size-gi-baking-worker=262144"
    "memorysetup-temp-allocator-size-gi-baking-worker=262144"
    "memorysetup-temp-allocator-size-gfx=262144"
Player connection [13884]  Target information:

Player connection [13884]  * "[IP] 192.168.1.2 [Port] 0 [Flags] 2 [Guid] 4055552388 [EditorId] 4055552388 [Version] 1048832 [Id] WindowsEditor(7,DESKTOP-LE0EHGE) [Debug] 1 [PackageName] WindowsEditor [ProjectName] Editor" 

Player connection [13884]  * "[IP] 26.130.209.220 [Port] 0 [Flags] 2 [Guid] 4055552388 [EditorId] 4055552388 [Version] 1048832 [Id] WindowsEditor(7,DESKTOP-LE0EHGE) [Debug] 1 [PackageName] WindowsEditor [ProjectName] Editor" 

Player connection [13884]  * "[IP] 192.168.56.1 [Port] 0 [Flags] 2 [Guid] 4055552388 [EditorId] 4055552388 [Version] 1048832 [Id] WindowsEditor(7,DESKTOP-LE0EHGE) [Debug] 1 [PackageName] WindowsEditor [ProjectName] Editor" 

Player connection [13884] Host joined multi-casting on [225.0.0.222:54997]...
Player connection [13884] Host joined alternative multi-casting on [225.0.0.222:34997]...
JobSystem: Creating JobQueue using job-worker-count value 2
[Physics::Module] Initialized fallback backend.
[Physics::Module] Id: 0xdecafbad
Library Redirect Path: Library/
[Physics::Module] Selected backend.
[Physics::Module] Name: PhysX
[Physics::Module] Id: 0xf2b8ea05
[Physics::Module] SDK Version: 4.1.2
[Physics::Module] Integration Version: 1.0.0
[Physics::Module] Threading Mode: Multi-Threaded
Refreshing native plugins compatible for Editor in 7.17 ms, found 3 plugins.
Preloading 0 native plugins for Editor in 0.00 ms.
Initialize engine version: 6000.0.33f1 (433b0a79340b)
[Subsystems] Discovering subsystems at path C:/Program Files/Unity/Hub/Editor/6000.0.33f1/Editor/Data/Resources/UnitySubsystems
[Subsystems] Discovering subsystems at path C:/Users/DARIUS/Desktop/ArmadaTankov/Assets
GfxDevice: creating device client; kGfxThreadingModeNonThreaded
Direct3D:
    Version:  Direct3D 11.0 [level 11.1]
    Renderer: NVIDIA GeForce GTX 1050 Ti (ID=0x1c82)
    Vendor:   NVIDIA
    VRAM:     4004 MB
    Driver:   32.0.15.7688
Initialize mono
Mono path[0] = 'C:/Program Files/Unity/Hub/Editor/6000.0.33f1/Editor/Data/Managed'
Mono path[1] = 'C:/Program Files/Unity/Hub/Editor/6000.0.33f1/Editor/Data/MonoBleedingEdge/lib/mono/unityjit-win32'
Mono config path = 'C:/Program Files/Unity/Hub/Editor/6000.0.33f1/Editor/Data/MonoBleedingEdge/etc'
Using monoOptions --debugger-agent=transport=dt_socket,embedding=1,server=y,suspend=n,address=127.0.0.1:56984
Begin MonoManager ReloadAssembly
Registering precompiled unity dll's ...
Register platform support module: C:/Program Files/Unity/Hub/Editor/6000.0.33f1/Editor/Data/PlaybackEngines/WindowsStandaloneSupport/UnityEditor.WindowsStandalone.Extensions.dll
Register platform support module: C:/Program Files/Unity/Hub/Editor/6000.0.33f1/Editor/Data/PlaybackEngines/AndroidPlayer/UnityEditor.Android.Extensions.dll
Registered in 0.008360 seconds.
- Loaded All Assemblies, in  1.180 seconds
Native extension for Android target not found
Android Extension - Scanning For ADB Devices 407 ms
Native extension for WindowsStandalone target not found
Mono: successfully reloaded assembly
- Finished resetting the current domain, in  1.730 seconds
Domain Reload Profiling: 2908ms
	BeginReloadAssembly (367ms)
		ExecutionOrderSort (0ms)
		DisableScriptedObjects (0ms)
		BackupInstance (0ms)
		ReleaseScriptingObjects (0ms)
		CreateAndSetChildDomain (2ms)
	RebuildCommonClasses (130ms)
	RebuildNativeTypeToScriptingClass (41ms)
	initialDomainReloadingComplete (132ms)
	LoadAllAssembliesAndSetupDomain (506ms)
		LoadAssemblies (365ms)
		RebuildTransferFunctionScriptingTraits (0ms)
		AnalyzeDomain (498ms)
			TypeCache.Refresh (495ms)
				TypeCache.ScanAssembly (456ms)
			BuildScriptInfoCaches (0ms)
			ResolveRequiredComponents (1ms)
	FinalizeReload (1731ms)
		ReleaseScriptCaches (0ms)
		RebuildScriptCaches (0ms)
		SetupLoadedEditorAssemblies (1571ms)
			LogAssemblyErrors (0ms)
			InitializePlatformSupportModulesInManaged (645ms)
			SetLoadedEditorAssemblies (10ms)
			BeforeProcessingInitializeOnLoad (232ms)
			ProcessInitializeOnLoadAttributes (395ms)
			ProcessInitializeOnLoadMethodAttributes (287ms)
			AfterProcessingInitializeOnLoad (0ms)
			EditorAssembliesLoaded (1ms)
		ExecutionOrderSort2 (0ms)
		AwakeInstancesAfterBackupRestoration (0ms)
========================================================================
Worker process is ready to serve import requests
Import Worker Mode flag is 0x00
Begin MonoManager ReloadAssembly
- Loaded All Assemblies, in  4.866 seconds
Refreshing native plugins compatible for Editor in 1.03 ms, found 3 plugins.
Native extension for Android target not found
Native extension for WindowsStandalone target not found
Mono: successfully reloaded assembly
- Finished resetting the current domain, in  1.528 seconds
Domain Reload Profiling: 6389ms
	BeginReloadAssembly (363ms)
		ExecutionOrderSort (0ms)
		DisableScriptedObjects (15ms)
		BackupInstance (0ms)
		ReleaseScriptingObjects (0ms)
		CreateAndSetChildDomain (56ms)
	RebuildCommonClasses (95ms)
	RebuildNativeTypeToScriptingClass (32ms)
	initialDomainReloadingComplete (79ms)
	LoadAllAssembliesAndSetupDomain (4292ms)
		LoadAssemblies (737ms)
		RebuildTransferFunctionScriptingTraits (0ms)
		AnalyzeDomain (3779ms)
			TypeCache.Refresh (3621ms)
				TypeCache.ScanAssembly (421ms)
			BuildScriptInfoCaches (133ms)
			ResolveRequiredComponents (21ms)
	FinalizeReload (1529ms)
		ReleaseScriptCaches (0ms)
		RebuildScriptCaches (0ms)
		SetupLoadedEditorAssemblies (1168ms)
			LogAssemblyErrors (0ms)
			InitializePlatformSupportModulesInManaged (20ms)
			SetLoadedEditorAssemblies (9ms)
			BeforeProcessingInitializeOnLoad (202ms)
			ProcessInitializeOnLoadAttributes (741ms)
			ProcessInitializeOnLoadMethodAttributes (191ms)
			AfterProcessingInitializeOnLoad (6ms)
			EditorAssembliesLoaded (0ms)
		ExecutionOrderSort2 (0ms)
		AwakeInstancesAfterBackupRestoration (10ms)
Launched and connected shader compiler UnityShaderCompiler.exe after 0.01 seconds
Refreshing native plugins compatible for Editor in 1.57 ms, found 3 plugins.
Preloading 0 native plugins for Editor in 0.00 ms.
Unloading 212 Unused Serialized files (Serialized files now loaded: 0)
Unloading 5930 unused Assets / (6.6 MB). Loaded Objects now: 6609.
Memory consumption went from 153.8 MB to 147.2 MB.
Total: 19.553500 ms (FindLiveObjects: 1.263900 ms CreateObjectMapping: 1.099900 ms MarkObjects: 9.886300 ms  DeleteObjects: 7.301200 ms)

========================================================================
Received Import Request.
  Time since last request: 27942.919135 seconds.
  path: Assets/arena/arena.prefab
  artifactKey: Guid(bcb33674426e359498a5c921fc0494bd) Importer(815301076,1909f56bfc062723c751e8b465ee728b)
Start importing Assets/arena/arena.prefab using Guid(bcb33674426e359498a5c921fc0494bd) Importer(815301076,1909f56bfc062723c751e8b465ee728b) (PreviewImporter) -> (artifact id: '60cc0d6912b2f5a97b5f476fb4501f3a') in 1.0506075 seconds
Number of updated asset objects reloaded before import = 0Number of asset objects unloaded after import = 73

========================================================================
Received Prepare
Refreshing native plugins compatible for Editor in 1.59 ms, found 3 plugins.
Preloading 0 native plugins for Editor in 0.00 ms.
Unloading 27 Unused Serialized files (Serialized files now loaded: 0)
Unloading 5922 unused Assets / (6.5 MB). Loaded Objects now: 6767.
Memory consumption went from 136.3 MB to 129.8 MB.
Total: 26.777000 ms (FindLiveObjects: 1.323100 ms CreateObjectMapping: 1.039600 ms MarkObjects: 15.401900 ms  DeleteObjects: 9.009900 ms)

Prepare: number of updated asset objects reloaded= 0
========================================================================
Received Prepare
Refreshing native plugins compatible for Editor in 1.66 ms, found 3 plugins.
Preloading 0 native plugins for Editor in 0.00 ms.
Unloading 26 Unused Serialized files (Serialized files now loaded: 0)
Unloading 5921 unused Assets / (5.9 MB). Loaded Objects now: 6767.
Memory consumption went from 136.1 MB to 130.2 MB.
Total: 36.983400 ms (FindLiveObjects: 1.382600 ms CreateObjectMapping: 1.395900 ms MarkObjects: 21.904900 ms  DeleteObjects: 12.297400 ms)

Prepare: number of updated asset objects reloaded= 0
========================================================================
Received Prepare
Refreshing native plugins compatible for Editor in 1.59 ms, found 3 plugins.
Preloading 0 native plugins for Editor in 0.00 ms.
Unloading 26 Unused Serialized files (Serialized files now loaded: 0)
Unloading 5921 unused Assets / (6.6 MB). Loaded Objects now: 6767.
Memory consumption went from 136.1 MB to 129.5 MB.
Total: 24.251700 ms (FindLiveObjects: 1.271700 ms CreateObjectMapping: 1.149800 ms MarkObjects: 13.841800 ms  DeleteObjects: 7.986100 ms)

Prepare: number of updated asset objects reloaded= 0
========================================================================
Received Prepare
Begin MonoManager ReloadAssembly
- Loaded All Assemblies, in  1.554 seconds
Refreshing native plugins compatible for Editor in 1.35 ms, found 3 plugins.
Native extension for Android target not found
Native extension for WindowsStandalone target not found
Mono: successfully reloaded assembly
- Finished resetting the current domain, in  1.728 seconds
Domain Reload Profiling: 3284ms
	BeginReloadAssembly (454ms)
		ExecutionOrderSort (0ms)
		DisableScriptedObjects (51ms)
		BackupInstance (0ms)
		ReleaseScriptingObjects (0ms)
		CreateAndSetChildDomain (111ms)
	RebuildCommonClasses (92ms)
	RebuildNativeTypeToScriptingClass (35ms)
	initialDomainReloadingComplete (56ms)
	LoadAllAssembliesAndSetupDomain (918ms)
		LoadAssemblies (697ms)
		RebuildTransferFunctionScriptingTraits (0ms)
		AnalyzeDomain (437ms)
			TypeCache.Refresh (21ms)
				TypeCache.ScanAssembly (1ms)
			BuildScriptInfoCaches (388ms)
			ResolveRequiredComponents (23ms)
	FinalizeReload (1729ms)
		ReleaseScriptCaches (0ms)
		RebuildScriptCaches (0ms)
		SetupLoadedEditorAssemblies (1229ms)
			LogAssemblyErrors (0ms)
			InitializePlatformSupportModulesInManaged (23ms)
			SetLoadedEditorAssemblies (12ms)
			BeforeProcessingInitializeOnLoad (238ms)
			ProcessInitializeOnLoadAttributes (816ms)
			ProcessInitializeOnLoadMethodAttributes (133ms)
			AfterProcessingInitializeOnLoad (7ms)
			EditorAssembliesLoaded (1ms)
		ExecutionOrderSort2 (0ms)
		AwakeInstancesAfterBackupRestoration (27ms)
Refreshing native plugins compatible for Editor in 1.63 ms, found 3 plugins.
Preloading 0 native plugins for Editor in 0.00 ms.
Unloading 36 Unused Serialized files (Serialized files now loaded: 0)
Unloading 5927 unused Assets / (6.8 MB). Loaded Objects now: 6661.
Memory consumption went from 146.8 MB to 140.0 MB.
Total: 19.588400 ms (FindLiveObjects: 1.237700 ms CreateObjectMapping: 0.978400 ms MarkObjects: 9.440300 ms  DeleteObjects: 7.930000 ms)

Prepare: number of updated asset objects reloaded= 0
========================================================================
Received Prepare
Begin MonoManager ReloadAssembly
- Loaded All Assemblies, in  1.491 seconds
Refreshing native plugins compatible for Editor in 1.16 ms, found 3 plugins.
Native extension for Android target not found
Native extension for WindowsStandalone target not found
Mono: successfully reloaded assembly
- Finished resetting the current domain, in  1.603 seconds
Domain Reload Profiling: 3096ms
	BeginReloadAssembly (386ms)
		ExecutionOrderSort (0ms)
		DisableScriptedObjects (12ms)
		BackupInstance (0ms)
		ReleaseScriptingObjects (0ms)
		CreateAndSetChildDomain (93ms)
	RebuildCommonClasses (86ms)
	RebuildNativeTypeToScriptingClass (33ms)
	initialDomainReloadingComplete (54ms)
	LoadAllAssembliesAndSetupDomain (934ms)
		LoadAssemblies (686ms)
		RebuildTransferFunctionScriptingTraits (0ms)
		AnalyzeDomain (457ms)
			TypeCache.Refresh (16ms)
				TypeCache.ScanAssembly (0ms)
			BuildScriptInfoCaches (410ms)
			ResolveRequiredComponents (25ms)
	FinalizeReload (1603ms)
		ReleaseScriptCaches (0ms)
		RebuildScriptCaches (0ms)
		SetupLoadedEditorAssemblies (1180ms)
			LogAssemblyErrors (0ms)
			InitializePlatformSupportModulesInManaged (26ms)
			SetLoadedEditorAssemblies (11ms)
			BeforeProcessingInitializeOnLoad (240ms)
			ProcessInitializeOnLoadAttributes (794ms)
			ProcessInitializeOnLoadMethodAttributes (103ms)
			AfterProcessingInitializeOnLoad (6ms)
			EditorAssembliesLoaded (0ms)
		ExecutionOrderSort2 (0ms)
		AwakeInstancesAfterBackupRestoration (23ms)
Refreshing native plugins compatible for Editor in 1.43 ms, found 3 plugins.
Preloading 0 native plugins for Editor in 0.00 ms.
Unloading 26 Unused Serialized files (Serialized files now loaded: 0)
Unloading 5927 unused Assets / (5.2 MB). Loaded Objects now: 6663.
Memory consumption went from 144.9 MB to 139.7 MB.
Total: 17.972800 ms (FindLiveObjects: 1.187200 ms CreateObjectMapping: 0.887200 ms MarkObjects: 9.333100 ms  DeleteObjects: 6.563400 ms)

Prepare: number of updated asset objects reloaded= 0
========================================================================
Received Prepare
Begin MonoManager ReloadAssembly
- Loaded All Assemblies, in  1.492 seconds
Refreshing native plugins compatible for Editor in 1.64 ms, found 3 plugins.
Native extension for Android target not found
Native extension for WindowsStandalone target not found
Mono: successfully reloaded assembly
- Finished resetting the current domain, in  1.600 seconds
Domain Reload Profiling: 3093ms
	BeginReloadAssembly (391ms)
		ExecutionOrderSort (0ms)
		DisableScriptedObjects (14ms)
		BackupInstance (0ms)
		ReleaseScriptingObjects (0ms)
		CreateAndSetChildDomain (95ms)
	RebuildCommonClasses (86ms)
	RebuildNativeTypeToScriptingClass (34ms)
	initialDomainReloadingComplete (52ms)
	LoadAllAssembliesAndSetupDomain (929ms)
		LoadAssemblies (681ms)
		RebuildTransferFunctionScriptingTraits (0ms)
		AnalyzeDomain (459ms)
			TypeCache.Refresh (15ms)
				TypeCache.ScanAssembly (0ms)
			BuildScriptInfoCaches (414ms)
			ResolveRequiredComponents (24ms)
	FinalizeReload (1600ms)
		ReleaseScriptCaches (0ms)
		RebuildScriptCaches (0ms)
		SetupLoadedEditorAssemblies (1172ms)
			LogAssemblyErrors (0ms)
			InitializePlatformSupportModulesInManaged (22ms)
			SetLoadedEditorAssemblies (10ms)
			BeforeProcessingInitializeOnLoad (244ms)
			ProcessInitializeOnLoadAttributes (784ms)
			ProcessInitializeOnLoadMethodAttributes (107ms)
			AfterProcessingInitializeOnLoad (6ms)
			EditorAssembliesLoaded (0ms)
		ExecutionOrderSort2 (0ms)
		AwakeInstancesAfterBackupRestoration (21ms)
Refreshing native plugins compatible for Editor in 1.69 ms, found 3 plugins.
Preloading 0 native plugins for Editor in 0.00 ms.
Unloading 26 Unused Serialized files (Serialized files now loaded: 0)
Unloading 5927 unused Assets / (6.5 MB). Loaded Objects now: 6665.
Memory consumption went from 144.9 MB to 138.4 MB.
Total: 21.244600 ms (FindLiveObjects: 1.434300 ms CreateObjectMapping: 1.171900 ms MarkObjects: 10.042300 ms  DeleteObjects: 8.593700 ms)

Prepare: number of updated asset objects reloaded= 0
========================================================================
Received Import Request.
  Time since last request: 279.454136 seconds.
  path: Packages/com.unity.render-pipelines.universal/Runtime/Materials/ParticlesUnlit.mat
  artifactKey: Guid(e823cd5b5d27c0f4b8256e7c12ee3e6d) Importer(815301076,1909f56bfc062723c751e8b465ee728b)
Start importing Packages/com.unity.render-pipelines.universal/Runtime/Materials/ParticlesUnlit.mat using Guid(e823cd5b5d27c0f4b8256e7c12ee3e6d) Importer(815301076,1909f56bfc062723c751e8b465ee728b) (PreviewImporter) -> (artifact id: 'aaa89ffb070206bdaf392951feaa41a2') in 0.9470089 seconds
Number of updated asset objects reloaded before import = 0Number of asset objects unloaded after import = 0

========================================================================
Received Prepare
Refreshing native plugins compatible for Editor in 6.71 ms, found 3 plugins.
Preloading 0 native plugins for Editor in 0.00 ms.
Unloading 26 Unused Serialized files (Serialized files now loaded: 0)
Unloading 27 unused Assets / (3.2 MB). Loaded Objects now: 6840.
Memory consumption went from 148.5 MB to 145.3 MB.
Total: 23.749500 ms (FindLiveObjects: 0.751400 ms CreateObjectMapping: 0.396400 ms MarkObjects: 19.625700 ms  DeleteObjects: 2.973900 ms)

Prepare: number of updated asset objects reloaded= 0
========================================================================
Received Import Request.
  Time since last request: 39.277168 seconds.
  path: Assets/bullet/bullet.prefab
  artifactKey: Guid(51b71e0d438d8dc4bac601b0418f1d7c) Importer(815301076,1909f56bfc062723c751e8b465ee728b)
Start importing Assets/bullet/bullet.prefab using Guid(51b71e0d438d8dc4bac601b0418f1d7c) Importer(815301076,1909f56bfc062723c751e8b465ee728b) (PreviewImporter) -> (artifact id: '6647d045ded4f31e5e17f250d8aa00ec') in 0.0496878 seconds
Number of updated asset objects reloaded before import = 0Number of asset objects unloaded after import = 9

========================================================================
Received Import Request.
  Time since last request: 15.311219 seconds.
  path: Assets/player/player.prefab
  artifactKey: Guid(5522acb2762e18e4f8b671ef6d0eaa08) Importer(815301076,1909f56bfc062723c751e8b465ee728b)
Start importing Assets/player/player.prefab using Guid(5522acb2762e18e4f8b671ef6d0eaa08) Importer(815301076,1909f56bfc062723c751e8b465ee728b) (PreviewImporter) -> (artifact id: '8f34812a3f035ab07ce1d66c5cfb411b') in 0.0145001 seconds
Number of updated asset objects reloaded before import = 0Number of asset objects unloaded after import = 30

========================================================================
Received Import Request.
  Time since last request: 2.069270 seconds.
  path: Assets/player/Particle System Explosion.prefab
  artifactKey: Guid(2ac28cbf90b385f4cb7029619d361892) Importer(815301076,1909f56bfc062723c751e8b465ee728b)
Start importing Assets/player/Particle System Explosion.prefab using Guid(2ac28cbf90b385f4cb7029619d361892) Importer(815301076,1909f56bfc062723c751e8b465ee728b) (PreviewImporter) -> (artifact id: '75560bf0a8df0938faa913af92cc9b91') in 0.0213437 seconds
Number of updated asset objects reloaded before import = 0Number of asset objects unloaded after import = 6

========================================================================
Received Import Request.
  Time since last request: 11.159421 seconds.
  path: Assets/player/Explosion.prefab
  artifactKey: Guid(2ac28cbf90b385f4cb7029619d361892) Importer(815301076,1909f56bfc062723c751e8b465ee728b)
Start importing Assets/player/Explosion.prefab using Guid(2ac28cbf90b385f4cb7029619d361892) Importer(815301076,1909f56bfc062723c751e8b465ee728b) (PreviewImporter) -> (artifact id: 'd7acb31661f59bb3efcacecea9d1e763') in 0.0127302 seconds
Number of updated asset objects reloaded before import = 0Number of asset objects unloaded after import = 6

========================================================================
Received Import Request.
  Time since last request: 20.766947 seconds.
  path: Assets/player/player.prefab
  artifactKey: Guid(5522acb2762e18e4f8b671ef6d0eaa08) Importer(815301076,1909f56bfc062723c751e8b465ee728b)
Start importing Assets/player/player.prefab using Guid(5522acb2762e18e4f8b671ef6d0eaa08) Importer(815301076,1909f56bfc062723c751e8b465ee728b) (PreviewImporter) -> (artifact id: '6bc5d9f032c0af530629af8e5a64dce6') in 0.016884 seconds
Number of updated asset objects reloaded before import = 0Number of asset objects unloaded after import = 35

========================================================================
Received Prepare
Begin MonoManager ReloadAssembly
- Loaded All Assemblies, in  1.548 seconds
Refreshing native plugins compatible for Editor in 1.10 ms, found 3 plugins.
Native extension for Android target not found
Native extension for WindowsStandalone target not found
Mono: successfully reloaded assembly
- Finished resetting the current domain, in  1.575 seconds
Domain Reload Profiling: 3125ms
	BeginReloadAssembly (432ms)
		ExecutionOrderSort (0ms)
		DisableScriptedObjects (41ms)
		BackupInstance (0ms)
		ReleaseScriptingObjects (0ms)
		CreateAndSetChildDomain (116ms)
	RebuildCommonClasses (85ms)
	RebuildNativeTypeToScriptingClass (38ms)
	initialDomainReloadingComplete (51ms)
	LoadAllAssembliesAndSetupDomain (943ms)
		LoadAssemblies (690ms)
		RebuildTransferFunctionScriptingTraits (0ms)
		AnalyzeDomain (462ms)
			TypeCache.Refresh (14ms)
				TypeCache.ScanAssembly (0ms)
			BuildScriptInfoCaches (417ms)
			ResolveRequiredComponents (26ms)
	FinalizeReload (1576ms)
		ReleaseScriptCaches (0ms)
		RebuildScriptCaches (0ms)
		SetupLoadedEditorAssemblies (1163ms)
			LogAssemblyErrors (0ms)
			InitializePlatformSupportModulesInManaged (21ms)
			SetLoadedEditorAssemblies (10ms)
			BeforeProcessingInitializeOnLoad (240ms)
			ProcessInitializeOnLoadAttributes (781ms)
			ProcessInitializeOnLoadMethodAttributes (104ms)
			AfterProcessingInitializeOnLoad (6ms)
			EditorAssembliesLoaded (0ms)
		ExecutionOrderSort2 (0ms)
		AwakeInstancesAfterBackupRestoration (27ms)
Refreshing native plugins compatible for Editor in 1.73 ms, found 3 plugins.
Preloading 0 native plugins for Editor in 0.00 ms.
Unloading 26 Unused Serialized files (Serialized files now loaded: 0)
Unloading 5928 unused Assets / (6.7 MB). Loaded Objects now: 6721.
Memory consumption went from 149.4 MB to 142.8 MB.
Total: 20.816400 ms (FindLiveObjects: 1.319500 ms CreateObjectMapping: 1.140000 ms MarkObjects: 9.893500 ms  DeleteObjects: 8.461000 ms)

Prepare: number of updated asset objects reloaded= 0
========================================================================
Received Import Request.
  Time since last request: 14.561218 seconds.
  path: Assets/player/Explosion.prefab
  artifactKey: Guid(2ac28cbf90b385f4cb7029619d361892) Importer(815301076,1909f56bfc062723c751e8b465ee728b)
Start importing Assets/player/Explosion.prefab using Guid(2ac28cbf90b385f4cb7029619d361892) Importer(815301076,1909f56bfc062723c751e8b465ee728b) (PreviewImporter) -> (artifact id: 'c2e1425fd5791264b584b4ce9b918b93') in 0.9981517 seconds
Number of updated asset objects reloaded before import = 0Number of asset objects unloaded after import = 6

========================================================================
Received Prepare
Refreshing native plugins compatible for Editor in 1.73 ms, found 3 plugins.
Preloading 0 native plugins for Editor in 0.00 ms.
Unloading 26 Unused Serialized files (Serialized files now loaded: 0)
Unloading 26 unused Assets / (3.3 MB). Loaded Objects now: 6862.
Memory consumption went from 152.8 MB to 149.5 MB.
Total: 20.108400 ms (FindLiveObjects: 0.859500 ms CreateObjectMapping: 0.541300 ms MarkObjects: 15.909000 ms  DeleteObjects: 2.796300 ms)

Prepare: number of updated asset objects reloaded= 0
========================================================================
Received Import Request.
  Time since last request: 102.526304 seconds.
  path: Assets/player/Explosion.prefab
  artifactKey: Guid(2ac28cbf90b385f4cb7029619d361892) Importer(815301076,1909f56bfc062723c751e8b465ee728b)
Start importing Assets/player/Explosion.prefab using Guid(2ac28cbf90b385f4cb7029619d361892) Importer(815301076,1909f56bfc062723c751e8b465ee728b) (PreviewImporter) -> (artifact id: 'e2a70ea1f1aa2c5f36e56a53942eeb26') in 0.1250189 seconds
Number of updated asset objects reloaded before import = 0Number of asset objects unloaded after import = 6

========================================================================
Received Import Request.
  Time since last request: 17.440695 seconds.
  path: Assets/player/Explosion.prefab
  artifactKey: Guid(2ac28cbf90b385f4cb7029619d361892) Importer(815301076,1909f56bfc062723c751e8b465ee728b)
Start importing Assets/player/Explosion.prefab using Guid(2ac28cbf90b385f4cb7029619d361892) Importer(815301076,1909f56bfc062723c751e8b465ee728b) (PreviewImporter) -> (artifact id: '4b581333a668e39ef6a3e9ccb2748692') in 0.015341 seconds
Number of updated asset objects reloaded before import = 0Number of asset objects unloaded after import = 6

========================================================================
Received Import Request.
  Time since last request: 2.340451 seconds.
  path: Assets/player/Explosion.prefab
  artifactKey: Guid(2ac28cbf90b385f4cb7029619d361892) Importer(815301076,1909f56bfc062723c751e8b465ee728b)
Start importing Assets/player/Explosion.prefab using Guid(2ac28cbf90b385f4cb7029619d361892) Importer(815301076,1909f56bfc062723c751e8b465ee728b) (PreviewImporter) -> (artifact id: '6380f8d9a2f0c72b29bcf6c46de70d0d') in 0.0135387 seconds
Number of updated asset objects reloaded before import = 0Number of asset objects unloaded after import = 6

========================================================================
Received Import Request.
  Time since last request: 18.851344 seconds.
  path: Assets/player/Explosion.prefab
  artifactKey: Guid(2ac28cbf90b385f4cb7029619d361892) Importer(815301076,1909f56bfc062723c751e8b465ee728b)
Start importing Assets/player/Explosion.prefab using Guid(2ac28cbf90b385f4cb7029619d361892) Importer(815301076,1909f56bfc062723c751e8b465ee728b) (PreviewImporter) -> (artifact id: '68733d1dc6bcb287d1e517fd11854947') in 0.0145891 seconds
Number of updated asset objects reloaded before import = 0Number of asset objects unloaded after import = 6

========================================================================
Received Import Request.
  Time since last request: 7.837683 seconds.
  path: Assets/player/Explosion.prefab
  artifactKey: Guid(2ac28cbf90b385f4cb7029619d361892) Importer(815301076,1909f56bfc062723c751e8b465ee728b)
Start importing Assets/player/Explosion.prefab using Guid(2ac28cbf90b385f4cb7029619d361892) Importer(815301076,1909f56bfc062723c751e8b465ee728b) (PreviewImporter) -> (artifact id: '56a7be38fe126e93a18e0daa8245276a') in 0.0136257 seconds
Number of updated asset objects reloaded before import = 0Number of asset objects unloaded after import = 6

========================================================================
Received Import Request.
  Time since last request: 11.369947 seconds.
  path: Assets/player/Explosion.prefab
  artifactKey: Guid(2ac28cbf90b385f4cb7029619d361892) Importer(815301076,1909f56bfc062723c751e8b465ee728b)
Start importing Assets/player/Explosion.prefab using Guid(2ac28cbf90b385f4cb7029619d361892) Importer(815301076,1909f56bfc062723c751e8b465ee728b) (PreviewImporter) -> (artifact id: '5a2becaf000eb18027346a41c50c9fb5') in 0.0128955 seconds
Number of updated asset objects reloaded before import = 0Number of asset objects unloaded after import = 6

========================================================================
Received Import Request.
  Time since last request: 29.899674 seconds.
  path: Assets/player/Explosion.prefab
  artifactKey: Guid(2ac28cbf90b385f4cb7029619d361892) Importer(815301076,1909f56bfc062723c751e8b465ee728b)
Start importing Assets/player/Explosion.prefab using Guid(2ac28cbf90b385f4cb7029619d361892) Importer(815301076,1909f56bfc062723c751e8b465ee728b) (PreviewImporter) -> (artifact id: '4eaf67a935022e17fb9bcc555681ac7b') in 0.0143482 seconds
Number of updated asset objects reloaded before import = 0Number of asset objects unloaded after import = 6

========================================================================
Received Prepare
Begin MonoManager ReloadAssembly
- Loaded All Assemblies, in  1.540 seconds
Refreshing native plugins compatible for Editor in 1.12 ms, found 3 plugins.
Native extension for Android target not found
Native extension for WindowsStandalone target not found
Mono: successfully reloaded assembly
- Finished resetting the current domain, in  1.575 seconds
Domain Reload Profiling: 3116ms
	BeginReloadAssembly (442ms)
		ExecutionOrderSort (0ms)
		DisableScriptedObjects (45ms)
		BackupInstance (0ms)
		ReleaseScriptingObjects (0ms)
		CreateAndSetChildDomain (104ms)
	RebuildCommonClasses (93ms)
	RebuildNativeTypeToScriptingClass (34ms)
	initialDomainReloadingComplete (52ms)
	LoadAllAssembliesAndSetupDomain (918ms)
		LoadAssemblies (691ms)
		RebuildTransferFunctionScriptingTraits (0ms)
		AnalyzeDomain (447ms)
			TypeCache.Refresh (15ms)
				TypeCache.ScanAssembly (0ms)
			BuildScriptInfoCaches (402ms)
			ResolveRequiredComponents (25ms)
	FinalizeReload (1576ms)
		ReleaseScriptCaches (0ms)
		RebuildScriptCaches (0ms)
		SetupLoadedEditorAssemblies (1166ms)
			LogAssemblyErrors (0ms)
			InitializePlatformSupportModulesInManaged (22ms)
			SetLoadedEditorAssemblies (11ms)
			BeforeProcessingInitializeOnLoad (235ms)
			ProcessInitializeOnLoadAttributes (786ms)
			ProcessInitializeOnLoadMethodAttributes (106ms)
			AfterProcessingInitializeOnLoad (6ms)
			EditorAssembliesLoaded (0ms)
		ExecutionOrderSort2 (0ms)
		AwakeInstancesAfterBackupRestoration (24ms)
Refreshing native plugins compatible for Editor in 1.53 ms, found 3 plugins.
Preloading 0 native plugins for Editor in 0.00 ms.
Unloading 26 Unused Serialized files (Serialized files now loaded: 0)
Unloading 5927 unused Assets / (6.6 MB). Loaded Objects now: 6743.
Memory consumption went from 153.6 MB to 147.0 MB.
Total: 21.521900 ms (FindLiveObjects: 1.364700 ms CreateObjectMapping: 1.524700 ms MarkObjects: 10.182600 ms  DeleteObjects: 8.447700 ms)

Prepare: number of updated asset objects reloaded= 0
========================================================================
Received Import Request.
  Time since last request: 50.351700 seconds.
  path: Assets/player/Explosion.prefab
  artifactKey: Guid(2ac28cbf90b385f4cb7029619d361892) Importer(815301076,1909f56bfc062723c751e8b465ee728b)
Start importing Assets/player/Explosion.prefab using Guid(2ac28cbf90b385f4cb7029619d361892) Importer(815301076,1909f56bfc062723c751e8b465ee728b) (PreviewImporter) -> (artifact id: '05e99828b6e9af89278397c469e3d9b0') in 1.0067298 seconds
Number of updated asset objects reloaded before import = 0Number of asset objects unloaded after import = 6

========================================================================
Received Prepare
Refreshing native plugins compatible for Editor in 1.62 ms, found 3 plugins.
Preloading 0 native plugins for Editor in 0.00 ms.
Unloading 26 Unused Serialized files (Serialized files now loaded: 0)
Unloading 26 unused Assets / (3.3 MB). Loaded Objects now: 6884.
Memory consumption went from 157.0 MB to 153.7 MB.
Total: 24.430100 ms (FindLiveObjects: 1.219800 ms CreateObjectMapping: 0.685600 ms MarkObjects: 19.413300 ms  DeleteObjects: 3.109100 ms)

Prepare: number of updated asset objects reloaded= 0
========================================================================
Received Import Request.
  Time since last request: 11.811181 seconds.
  path: Assets/player/Explosion.prefab
  artifactKey: Guid(2ac28cbf90b385f4cb7029619d361892) Importer(815301076,1909f56bfc062723c751e8b465ee728b)
Start importing Assets/player/Explosion.prefab using Guid(2ac28cbf90b385f4cb7029619d361892) Importer(815301076,1909f56bfc062723c751e8b465ee728b) (PreviewImporter) -> (artifact id: 'cb37aff76d1477bd05ff7ab9199936ae') in 0.1316447 seconds
Number of updated asset objects reloaded before import = 0Number of asset objects unloaded after import = 6

========================================================================
Received Import Request.
  Time since last request: 0.000057 seconds.
  path: Assets/player/player.prefab
  artifactKey: Guid(5522acb2762e18e4f8b671ef6d0eaa08) Importer(815301076,1909f56bfc062723c751e8b465ee728b)
Start importing Assets/player/player.prefab using Guid(5522acb2762e18e4f8b671ef6d0eaa08) Importer(815301076,1909f56bfc062723c751e8b465ee728b) (PreviewImporter) -> (artifact id: '99c4c3dd5e24de67415a973e316c9de8') in 0.1375874 seconds
Number of updated asset objects reloaded before import = 0Number of asset objects unloaded after import = 35

========================================================================
Received Import Request.
  Time since last request: 29.556459 seconds.
  path: Assets/player/Explosion.prefab
  artifactKey: Guid(2ac28cbf90b385f4cb7029619d361892) Importer(815301076,1909f56bfc062723c751e8b465ee728b)
Start importing Assets/player/Explosion.prefab using Guid(2ac28cbf90b385f4cb7029619d361892) Importer(815301076,1909f56bfc062723c751e8b465ee728b) (PreviewImporter) -> (artifact id: '93271b39a09664acf89150944a804dce') in 0.0161257 seconds
Number of updated asset objects reloaded before import = 0Number of asset objects unloaded after import = 6

========================================================================
Received Import Request.
  Time since last request: 19.119332 seconds.
  path: Assets/player/Explosion.prefab
  artifactKey: Guid(2ac28cbf90b385f4cb7029619d361892) Importer(815301076,1909f56bfc062723c751e8b465ee728b)
Start importing Assets/player/Explosion.prefab using Guid(2ac28cbf90b385f4cb7029619d361892) Importer(815301076,1909f56bfc062723c751e8b465ee728b) (PreviewImporter) -> (artifact id: '250acfd513df7ae29f2d9e0a1ee264ce') in 0.0132614 seconds
Number of updated asset objects reloaded before import = 0Number of asset objects unloaded after import = 6

========================================================================
Received Import Request.
  Time since last request: 6.292501 seconds.
  path: Assets/player/Explosion.prefab
  artifactKey: Guid(2ac28cbf90b385f4cb7029619d361892) Importer(815301076,1909f56bfc062723c751e8b465ee728b)
Start importing Assets/player/Explosion.prefab using Guid(2ac28cbf90b385f4cb7029619d361892) Importer(815301076,1909f56bfc062723c751e8b465ee728b) (PreviewImporter) -> (artifact id: 'f25b304a56a70c65e886e6fea025c746') in 0.0143882 seconds
Number of updated asset objects reloaded before import = 0Number of asset objects unloaded after import = 6

========================================================================
Received Import Request.
  Time since last request: 3.407711 seconds.
  path: Assets/player/Explosion.prefab
  artifactKey: Guid(2ac28cbf90b385f4cb7029619d361892) Importer(815301076,1909f56bfc062723c751e8b465ee728b)
Start importing Assets/player/Explosion.prefab using Guid(2ac28cbf90b385f4cb7029619d361892) Importer(815301076,1909f56bfc062723c751e8b465ee728b) (PreviewImporter) -> (artifact id: 'f4439bc5088750490c3e57e862188cc6') in 0.0235912 seconds
Number of updated asset objects reloaded before import = 0Number of asset objects unloaded after import = 6

========================================================================
Received Import Request.
  Time since last request: 51.878791 seconds.
  path: Assets/TextMesh Pro/Fonts/LiberationSans.ttf
  artifactKey: Guid(e3265ab4bf004d28a9537516768c1c75) Importer(815301076,1909f56bfc062723c751e8b465ee728b)
Start importing Assets/TextMesh Pro/Fonts/LiberationSans.ttf using Guid(e3265ab4bf004d28a9537516768c1c75) Importer(815301076,1909f56bfc062723c751e8b465ee728b) (PreviewImporter) -> (artifact id: 'ffa99ec16cc35dc33a8875e7e47764d5') in 0.0948393 seconds
Number of updated asset objects reloaded before import = 0Number of asset objects unloaded after import = 4

========================================================================
Received Import Request.
  Time since last request: 0.000063 seconds.
  path: Assets/TextMesh Pro/Shaders/TMP_SDF-HDRP LIT.shadergraph
  artifactKey: Guid(ca2ed216f98028c4dae6c5224a952b3c) Importer(815301076,1909f56bfc062723c751e8b465ee728b)
Start importing Assets/TextMesh Pro/Shaders/TMP_SDF-HDRP LIT.shadergraph using Guid(ca2ed216f98028c4dae6c5224a952b3c) Importer(815301076,1909f56bfc062723c751e8b465ee728b) (PreviewImporter) -> (artifact id: '0c053d82c87e397eafc8a1e5f76a4f02') in 0.07646 seconds
Number of updated asset objects reloaded before import = 0Number of asset objects unloaded after import = 2

========================================================================
Received Import Request.
  Time since last request: 0.000050 seconds.
  path: Assets/TextMesh Pro/Shaders/TMP_SDF-URP Unlit.shadergraph
  artifactKey: Guid(124c112a6e8f1a54e8b0870e881b56d8) Importer(815301076,1909f56bfc062723c751e8b465ee728b)
Start importing Assets/TextMesh Pro/Shaders/TMP_SDF-URP Unlit.shadergraph using Guid(124c112a6e8f1a54e8b0870e881b56d8) Importer(815301076,1909f56bfc062723c751e8b465ee728b) (PreviewImporter) -> (artifact id: '53791a98aa735ce722ac232da5634985') in 1.5255544 seconds
Number of updated asset objects reloaded before import = 0Number of asset objects unloaded after import = 3

========================================================================
Received Import Request.
  Time since last request: 0.000047 seconds.
  path: Assets/TextMesh Pro/Shaders/TMP_SDF-HDRP UNLIT.shadergraph
  artifactKey: Guid(f63d574838ccfb44f84acc05fed0af48) Importer(815301076,1909f56bfc062723c751e8b465ee728b)
Start importing Assets/TextMesh Pro/Shaders/TMP_SDF-HDRP UNLIT.shadergraph using Guid(f63d574838ccfb44f84acc05fed0af48) Importer(815301076,1909f56bfc062723c751e8b465ee728b) (PreviewImporter) -> (artifact id: '2e8e5856a6458a8348d88cf602ba9333') in 0.012712 seconds
Number of updated asset objects reloaded before import = 0Number of asset objects unloaded after import = 2

========================================================================
Received Import Request.
  Time since last request: 1.792009 seconds.
  path: Assets/player/Explosion.prefab
  artifactKey: Guid(2ac28cbf90b385f4cb7029619d361892) Importer(815301076,1909f56bfc062723c751e8b465ee728b)
Start importing Assets/player/Explosion.prefab using Guid(2ac28cbf90b385f4cb7029619d361892) Importer(815301076,1909f56bfc062723c751e8b465ee728b) (PreviewImporter) -> (artifact id: '58a25e55dba48b5dec42fa72bd5e6c18') in 0.1939891 seconds
Number of updated asset objects reloaded before import = 0Number of asset objects unloaded after import = 6

========================================================================
Received Import Request.
  Time since last request: 0.000062 seconds.
  path: Assets/player/player.prefab
  artifactKey: Guid(5522acb2762e18e4f8b671ef6d0eaa08) Importer(815301076,1909f56bfc062723c751e8b465ee728b)
Start importing Assets/player/player.prefab using Guid(5522acb2762e18e4f8b671ef6d0eaa08) Importer(815301076,1909f56bfc062723c751e8b465ee728b) (PreviewImporter) -> (artifact id: '3c83475823c66b5a438b8c36c7b8562b') in 0.0174383 seconds
Number of updated asset objects reloaded before import = 0Number of asset objects unloaded after import = 35

========================================================================
Received Import Request.
  Time since last request: 0.000066 seconds.
  path: Assets/TextMesh Pro/Shaders/TMP_SDF-URP Lit.shadergraph
  artifactKey: Guid(a3d800b099a06e0478fb790c5e79057a) Importer(815301076,1909f56bfc062723c751e8b465ee728b)
Start importing Assets/TextMesh Pro/Shaders/TMP_SDF-URP Lit.shadergraph using Guid(a3d800b099a06e0478fb790c5e79057a) Importer(815301076,1909f56bfc062723c751e8b465ee728b) (PreviewImporter) -> (artifact id: 'b80cb41b45a2f938ba987b5d5ce1b620') in 3.3270113 seconds
Number of updated asset objects reloaded before import = 0Number of asset objects unloaded after import = 3

========================================================================
Received Import Request.
  Time since last request: 5.793223 seconds.
  path: Assets/player/Explosion.prefab
  artifactKey: Guid(2ac28cbf90b385f4cb7029619d361892) Importer(815301076,1909f56bfc062723c751e8b465ee728b)
Start importing Assets/player/Explosion.prefab using Guid(2ac28cbf90b385f4cb7029619d361892) Importer(815301076,1909f56bfc062723c751e8b465ee728b) (PreviewImporter) -> (artifact id: '46846d77f543cfbe868d3d38cddcfbb1') in 0.0601002 seconds
Number of updated asset objects reloaded before import = 0Number of asset objects unloaded after import = 6

========================================================================
Received Import Request.
  Time since last request: 16.038097 seconds.
  path: Assets/player/Explosion.prefab
  artifactKey: Guid(2ac28cbf90b385f4cb7029619d361892) Importer(815301076,1909f56bfc062723c751e8b465ee728b)
Start importing Assets/player/Explosion.prefab using Guid(2ac28cbf90b385f4cb7029619d361892) Importer(815301076,1909f56bfc062723c751e8b465ee728b) (PreviewImporter) -> (artifact id: '196451c62eb8bfca308a4a3454f32956') in 0.062329 seconds
Number of updated asset objects reloaded before import = 0Number of asset objects unloaded after import = 6

========================================================================
Received Import Request.
  Time since last request: 8.237551 seconds.
  path: Assets/player/Explosion.prefab
  artifactKey: Guid(2ac28cbf90b385f4cb7029619d361892) Importer(815301076,1909f56bfc062723c751e8b465ee728b)
Start importing Assets/player/Explosion.prefab using Guid(2ac28cbf90b385f4cb7029619d361892) Importer(815301076,1909f56bfc062723c751e8b465ee728b) (PreviewImporter) -> (artifact id: '3648d3358055bf0d4d57596cc343fde8') in 0.1410883 seconds
Number of updated asset objects reloaded before import = 0Number of asset objects unloaded after import = 6

========================================================================
Received Import Request.
  Time since last request: 5.274337 seconds.
  path: Assets/player/Explosion.prefab
  artifactKey: Guid(2ac28cbf90b385f4cb7029619d361892) Importer(815301076,1909f56bfc062723c751e8b465ee728b)
Start importing Assets/player/Explosion.prefab using Guid(2ac28cbf90b385f4cb7029619d361892) Importer(815301076,1909f56bfc062723c751e8b465ee728b) (PreviewImporter) -> (artifact id: '8b6b7fdb15931a3a8707b60fdd03cb61') in 0.0607327 seconds
Number of updated asset objects reloaded before import = 0Number of asset objects unloaded after import = 6

========================================================================
Received Import Request.
  Time since last request: 21.685951 seconds.
  path: Assets/player/Explosion.prefab
  artifactKey: Guid(2ac28cbf90b385f4cb7029619d361892) Importer(815301076,1909f56bfc062723c751e8b465ee728b)
Start importing Assets/player/Explosion.prefab using Guid(2ac28cbf90b385f4cb7029619d361892) Importer(815301076,1909f56bfc062723c751e8b465ee728b) (PreviewImporter) -> (artifact id: 'dd5107fa841b7d39410803aed075917a') in 0.0127415 seconds
Number of updated asset objects reloaded before import = 0Number of asset objects unloaded after import = 6

========================================================================
Received Prepare
Begin MonoManager ReloadAssembly
- Loaded All Assemblies, in  1.511 seconds
Refreshing native plugins compatible for Editor in 1.40 ms, found 3 plugins.
Native extension for Android target not found
Native extension for WindowsStandalone target not found
Mono: successfully reloaded assembly
- Finished resetting the current domain, in  1.589 seconds
Domain Reload Profiling: 3101ms
	BeginReloadAssembly (424ms)
		ExecutionOrderSort (0ms)
		DisableScriptedObjects (41ms)
		BackupInstance (0ms)
		ReleaseScriptingObjects (0ms)
		CreateAndSetChildDomain (106ms)
	RebuildCommonClasses (87ms)
	RebuildNativeTypeToScriptingClass (33ms)
	initialDomainReloadingComplete (51ms)
	LoadAllAssembliesAndSetupDomain (916ms)
		LoadAssemblies (675ms)
		RebuildTransferFunctionScriptingTraits (0ms)
		AnalyzeDomain (449ms)
			TypeCache.Refresh (16ms)
				TypeCache.ScanAssembly (0ms)
			BuildScriptInfoCaches (405ms)
			ResolveRequiredComponents (23ms)
	FinalizeReload (1590ms)
		ReleaseScriptCaches (0ms)
		RebuildScriptCaches (0ms)
		SetupLoadedEditorAssemblies (1176ms)
			LogAssemblyErrors (0ms)
			InitializePlatformSupportModulesInManaged (23ms)
			SetLoadedEditorAssemblies (10ms)
			BeforeProcessingInitializeOnLoad (234ms)
			ProcessInitializeOnLoadAttributes (793ms)
			ProcessInitializeOnLoadMethodAttributes (110ms)
			AfterProcessingInitializeOnLoad (6ms)
			EditorAssembliesLoaded (0ms)
		ExecutionOrderSort2 (0ms)
		AwakeInstancesAfterBackupRestoration (23ms)
Refreshing native plugins compatible for Editor in 1.52 ms, found 3 plugins.
Preloading 0 native plugins for Editor in 0.00 ms.
Unloading 28 Unused Serialized files (Serialized files now loaded: 0)
Unloading 5933 unused Assets / (4.8 MB). Loaded Objects now: 6774.
Memory consumption went from 159.6 MB to 154.8 MB.
Total: 18.591400 ms (FindLiveObjects: 1.306600 ms CreateObjectMapping: 1.011600 ms MarkObjects: 9.275900 ms  DeleteObjects: 6.994800 ms)

Prepare: number of updated asset objects reloaded= 0
========================================================================
Received Import Request.
  Time since last request: 15.747769 seconds.
  path: Assets/player/Explosion.prefab
  artifactKey: Guid(2ac28cbf90b385f4cb7029619d361892) Importer(815301076,1909f56bfc062723c751e8b465ee728b)
Start importing Assets/player/Explosion.prefab using Guid(2ac28cbf90b385f4cb7029619d361892) Importer(815301076,1909f56bfc062723c751e8b465ee728b) (PreviewImporter) -> (artifact id: 'd85b98c0bc2472cdbaec7d3b82584dc8') in 1.0467616 seconds
Number of updated asset objects reloaded before import = 0Number of asset objects unloaded after import = 6

========================================================================
Received Prepare
Refreshing native plugins compatible for Editor in 1.58 ms, found 3 plugins.
Preloading 0 native plugins for Editor in 0.00 ms.
Unloading 26 Unused Serialized files (Serialized files now loaded: 0)
Unloading 27 unused Assets / (3.2 MB). Loaded Objects now: 6915.
Memory consumption went from 162.4 MB to 159.1 MB.
Total: 20.379800 ms (FindLiveObjects: 0.850100 ms CreateObjectMapping: 0.522500 ms MarkObjects: 15.085700 ms  DeleteObjects: 3.919000 ms)

Prepare: number of updated asset objects reloaded= 0
========================================================================
Received Import Request.
  Time since last request: 122.179340 seconds.
  path: Assets/player/smoke.prefab
  artifactKey: Guid(3959fcfa2836e8f49931896faf16babd) Importer(815301076,1909f56bfc062723c751e8b465ee728b)
Start importing Assets/player/smoke.prefab using Guid(3959fcfa2836e8f49931896faf16babd) Importer(815301076,1909f56bfc062723c751e8b465ee728b) (PreviewImporter) -> (artifact id: '644b2dce70457787ca1d3636899a0cac') in 0.1159238 seconds
Number of updated asset objects reloaded before import = 0Number of asset objects unloaded after import = 6

========================================================================
Received Prepare
Begin MonoManager ReloadAssembly
- Loaded All Assemblies, in  1.632 seconds
Refreshing native plugins compatible for Editor in 1.16 ms, found 3 plugins.
Native extension for Android target not found
Native extension for WindowsStandalone target not found
Mono: successfully reloaded assembly
- Finished resetting the current domain, in  1.599 seconds
Domain Reload Profiling: 3232ms
	BeginReloadAssembly (480ms)
		ExecutionOrderSort (0ms)
		DisableScriptedObjects (44ms)
		BackupInstance (0ms)
		ReleaseScriptingObjects (0ms)
		CreateAndSetChildDomain (107ms)
	RebuildCommonClasses (109ms)
	RebuildNativeTypeToScriptingClass (35ms)
	initialDomainReloadingComplete (58ms)
	LoadAllAssembliesAndSetupDomain (951ms)
		LoadAssemblies (735ms)
		RebuildTransferFunctionScriptingTraits (0ms)
		AnalyzeDomain (475ms)
			TypeCache.Refresh (22ms)
				TypeCache.ScanAssembly (1ms)
			BuildScriptInfoCaches (421ms)
			ResolveRequiredComponents (26ms)
	FinalizeReload (1599ms)
		ReleaseScriptCaches (0ms)
		RebuildScriptCaches (0ms)
		SetupLoadedEditorAssemblies (1164ms)
			LogAssemblyErrors (0ms)
			InitializePlatformSupportModulesInManaged (23ms)
			SetLoadedEditorAssemblies (9ms)
			BeforeProcessingInitializeOnLoad (231ms)
			ProcessInitializeOnLoadAttributes (785ms)
			ProcessInitializeOnLoadMethodAttributes (109ms)
			AfterProcessingInitializeOnLoad (7ms)
			EditorAssembliesLoaded (0ms)
		ExecutionOrderSort2 (0ms)
		AwakeInstancesAfterBackupRestoration (31ms)
Refreshing native plugins compatible for Editor in 1.59 ms, found 3 plugins.
Preloading 0 native plugins for Editor in 0.00 ms.
Unloading 26 Unused Serialized files (Serialized files now loaded: 0)
Unloading 5927 unused Assets / (6.0 MB). Loaded Objects now: 6796.
Memory consumption went from 163.2 MB to 157.2 MB.
Total: 21.088000 ms (FindLiveObjects: 1.491500 ms CreateObjectMapping: 1.181300 ms MarkObjects: 10.335300 ms  DeleteObjects: 8.077400 ms)

Prepare: number of updated asset objects reloaded= 0
========================================================================
Received Prepare
Begin MonoManager ReloadAssembly
- Loaded All Assemblies, in  1.471 seconds
Refreshing native plugins compatible for Editor in 1.41 ms, found 3 plugins.
Native extension for Android target not found
Native extension for WindowsStandalone target not found
Mono: successfully reloaded assembly
- Finished resetting the current domain, in  1.604 seconds
Domain Reload Profiling: 3077ms
	BeginReloadAssembly (384ms)
		ExecutionOrderSort (0ms)
		DisableScriptedObjects (12ms)
		BackupInstance (0ms)
		ReleaseScriptingObjects (0ms)
		CreateAndSetChildDomain (85ms)
	RebuildCommonClasses (85ms)
	RebuildNativeTypeToScriptingClass (33ms)
	initialDomainReloadingComplete (49ms)
	LoadAllAssembliesAndSetupDomain (922ms)
		LoadAssemblies (687ms)
		RebuildTransferFunctionScriptingTraits (0ms)
		AnalyzeDomain (448ms)
			TypeCache.Refresh (15ms)
				TypeCache.ScanAssembly (0ms)
			BuildScriptInfoCaches (404ms)
			ResolveRequiredComponents (24ms)
	FinalizeReload (1605ms)
		ReleaseScriptCaches (0ms)
		RebuildScriptCaches (0ms)
		SetupLoadedEditorAssemblies (1176ms)
			LogAssemblyErrors (0ms)
			InitializePlatformSupportModulesInManaged (21ms)
			SetLoadedEditorAssemblies (9ms)
			BeforeProcessingInitializeOnLoad (233ms)
			ProcessInitializeOnLoadAttributes (791ms)
			ProcessInitializeOnLoadMethodAttributes (114ms)
			AfterProcessingInitializeOnLoad (6ms)
			EditorAssembliesLoaded (0ms)
		ExecutionOrderSort2 (0ms)
		AwakeInstancesAfterBackupRestoration (26ms)
Refreshing native plugins compatible for Editor in 1.57 ms, found 3 plugins.
Preloading 0 native plugins for Editor in 0.00 ms.
Unloading 26 Unused Serialized files (Serialized files now loaded: 0)
Unloading 5927 unused Assets / (6.7 MB). Loaded Objects now: 6798.
Memory consumption went from 163.0 MB to 156.3 MB.
Total: 22.015100 ms (FindLiveObjects: 1.452200 ms CreateObjectMapping: 1.363900 ms MarkObjects: 10.579300 ms  DeleteObjects: 8.617400 ms)

Prepare: number of updated asset objects reloaded= 0
========================================================================
Received Import Request.
  Time since last request: 230.649223 seconds.
  path: Assets/player/smoke.prefab
  artifactKey: Guid(3959fcfa2836e8f49931896faf16babd) Importer(815301076,1909f56bfc062723c751e8b465ee728b)
Start importing Assets/player/smoke.prefab using Guid(3959fcfa2836e8f49931896faf16babd) Importer(815301076,1909f56bfc062723c751e8b465ee728b) (PreviewImporter) -> (artifact id: 'd603ecd27aa68e3c053f048de311a2c6') in 0.9338432 seconds
Number of updated asset objects reloaded before import = 0Number of asset objects unloaded after import = 6

========================================================================
Received Prepare
Refreshing native plugins compatible for Editor in 2.06 ms, found 3 plugins.
Preloading 0 native plugins for Editor in 0.00 ms.
Unloading 26 Unused Serialized files (Serialized files now loaded: 0)
Unloading 26 unused Assets / (3.3 MB). Loaded Objects now: 6939.
Memory consumption went from 166.6 MB to 163.3 MB.
Total: 21.642200 ms (FindLiveObjects: 1.009600 ms CreateObjectMapping: 0.591800 ms MarkObjects: 16.456900 ms  DeleteObjects: 3.581700 ms)

Prepare: number of updated asset objects reloaded= 0
========================================================================
Received Prepare
Begin MonoManager ReloadAssembly
- Loaded All Assemblies, in  1.630 seconds
Refreshing native plugins compatible for Editor in 1.19 ms, found 3 plugins.
Native extension for Android target not found
Native extension for WindowsStandalone target not found
Mono: successfully reloaded assembly
- Finished resetting the current domain, in  1.598 seconds
Domain Reload Profiling: 3230ms
	BeginReloadAssembly (471ms)
		ExecutionOrderSort (0ms)
		DisableScriptedObjects (47ms)
		BackupInstance (0ms)
		ReleaseScriptingObjects (0ms)
		CreateAndSetChildDomain (103ms)
	RebuildCommonClasses (110ms)
	RebuildNativeTypeToScriptingClass (42ms)
	initialDomainReloadingComplete (55ms)
	LoadAllAssembliesAndSetupDomain (953ms)
		LoadAssemblies (732ms)
		RebuildTransferFunctionScriptingTraits (0ms)
		AnalyzeDomain (469ms)
			TypeCache.Refresh (19ms)
				TypeCache.ScanAssembly (1ms)
			BuildScriptInfoCaches (420ms)
			ResolveRequiredComponents (24ms)
	FinalizeReload (1599ms)
		ReleaseScriptCaches (0ms)
		RebuildScriptCaches (0ms)
		SetupLoadedEditorAssemblies (1158ms)
			LogAssemblyErrors (0ms)
			InitializePlatformSupportModulesInManaged (21ms)
			SetLoadedEditorAssemblies (10ms)
			BeforeProcessingInitializeOnLoad (230ms)
			ProcessInitializeOnLoadAttributes (777ms)
			ProcessInitializeOnLoadMethodAttributes (110ms)
			AfterProcessingInitializeOnLoad (10ms)
			EditorAssembliesLoaded (0ms)
		ExecutionOrderSort2 (0ms)
		AwakeInstancesAfterBackupRestoration (31ms)
Refreshing native plugins compatible for Editor in 1.51 ms, found 3 plugins.
Preloading 0 native plugins for Editor in 0.00 ms.
Unloading 26 Unused Serialized files (Serialized files now loaded: 0)
Unloading 5927 unused Assets / (6.2 MB). Loaded Objects now: 6820.
Memory consumption went from 167.3 MB to 161.1 MB.
Total: 20.103500 ms (FindLiveObjects: 1.241500 ms CreateObjectMapping: 1.149800 ms MarkObjects: 10.321000 ms  DeleteObjects: 7.389100 ms)

Prepare: number of updated asset objects reloaded= 0
========================================================================
Received Import Request.
  Time since last request: 214.452691 seconds.
  path: Assets/player/smoke.prefab
  artifactKey: Guid(3959fcfa2836e8f49931896faf16babd) Importer(815301076,1909f56bfc062723c751e8b465ee728b)
Start importing Assets/player/smoke.prefab using Guid(3959fcfa2836e8f49931896faf16babd) Importer(815301076,1909f56bfc062723c751e8b465ee728b) (PreviewImporter) -> (artifact id: 'b829cf2690e5451d918aa5af046481ad') in 0.9576222 seconds
Number of updated asset objects reloaded before import = 0Number of asset objects unloaded after import = 6

========================================================================
Received Prepare
Begin MonoManager ReloadAssembly
- Loaded All Assemblies, in  1.541 seconds
Refreshing native plugins compatible for Editor in 1.13 ms, found 3 plugins.
Native extension for Android target not found
Native extension for WindowsStandalone target not found
Mono: successfully reloaded assembly
- Finished resetting the current domain, in  1.623 seconds
Domain Reload Profiling: 3165ms
	BeginReloadAssembly (424ms)
		ExecutionOrderSort (0ms)
		DisableScriptedObjects (40ms)
		BackupInstance (0ms)
		ReleaseScriptingObjects (0ms)
		CreateAndSetChildDomain (107ms)
	RebuildCommonClasses (87ms)
	RebuildNativeTypeToScriptingClass (36ms)
	initialDomainReloadingComplete (56ms)
	LoadAllAssembliesAndSetupDomain (939ms)
		LoadAssemblies (696ms)
		RebuildTransferFunctionScriptingTraits (0ms)
		AnalyzeDomain (449ms)
			TypeCache.Refresh (14ms)
				TypeCache.ScanAssembly (0ms)
			BuildScriptInfoCaches (403ms)
			ResolveRequiredComponents (27ms)
	FinalizeReload (1623ms)
		ReleaseScriptCaches (0ms)
		RebuildScriptCaches (0ms)
		SetupLoadedEditorAssemblies (1195ms)
			LogAssemblyErrors (0ms)
			InitializePlatformSupportModulesInManaged (23ms)
			SetLoadedEditorAssemblies (9ms)
			BeforeProcessingInitializeOnLoad (238ms)
			ProcessInitializeOnLoadAttributes (806ms)
			ProcessInitializeOnLoadMethodAttributes (111ms)
			AfterProcessingInitializeOnLoad (8ms)
			EditorAssembliesLoaded (1ms)
		ExecutionOrderSort2 (0ms)
		AwakeInstancesAfterBackupRestoration (29ms)
Refreshing native plugins compatible for Editor in 1.41 ms, found 3 plugins.
Preloading 0 native plugins for Editor in 0.00 ms.
Unloading 26 Unused Serialized files (Serialized files now loaded: 0)
Unloading 5927 unused Assets / (6.2 MB). Loaded Objects now: 6842.
Memory consumption went from 171.5 MB to 165.2 MB.
Total: 18.790400 ms (FindLiveObjects: 1.241800 ms CreateObjectMapping: 0.999500 ms MarkObjects: 9.002800 ms  DeleteObjects: 7.544600 ms)

Prepare: number of updated asset objects reloaded= 0
========================================================================
Received Import Request.
  Time since last request: 25.032367 seconds.
  path: Assets/player/smoke.prefab
  artifactKey: Guid(3959fcfa2836e8f49931896faf16babd) Importer(815301076,1909f56bfc062723c751e8b465ee728b)
Start importing Assets/player/smoke.prefab using Guid(3959fcfa2836e8f49931896faf16babd) Importer(815301076,1909f56bfc062723c751e8b465ee728b) (PreviewImporter) -> (artifact id: '103a2d8b26e9b9ca702817f6f09e918f') in 1.0702132 seconds
Number of updated asset objects reloaded before import = 0Number of asset objects unloaded after import = 6

========================================================================
Received Prepare
Refreshing native plugins compatible for Editor in 1.62 ms, found 3 plugins.
Preloading 0 native plugins for Editor in 0.00 ms.
Unloading 26 Unused Serialized files (Serialized files now loaded: 0)
Unloading 26 unused Assets / (3.2 MB). Loaded Objects now: 6983.
Memory consumption went from 174.8 MB to 171.6 MB.
Total: 23.035600 ms (FindLiveObjects: 0.942900 ms CreateObjectMapping: 0.637800 ms MarkObjects: 17.605100 ms  DeleteObjects: 3.847000 ms)

Prepare: number of updated asset objects reloaded= 0
========================================================================
Received Import Request.
  Time since last request: 97.781351 seconds.
  path: Assets/player/smoke.prefab
  artifactKey: Guid(3959fcfa2836e8f49931896faf16babd) Importer(815301076,1909f56bfc062723c751e8b465ee728b)
Start importing Assets/player/smoke.prefab using Guid(3959fcfa2836e8f49931896faf16babd) Importer(815301076,1909f56bfc062723c751e8b465ee728b) (PreviewImporter) -> (artifact id: '4ac2109358a6495d7febf7108ef35691') in 0.0209164 seconds
Number of updated asset objects reloaded before import = 0Number of asset objects unloaded after import = 6

========================================================================
Received Prepare
Begin MonoManager ReloadAssembly
- Loaded All Assemblies, in  1.544 seconds
Refreshing native plugins compatible for Editor in 1.16 ms, found 3 plugins.
Native extension for Android target not found
Native extension for WindowsStandalone target not found
Mono: successfully reloaded assembly
- Finished resetting the current domain, in  1.627 seconds
Domain Reload Profiling: 3173ms
	BeginReloadAssembly (441ms)
		ExecutionOrderSort (0ms)
		DisableScriptedObjects (42ms)
		BackupInstance (0ms)
		ReleaseScriptingObjects (0ms)
		CreateAndSetChildDomain (111ms)
	RebuildCommonClasses (89ms)
	RebuildNativeTypeToScriptingClass (35ms)
	initialDomainReloadingComplete (60ms)
	LoadAllAssembliesAndSetupDomain (921ms)
		LoadAssemblies (678ms)
		RebuildTransferFunctionScriptingTraits (0ms)
		AnalyzeDomain (454ms)
			TypeCache.Refresh (13ms)
				TypeCache.ScanAssembly (0ms)
			BuildScriptInfoCaches (408ms)
			ResolveRequiredComponents (28ms)
	FinalizeReload (1628ms)
		ReleaseScriptCaches (0ms)
		RebuildScriptCaches (0ms)
		SetupLoadedEditorAssemblies (1177ms)
			LogAssemblyErrors (0ms)
			InitializePlatformSupportModulesInManaged (21ms)
			SetLoadedEditorAssemblies (8ms)
			BeforeProcessingInitializeOnLoad (240ms)
			ProcessInitializeOnLoadAttributes (797ms)
			ProcessInitializeOnLoadMethodAttributes (105ms)
			AfterProcessingInitializeOnLoad (6ms)
			EditorAssembliesLoaded (0ms)
		ExecutionOrderSort2 (0ms)
		AwakeInstancesAfterBackupRestoration (47ms)
Refreshing native plugins compatible for Editor in 1.62 ms, found 3 plugins.
Preloading 0 native plugins for Editor in 0.00 ms.
Unloading 26 Unused Serialized files (Serialized files now loaded: 0)
Unloading 5927 unused Assets / (6.6 MB). Loaded Objects now: 6864.
Memory consumption went from 175.6 MB to 169.0 MB.
Total: 19.946400 ms (FindLiveObjects: 1.470900 ms CreateObjectMapping: 1.259700 ms MarkObjects: 10.085800 ms  DeleteObjects: 7.128100 ms)

Prepare: number of updated asset objects reloaded= 0
========================================================================
Received Import Request.
  Time since last request: 13.600708 seconds.
  path: Assets/player/smoke.prefab
  artifactKey: Guid(3959fcfa2836e8f49931896faf16babd) Importer(815301076,1909f56bfc062723c751e8b465ee728b)
Start importing Assets/player/smoke.prefab using Guid(3959fcfa2836e8f49931896faf16babd) Importer(815301076,1909f56bfc062723c751e8b465ee728b) (PreviewImporter) -> (artifact id: '6a1477004c7f466746444fc7396be955') in 1.0748233 seconds
Number of updated asset objects reloaded before import = 0Number of asset objects unloaded after import = 6

========================================================================
Received Prepare
Refreshing native plugins compatible for Editor in 2.54 ms, found 3 plugins.
Preloading 0 native plugins for Editor in 0.00 ms.
Unloading 26 Unused Serialized files (Serialized files now loaded: 0)
Unloading 26 unused Assets / (3.2 MB). Loaded Objects now: 7005.
Memory consumption went from 179.0 MB to 175.7 MB.
Total: 19.094800 ms (FindLiveObjects: 0.915000 ms CreateObjectMapping: 0.483600 ms MarkObjects: 14.973100 ms  DeleteObjects: 2.721100 ms)

Prepare: number of updated asset objects reloaded= 0
========================================================================
Received Import Request.
  Time since last request: 23.347153 seconds.
  path: Assets/player/smoke.prefab
  artifactKey: Guid(3959fcfa2836e8f49931896faf16babd) Importer(815301076,1909f56bfc062723c751e8b465ee728b)
Start importing Assets/player/smoke.prefab using Guid(3959fcfa2836e8f49931896faf16babd) Importer(815301076,1909f56bfc062723c751e8b465ee728b) (PreviewImporter) -> (artifact id: '10a322efef06ef83dd69ef3539edb52c') in 0.1155289 seconds
Number of updated asset objects reloaded before import = 0Number of asset objects unloaded after import = 6

========================================================================
Received Import Request.
  Time since last request: 24.981568 seconds.
  path: Assets/player/smoke.prefab
  artifactKey: Guid(3959fcfa2836e8f49931896faf16babd) Importer(815301076,1909f56bfc062723c751e8b465ee728b)
Start importing Assets/player/smoke.prefab using Guid(3959fcfa2836e8f49931896faf16babd) Importer(815301076,1909f56bfc062723c751e8b465ee728b) (PreviewImporter) -> (artifact id: '071b75f7e45886a2355098e0a0a8c58e') in 0.0134378 seconds
Number of updated asset objects reloaded before import = 0Number of asset objects unloaded after import = 6

========================================================================
Received Import Request.
  Time since last request: 18.627894 seconds.
  path: Assets/player/smoke.prefab
  artifactKey: Guid(3959fcfa2836e8f49931896faf16babd) Importer(815301076,1909f56bfc062723c751e8b465ee728b)
Start importing Assets/player/smoke.prefab using Guid(3959fcfa2836e8f49931896faf16babd) Importer(815301076,1909f56bfc062723c751e8b465ee728b) (PreviewImporter) -> (artifact id: '21c0769efd50f529da21d55ea462a7d5') in 0.0176473 seconds
Number of updated asset objects reloaded before import = 0Number of asset objects unloaded after import = 6

========================================================================
Received Import Request.
  Time since last request: 48.540045 seconds.
  path: Assets/player/smoke.prefab
  artifactKey: Guid(3959fcfa2836e8f49931896faf16babd) Importer(815301076,1909f56bfc062723c751e8b465ee728b)
Start importing Assets/player/smoke.prefab using Guid(3959fcfa2836e8f49931896faf16babd) Importer(815301076,1909f56bfc062723c751e8b465ee728b) (PreviewImporter) -> (artifact id: '7e4c407092e1fdc09d0f4eee12d07a9f') in 0.0138991 seconds
Number of updated asset objects reloaded before import = 0Number of asset objects unloaded after import = 6

========================================================================
Received Import Request.
  Time since last request: 0.984578 seconds.
  path: Assets/player/smoke.prefab
  artifactKey: Guid(3959fcfa2836e8f49931896faf16babd) Importer(815301076,1909f56bfc062723c751e8b465ee728b)
Start importing Assets/player/smoke.prefab using Guid(3959fcfa2836e8f49931896faf16babd) Importer(815301076,1909f56bfc062723c751e8b465ee728b) (PreviewImporter) -> (artifact id: 'ba304a69ee31d73bace450241ab8062d') in 0.0221973 seconds
Number of updated asset objects reloaded before import = 0Number of asset objects unloaded after import = 6

========================================================================
Received Prepare
Begin MonoManager ReloadAssembly
- Loaded All Assemblies, in  1.618 seconds
Refreshing native plugins compatible for Editor in 1.09 ms, found 3 plugins.
Native extension for Android target not found
Native extension for WindowsStandalone target not found
Mono: successfully reloaded assembly
- Finished resetting the current domain, in  1.565 seconds
Domain Reload Profiling: 3185ms
	BeginReloadAssembly (469ms)
		ExecutionOrderSort (0ms)
		DisableScriptedObjects (41ms)
		BackupInstance (0ms)
		ReleaseScriptingObjects (0ms)
		CreateAndSetChildDomain (115ms)
	RebuildCommonClasses (111ms)
	RebuildNativeTypeToScriptingClass (35ms)
	initialDomainReloadingComplete (55ms)
	LoadAllAssembliesAndSetupDomain (949ms)
		LoadAssemblies (729ms)
		RebuildTransferFunctionScriptingTraits (0ms)
		AnalyzeDomain (460ms)
			TypeCache.Refresh (22ms)
				TypeCache.ScanAssembly (1ms)
			BuildScriptInfoCaches (405ms)
			ResolveRequiredComponents (27ms)
	FinalizeReload (1566ms)
		ReleaseScriptCaches (0ms)
		RebuildScriptCaches (0ms)
		SetupLoadedEditorAssemblies (1147ms)
			LogAssemblyErrors (0ms)
			InitializePlatformSupportModulesInManaged (24ms)
			SetLoadedEditorAssemblies (8ms)
			BeforeProcessingInitializeOnLoad (226ms)
			ProcessInitializeOnLoadAttributes (773ms)
			ProcessInitializeOnLoadMethodAttributes (108ms)
			AfterProcessingInitializeOnLoad (6ms)
			EditorAssembliesLoaded (0ms)
		ExecutionOrderSort2 (0ms)
		AwakeInstancesAfterBackupRestoration (30ms)
Refreshing native plugins compatible for Editor in 1.58 ms, found 3 plugins.
Preloading 0 native plugins for Editor in 0.00 ms.
Unloading 26 Unused Serialized files (Serialized files now loaded: 0)
Unloading 5927 unused Assets / (6.3 MB). Loaded Objects now: 6886.
Memory consumption went from 179.8 MB to 173.4 MB.
Total: 18.841100 ms (FindLiveObjects: 1.242100 ms CreateObjectMapping: 0.995000 ms MarkObjects: 9.559100 ms  DeleteObjects: 7.042900 ms)

Prepare: number of updated asset objects reloaded= 0
========================================================================
Received Prepare
Begin MonoManager ReloadAssembly
- Loaded All Assemblies, in  1.491 seconds
Refreshing native plugins compatible for Editor in 1.44 ms, found 3 plugins.
Native extension for Android target not found
Native extension for WindowsStandalone target not found
Mono: successfully reloaded assembly
- Finished resetting the current domain, in  1.614 seconds
Domain Reload Profiling: 3106ms
	BeginReloadAssembly (396ms)
		ExecutionOrderSort (0ms)
		DisableScriptedObjects (13ms)
		BackupInstance (0ms)
		ReleaseScriptingObjects (0ms)
		CreateAndSetChildDomain (97ms)
	RebuildCommonClasses (86ms)
	RebuildNativeTypeToScriptingClass (33ms)
	initialDomainReloadingComplete (51ms)
	LoadAllAssembliesAndSetupDomain (926ms)
		LoadAssemblies (685ms)
		RebuildTransferFunctionScriptingTraits (0ms)
		AnalyzeDomain (454ms)
			TypeCache.Refresh (15ms)
				TypeCache.ScanAssembly (0ms)
			BuildScriptInfoCaches (409ms)
			ResolveRequiredComponents (25ms)
	FinalizeReload (1615ms)
		ReleaseScriptCaches (0ms)
		RebuildScriptCaches (0ms)
		SetupLoadedEditorAssemblies (1198ms)
			LogAssemblyErrors (0ms)
			InitializePlatformSupportModulesInManaged (22ms)
			SetLoadedEditorAssemblies (9ms)
			BeforeProcessingInitializeOnLoad (236ms)
			ProcessInitializeOnLoadAttributes (815ms)
			ProcessInitializeOnLoadMethodAttributes (107ms)
			AfterProcessingInitializeOnLoad (8ms)
			EditorAssembliesLoaded (0ms)
		ExecutionOrderSort2 (0ms)
		AwakeInstancesAfterBackupRestoration (26ms)
Refreshing native plugins compatible for Editor in 1.34 ms, found 3 plugins.
Preloading 0 native plugins for Editor in 0.00 ms.
Unloading 26 Unused Serialized files (Serialized files now loaded: 0)
Unloading 5927 unused Assets / (6.6 MB). Loaded Objects now: 6888.
Memory consumption went from 179.6 MB to 173.0 MB.
Total: 19.727300 ms (FindLiveObjects: 1.263900 ms CreateObjectMapping: 0.978800 ms MarkObjects: 9.110600 ms  DeleteObjects: 8.371800 ms)

Prepare: number of updated asset objects reloaded= 0
========================================================================
Received Import Request.
  Time since last request: 202.126414 seconds.
  path: Assets/player/smoke.prefab
  artifactKey: Guid(3959fcfa2836e8f49931896faf16babd) Importer(815301076,1909f56bfc062723c751e8b465ee728b)
Start importing Assets/player/smoke.prefab using Guid(3959fcfa2836e8f49931896faf16babd) Importer(815301076,1909f56bfc062723c751e8b465ee728b) (PreviewImporter) -> (artifact id: '9b20c3eb56c4e165f12f5577f86b19ea') in 1.0649203 seconds
Number of updated asset objects reloaded before import = 0Number of asset objects unloaded after import = 6

========================================================================
Received Prepare
Refreshing native plugins compatible for Editor in 2.15 ms, found 3 plugins.
Preloading 0 native plugins for Editor in 0.00 ms.
Unloading 26 Unused Serialized files (Serialized files now loaded: 0)
Unloading 26 unused Assets / (3.3 MB). Loaded Objects now: 7029.
Memory consumption went from 183.1 MB to 179.9 MB.
Total: 22.166000 ms (FindLiveObjects: 0.995700 ms CreateObjectMapping: 0.876800 ms MarkObjects: 16.691000 ms  DeleteObjects: 3.599600 ms)

Prepare: number of updated asset objects reloaded= 0
========================================================================
Received Prepare
Begin MonoManager ReloadAssembly
- Loaded All Assemblies, in  1.564 seconds
Refreshing native plugins compatible for Editor in 1.12 ms, found 3 plugins.
Native extension for Android target not found
Native extension for WindowsStandalone target not found
Mono: successfully reloaded assembly
- Finished resetting the current domain, in  1.620 seconds
Domain Reload Profiling: 3185ms
	BeginReloadAssembly (444ms)
		ExecutionOrderSort (0ms)
		DisableScriptedObjects (47ms)
		BackupInstance (0ms)
		ReleaseScriptingObjects (0ms)
		CreateAndSetChildDomain (115ms)
	RebuildCommonClasses (93ms)
	RebuildNativeTypeToScriptingClass (38ms)
	initialDomainReloadingComplete (55ms)
	LoadAllAssembliesAndSetupDomain (935ms)
		LoadAssemblies (693ms)
		RebuildTransferFunctionScriptingTraits (0ms)
		AnalyzeDomain (455ms)
			TypeCache.Refresh (13ms)
				TypeCache.ScanAssembly (0ms)
			BuildScriptInfoCaches (409ms)
			ResolveRequiredComponents (28ms)
	FinalizeReload (1621ms)
		ReleaseScriptCaches (0ms)
		RebuildScriptCaches (0ms)
		SetupLoadedEditorAssemblies (1177ms)
			LogAssemblyErrors (0ms)
			InitializePlatformSupportModulesInManaged (25ms)
			SetLoadedEditorAssemblies (10ms)
			BeforeProcessingInitializeOnLoad (240ms)
			ProcessInitializeOnLoadAttributes (788ms)
			ProcessInitializeOnLoadMethodAttributes (108ms)
			AfterProcessingInitializeOnLoad (6ms)
			EditorAssembliesLoaded (0ms)
		ExecutionOrderSort2 (0ms)
		AwakeInstancesAfterBackupRestoration (28ms)
Refreshing native plugins compatible for Editor in 1.54 ms, found 3 plugins.
Preloading 0 native plugins for Editor in 0.00 ms.
Unloading 26 Unused Serialized files (Serialized files now loaded: 0)
Unloading 5927 unused Assets / (7.1 MB). Loaded Objects now: 6910.
Memory consumption went from 183.9 MB to 176.8 MB.
Total: 20.629300 ms (FindLiveObjects: 1.277200 ms CreateObjectMapping: 1.052500 ms MarkObjects: 9.753400 ms  DeleteObjects: 8.543700 ms)

Prepare: number of updated asset objects reloaded= 0
========================================================================
Received Prepare
Begin MonoManager ReloadAssembly
- Loaded All Assemblies, in  1.510 seconds
Refreshing native plugins compatible for Editor in 1.22 ms, found 3 plugins.
Native extension for Android target not found
Native extension for WindowsStandalone target not found
Mono: successfully reloaded assembly
- Finished resetting the current domain, in  1.593 seconds
Domain Reload Profiling: 3106ms
	BeginReloadAssembly (396ms)
		ExecutionOrderSort (0ms)
		DisableScriptedObjects (13ms)
		BackupInstance (0ms)
		ReleaseScriptingObjects (0ms)
		CreateAndSetChildDomain (87ms)
	RebuildCommonClasses (92ms)
	RebuildNativeTypeToScriptingClass (33ms)
	initialDomainReloadingComplete (49ms)
	LoadAllAssembliesAndSetupDomain (942ms)
		LoadAssemblies (696ms)
		RebuildTransferFunctionScriptingTraits (0ms)
		AnalyzeDomain (469ms)
			TypeCache.Refresh (15ms)
				TypeCache.ScanAssembly (0ms)
			BuildScriptInfoCaches (424ms)
			ResolveRequiredComponents (25ms)
	FinalizeReload (1594ms)
		ReleaseScriptCaches (0ms)
		RebuildScriptCaches (0ms)
		SetupLoadedEditorAssemblies (1173ms)
			LogAssemblyErrors (0ms)
			InitializePlatformSupportModulesInManaged (21ms)
			SetLoadedEditorAssemblies (8ms)
			BeforeProcessingInitializeOnLoad (235ms)
			ProcessInitializeOnLoadAttributes (800ms)
			ProcessInitializeOnLoadMethodAttributes (103ms)
			AfterProcessingInitializeOnLoad (6ms)
			EditorAssembliesLoaded (0ms)
		ExecutionOrderSort2 (0ms)
		AwakeInstancesAfterBackupRestoration (27ms)
Refreshing native plugins compatible for Editor in 1.61 ms, found 3 plugins.
Preloading 0 native plugins for Editor in 0.00 ms.
Unloading 26 Unused Serialized files (Serialized files now loaded: 0)
Unloading 5927 unused Assets / (6.5 MB). Loaded Objects now: 6912.
Memory consumption went from 183.7 MB to 177.2 MB.
Total: 20.659600 ms (FindLiveObjects: 1.290300 ms CreateObjectMapping: 1.016100 ms MarkObjects: 10.107700 ms  DeleteObjects: 8.243300 ms)

Prepare: number of updated asset objects reloaded= 0
========================================================================
Received Prepare
Refreshing native plugins compatible for Editor in 1.57 ms, found 3 plugins.
Preloading 0 native plugins for Editor in 0.00 ms.
Unloading 26 Unused Serialized files (Serialized files now loaded: 0)
Unloading 26 unused Assets / (3.3 MB). Loaded Objects now: 6912.
Memory consumption went from 179.6 MB to 176.3 MB.
Total: 21.146500 ms (FindLiveObjects: 0.806500 ms CreateObjectMapping: 0.421300 ms MarkObjects: 16.653500 ms  DeleteObjects: 3.262900 ms)

Prepare: number of updated asset objects reloaded= 0
========================================================================
Received Import Request.
  Time since last request: 246.297384 seconds.
  path: Assets/dummy_enemy
  artifactKey: Guid(60a13c5e2d7f6e741b8b09cea5ae882f) Importer(815301076,1909f56bfc062723c751e8b465ee728b)
Start importing Assets/dummy_enemy using Guid(60a13c5e2d7f6e741b8b09cea5ae882f) Importer(815301076,1909f56bfc062723c751e8b465ee728b) (PreviewImporter) -> (artifact id: '58c97549c820fcf92f0df47b63a29f02') in 0.0114734 seconds
Number of updated asset objects reloaded before import = 0Number of asset objects unloaded after import = 0

========================================================================
Received Import Request.
  Time since last request: 0.922523 seconds.
  path: Assets/enemies
  artifactKey: Guid(74df90610578d764ca11e6a1953363fb) Importer(815301076,1909f56bfc062723c751e8b465ee728b)
Start importing Assets/enemies using Guid(74df90610578d764ca11e6a1953363fb) Importer(815301076,1909f56bfc062723c751e8b465ee728b) (PreviewImporter) -> (artifact id: 'f2483abd3f8c8086ec955af90c0602b0') in 0.0009154 seconds
Number of updated asset objects reloaded before import = 0Number of asset objects unloaded after import = 0

========================================================================
Received Import Request.
  Time since last request: 1.711101 seconds.
  path: Assets/enemies/Enemy.cs
  artifactKey: Guid(9a02d2b3ca4ba964c86b13805af1d706) Importer(815301076,1909f56bfc062723c751e8b465ee728b)
Start importing Assets/enemies/Enemy.cs using Guid(9a02d2b3ca4ba964c86b13805af1d706) Importer(815301076,1909f56bfc062723c751e8b465ee728b) (PreviewImporter) -> (artifact id: '90d81ac2179622b8e4798da3675b32f2') in 0.0008309 seconds
Number of updated asset objects reloaded before import = 0Number of asset objects unloaded after import = 0

========================================================================
Received Prepare
Refreshing native plugins compatible for Editor in 1.58 ms, found 3 plugins.
Preloading 0 native plugins for Editor in 0.00 ms.
Unloading 26 Unused Serialized files (Serialized files now loaded: 0)
Unloading 5922 unused Assets / (5.4 MB). Loaded Objects now: 6913.
Memory consumption went from 183.9 MB to 178.5 MB.
Total: 19.547000 ms (FindLiveObjects: 1.364500 ms CreateObjectMapping: 0.980400 ms MarkObjects: 10.390900 ms  DeleteObjects: 6.808500 ms)

Prepare: number of updated asset objects reloaded= 0
========================================================================
Received Import Request.
  Time since last request: 8.529636 seconds.
  path: Assets/dummy_enemy/enemy.prefab
  artifactKey: Guid(1c11203989194f5429f3da43d573df4b) Importer(815301076,1909f56bfc062723c751e8b465ee728b)
Start importing Assets/dummy_enemy/enemy.prefab using Guid(1c11203989194f5429f3da43d573df4b) Importer(815301076,1909f56bfc062723c751e8b465ee728b) (PreviewImporter) -> (artifact id: '917516b8ff9dcf6bc424095a7267096f') in 1.2977491 seconds
Number of updated asset objects reloaded before import = 0Number of asset objects unloaded after import = 28

========================================================================
Received Import Request.
  Time since last request: 5.867436 seconds.
  path: Assets/dummy_enemy/dummy.prefab
  artifactKey: Guid(1c11203989194f5429f3da43d573df4b) Importer(815301076,1909f56bfc062723c751e8b465ee728b)
Start importing Assets/dummy_enemy/dummy.prefab using Guid(1c11203989194f5429f3da43d573df4b) Importer(815301076,1909f56bfc062723c751e8b465ee728b) (PreviewImporter) -> (artifact id: '94f522995aebc227a365a55b09c1d984') in 0.0192263 seconds
Number of updated asset objects reloaded before import = 0Number of asset objects unloaded after import = 28

========================================================================
Received Import Request.
  Time since last request: 1.289722 seconds.
  path: Assets/dummy_enemy/Enemy.cs
  artifactKey: Guid(77ad9e5b54e0e214689d023dcd402326) Importer(815301076,1909f56bfc062723c751e8b465ee728b)
Start importing Assets/dummy_enemy/Enemy.cs using Guid(77ad9e5b54e0e214689d023dcd402326) Importer(815301076,1909f56bfc062723c751e8b465ee728b) (PreviewImporter) -> (artifact id: '0dd74a649987653fe5fa394d2e450f12') in 0.0008178 seconds
Number of updated asset objects reloaded before import = 0Number of asset objects unloaded after import = 0

========================================================================
Received Import Request.
  Time since last request: 16.578852 seconds.
  path: Assets/dummy_enemy/Dummy.cs
  artifactKey: Guid(77ad9e5b54e0e214689d023dcd402326) Importer(815301076,1909f56bfc062723c751e8b465ee728b)
Start importing Assets/dummy_enemy/Dummy.cs using Guid(77ad9e5b54e0e214689d023dcd402326) Importer(815301076,1909f56bfc062723c751e8b465ee728b) (PreviewImporter) -> (artifact id: '8b5be20f95ae3ef74d5504e0edeca09b') in 0.0010605 seconds
Number of updated asset objects reloaded before import = 0Number of asset objects unloaded after import = 0

========================================================================
Received Prepare
Refreshing native plugins compatible for Editor in 1.59 ms, found 3 plugins.
Preloading 0 native plugins for Editor in 0.00 ms.
Unloading 26 Unused Serialized files (Serialized files now loaded: 0)
Unloading 5923 unused Assets / (6.7 MB). Loaded Objects now: 7054.
Memory consumption went from 191.5 MB to 184.8 MB.
Total: 27.225500 ms (FindLiveObjects: 1.317700 ms CreateObjectMapping: 1.649700 ms MarkObjects: 15.329100 ms  DeleteObjects: 8.927000 ms)

Prepare: number of updated asset objects reloaded= 0
========================================================================
Received Import Request.
  Time since last request: 33.350466 seconds.
  path: Assets/dummy_enemy/Dummy.cs
  artifactKey: Guid(77ad9e5b54e0e214689d023dcd402326) Importer(815301076,1909f56bfc062723c751e8b465ee728b)
Start importing Assets/dummy_enemy/Dummy.cs using Guid(77ad9e5b54e0e214689d023dcd402326) Importer(815301076,1909f56bfc062723c751e8b465ee728b) (PreviewImporter) -> (artifact id: '22ce9bd3f78254ade8631ef51bc3a079') in 0.0036727 seconds
Number of updated asset objects reloaded before import = 0Number of asset objects unloaded after import = 0

========================================================================
Received Prepare
Refreshing native plugins compatible for Editor in 2.87 ms, found 3 plugins.
Preloading 0 native plugins for Editor in 0.00 ms.
Unloading 26 Unused Serialized files (Serialized files now loaded: 0)
Unloading 5922 unused Assets / (6.6 MB). Loaded Objects now: 7054.
Memory consumption went from 191.5 MB to 184.9 MB.
Total: 26.745900 ms (FindLiveObjects: 1.595000 ms CreateObjectMapping: 1.719600 ms MarkObjects: 14.522400 ms  DeleteObjects: 8.906700 ms)

Prepare: number of updated asset objects reloaded= 0
========================================================================
Received Import Request.
  Time since last request: 13.513507 seconds.
  path: Assets/dummy_enemy/Dummy.cs
  artifactKey: Guid(77ad9e5b54e0e214689d023dcd402326) Importer(815301076,1909f56bfc062723c751e8b465ee728b)
Start importing Assets/dummy_enemy/Dummy.cs using Guid(77ad9e5b54e0e214689d023dcd402326) Importer(815301076,1909f56bfc062723c751e8b465ee728b) (PreviewImporter) -> (artifact id: '06033e1f5590aaedd9f9e2228351b692') in 0.0032401 seconds
Number of updated asset objects reloaded before import = 0Number of asset objects unloaded after import = 0

========================================================================
Received Prepare
Refreshing native plugins compatible for Editor in 1.58 ms, found 3 plugins.
Preloading 0 native plugins for Editor in 0.00 ms.
Unloading 26 Unused Serialized files (Serialized files now loaded: 0)
Unloading 5922 unused Assets / (7.3 MB). Loaded Objects now: 7054.
Memory consumption went from 191.5 MB to 184.3 MB.
Total: 29.030100 ms (FindLiveObjects: 1.486800 ms CreateObjectMapping: 2.119500 ms MarkObjects: 15.124200 ms  DeleteObjects: 10.297500 ms)

Prepare: number of updated asset objects reloaded= 0
========================================================================
Received Import Request.
  Time since last request: 13.334212 seconds.
  path: Assets/dummy_enemy/Dummy.cs
  artifactKey: Guid(77ad9e5b54e0e214689d023dcd402326) Importer(815301076,1909f56bfc062723c751e8b465ee728b)
Start importing Assets/dummy_enemy/Dummy.cs using Guid(77ad9e5b54e0e214689d023dcd402326) Importer(815301076,1909f56bfc062723c751e8b465ee728b) (PreviewImporter) -> (artifact id: 'fdc1e6499f6f99e77125a6a0975c9f9c') in 0.0032863 seconds
Number of updated asset objects reloaded before import = 0Number of asset objects unloaded after import = 0

========================================================================
Received Prepare
Begin MonoManager ReloadAssembly
- Loaded All Assemblies, in  1.628 seconds
Refreshing native plugins compatible for Editor in 1.19 ms, found 3 plugins.
Native extension for Android target not found
Native extension for WindowsStandalone target not found
Mono: successfully reloaded assembly
- Finished resetting the current domain, in  1.583 seconds
Domain Reload Profiling: 3213ms
	BeginReloadAssembly (477ms)
		ExecutionOrderSort (0ms)
		DisableScriptedObjects (43ms)
		BackupInstance (0ms)
		ReleaseScriptingObjects (0ms)
		CreateAndSetChildDomain (113ms)
	RebuildCommonClasses (111ms)
	RebuildNativeTypeToScriptingClass (40ms)
	initialDomainReloadingComplete (62ms)
	LoadAllAssembliesAndSetupDomain (939ms)
		LoadAssemblies (735ms)
		RebuildTransferFunctionScriptingTraits (0ms)
		AnalyzeDomain (450ms)
			TypeCache.Refresh (20ms)
				TypeCache.ScanAssembly (1ms)
			BuildScriptInfoCaches (402ms)
			ResolveRequiredComponents (23ms)
	FinalizeReload (1584ms)
		ReleaseScriptCaches (0ms)
		RebuildScriptCaches (0ms)
		SetupLoadedEditorAssemblies (1159ms)
			LogAssemblyErrors (0ms)
			InitializePlatformSupportModulesInManaged (23ms)
			SetLoadedEditorAssemblies (11ms)
			BeforeProcessingInitializeOnLoad (234ms)
			ProcessInitializeOnLoadAttributes (777ms)
			ProcessInitializeOnLoadMethodAttributes (105ms)
			AfterProcessingInitializeOnLoad (8ms)
			EditorAssembliesLoaded (0ms)
		ExecutionOrderSort2 (0ms)
		AwakeInstancesAfterBackupRestoration (34ms)
Refreshing native plugins compatible for Editor in 1.22 ms, found 3 plugins.
Preloading 0 native plugins for Editor in 0.00 ms.
Unloading 26 Unused Serialized files (Serialized files now loaded: 0)
Unloading 5928 unused Assets / (6.6 MB). Loaded Objects now: 6935.
Memory consumption went from 188.0 MB to 181.4 MB.
Total: 20.464900 ms (FindLiveObjects: 1.299100 ms CreateObjectMapping: 1.030100 ms MarkObjects: 9.785300 ms  DeleteObjects: 8.348400 ms)

Prepare: number of updated asset objects reloaded= 0
========================================================================
Received Import Request.
  Time since last request: 21.825415 seconds.
  path: Assets/dummy_enemy/Dummy.cs
  artifactKey: Guid(77ad9e5b54e0e214689d023dcd402326) Importer(815301076,1909f56bfc062723c751e8b465ee728b)
Start importing Assets/dummy_enemy/Dummy.cs using Guid(77ad9e5b54e0e214689d023dcd402326) Importer(815301076,1909f56bfc062723c751e8b465ee728b) (PreviewImporter) -> (artifact id: 'fde39a69c7c1f939a53a1b55f3267127') in 0.004871 seconds
Number of updated asset objects reloaded before import = 0Number of asset objects unloaded after import = 0

========================================================================
Received Prepare
Begin MonoManager ReloadAssembly
- Loaded All Assemblies, in  1.466 seconds
Refreshing native plugins compatible for Editor in 1.22 ms, found 3 plugins.
Native extension for Android target not found
Native extension for WindowsStandalone target not found
Mono: successfully reloaded assembly
- Finished resetting the current domain, in  1.604 seconds
Domain Reload Profiling: 3076ms
	BeginReloadAssembly (378ms)
		ExecutionOrderSort (0ms)
		DisableScriptedObjects (13ms)
		BackupInstance (0ms)
		ReleaseScriptingObjects (0ms)
		CreateAndSetChildDomain (84ms)
	RebuildCommonClasses (100ms)
	RebuildNativeTypeToScriptingClass (32ms)
	initialDomainReloadingComplete (52ms)
	LoadAllAssembliesAndSetupDomain (910ms)
		LoadAssemblies (665ms)
		RebuildTransferFunctionScriptingTraits (0ms)
		AnalyzeDomain (451ms)
			TypeCache.Refresh (14ms)
				TypeCache.ScanAssembly (0ms)
			BuildScriptInfoCaches (405ms)
			ResolveRequiredComponents (26ms)
	FinalizeReload (1604ms)
		ReleaseScriptCaches (0ms)
		RebuildScriptCaches (0ms)
		SetupLoadedEditorAssemblies (1164ms)
			LogAssemblyErrors (0ms)
			InitializePlatformSupportModulesInManaged (24ms)
			SetLoadedEditorAssemblies (9ms)
			BeforeProcessingInitializeOnLoad (235ms)
			ProcessInitializeOnLoadAttributes (778ms)
			ProcessInitializeOnLoadMethodAttributes (111ms)
			AfterProcessingInitializeOnLoad (6ms)
			EditorAssembliesLoaded (0ms)
		ExecutionOrderSort2 (0ms)
		AwakeInstancesAfterBackupRestoration (27ms)
Refreshing native plugins compatible for Editor in 1.66 ms, found 3 plugins.
Preloading 0 native plugins for Editor in 0.00 ms.
Unloading 26 Unused Serialized files (Serialized files now loaded: 0)
Unloading 5928 unused Assets / (6.6 MB). Loaded Objects now: 6937.
Memory consumption went from 187.9 MB to 181.3 MB.
Total: 20.827100 ms (FindLiveObjects: 1.288600 ms CreateObjectMapping: 1.007500 ms MarkObjects: 10.046400 ms  DeleteObjects: 8.482400 ms)

Prepare: number of updated asset objects reloaded= 0
========================================================================
Received Import Request.
  Time since last request: 29.447207 seconds.
  path: Assets/dummy_enemy/dummy.prefab
  artifactKey: Guid(1c11203989194f5429f3da43d573df4b) Importer(815301076,1909f56bfc062723c751e8b465ee728b)
Start importing Assets/dummy_enemy/dummy.prefab using Guid(1c11203989194f5429f3da43d573df4b) Importer(815301076,1909f56bfc062723c751e8b465ee728b) (PreviewImporter) -> (artifact id: '75c3cef0946ccd37ff5ae56e5711b535') in 0.9796449 seconds
Number of updated asset objects reloaded before import = 0Number of asset objects unloaded after import = 28

========================================================================
Received Prepare
Refreshing native plugins compatible for Editor in 1.68 ms, found 3 plugins.
Preloading 0 native plugins for Editor in 0.00 ms.
Unloading 26 Unused Serialized files (Serialized files now loaded: 0)
Unloading 27 unused Assets / (3.3 MB). Loaded Objects now: 7078.
Memory consumption went from 191.3 MB to 188.0 MB.
Total: 19.185500 ms (FindLiveObjects: 0.860700 ms CreateObjectMapping: 0.578300 ms MarkObjects: 15.138800 ms  DeleteObjects: 2.605700 ms)

Prepare: number of updated asset objects reloaded= 0
========================================================================
Received Import Request.
  Time since last request: 16.836707 seconds.
  path: Assets/dummy_enemy/dummy.prefab
  artifactKey: Guid(1c11203989194f5429f3da43d573df4b) Importer(815301076,1909f56bfc062723c751e8b465ee728b)
Start importing Assets/dummy_enemy/dummy.prefab using Guid(1c11203989194f5429f3da43d573df4b) Importer(815301076,1909f56bfc062723c751e8b465ee728b) (PreviewImporter) -> (artifact id: '67af23facbe3b5f654a9e7bddbeaa437') in 0.2018197 seconds
Number of updated asset objects reloaded before import = 0Number of asset objects unloaded after import = 19

========================================================================
Received Import Request.
  Time since last request: 3.104289 seconds.
  path: Assets/dummy_enemy/dummy.prefab
  artifactKey: Guid(1c11203989194f5429f3da43d573df4b) Importer(815301076,1909f56bfc062723c751e8b465ee728b)
Start importing Assets/dummy_enemy/dummy.prefab using Guid(1c11203989194f5429f3da43d573df4b) Importer(815301076,1909f56bfc062723c751e8b465ee728b) (PreviewImporter) -> (artifact id: '3bc72183379b88210671ce6ba23ee120') in 0.0110339 seconds
Number of updated asset objects reloaded before import = 0Number of asset objects unloaded after import = 20

========================================================================
Received Import Request.
  Time since last request: 3.696878 seconds.
  path: Assets/bullet/bullet.prefab
  artifactKey: Guid(51b71e0d438d8dc4bac601b0418f1d7c) Importer(815301076,1909f56bfc062723c751e8b465ee728b)
Start importing Assets/bullet/bullet.prefab using Guid(51b71e0d438d8dc4bac601b0418f1d7c) Importer(815301076,1909f56bfc062723c751e8b465ee728b) (PreviewImporter) -> (artifact id: '2c6c264d2b32022d79d275d60aeb1fc9') in 0.0230789 seconds
Number of updated asset objects reloaded before import = 0Number of asset objects unloaded after import = 14

========================================================================
Received Prepare
Begin MonoManager ReloadAssembly
- Loaded All Assemblies, in  1.553 seconds
Refreshing native plugins compatible for Editor in 1.13 ms, found 3 plugins.
Native extension for Android target not found
Native extension for WindowsStandalone target not found
Mono: successfully reloaded assembly
- Finished resetting the current domain, in  1.606 seconds
Domain Reload Profiling: 3161ms
	BeginReloadAssembly (435ms)
		ExecutionOrderSort (0ms)
		DisableScriptedObjects (41ms)
		BackupInstance (0ms)
		ReleaseScriptingObjects (0ms)
		CreateAndSetChildDomain (107ms)
	RebuildCommonClasses (89ms)
	RebuildNativeTypeToScriptingClass (35ms)
	initialDomainReloadingComplete (50ms)
	LoadAllAssembliesAndSetupDomain (945ms)
		LoadAssemblies (698ms)
		RebuildTransferFunctionScriptingTraits (0ms)
		AnalyzeDomain (463ms)
			TypeCache.Refresh (14ms)
				TypeCache.ScanAssembly (0ms)
			BuildScriptInfoCaches (416ms)
			ResolveRequiredComponents (28ms)
	FinalizeReload (1607ms)
		ReleaseScriptCaches (0ms)
		RebuildScriptCaches (0ms)
		SetupLoadedEditorAssemblies (1161ms)
			LogAssemblyErrors (0ms)
			InitializePlatformSupportModulesInManaged (21ms)
			SetLoadedEditorAssemblies (8ms)
			BeforeProcessingInitializeOnLoad (238ms)
			ProcessInitializeOnLoadAttributes (776ms)
			ProcessInitializeOnLoadMethodAttributes (111ms)
			AfterProcessingInitializeOnLoad (6ms)
			EditorAssembliesLoaded (0ms)
		ExecutionOrderSort2 (0ms)
		AwakeInstancesAfterBackupRestoration (30ms)
Refreshing native plugins compatible for Editor in 1.43 ms, found 3 plugins.
Preloading 0 native plugins for Editor in 0.00 ms.
Unloading 26 Unused Serialized files (Serialized files now loaded: 0)
Unloading 5930 unused Assets / (6.5 MB). Loaded Objects now: 6959.
Memory consumption went from 192.2 MB to 185.7 MB.
Total: 19.033500 ms (FindLiveObjects: 1.203300 ms CreateObjectMapping: 0.944300 ms MarkObjects: 9.261900 ms  DeleteObjects: 7.621800 ms)

Prepare: number of updated asset objects reloaded= 0
========================================================================
Received Prepare
Refreshing native plugins compatible for Editor in 1.68 ms, found 3 plugins.
Preloading 0 native plugins for Editor in 0.00 ms.
Unloading 26 Unused Serialized files (Serialized files now loaded: 0)
Unloading 26 unused Assets / (3.3 MB). Loaded Objects now: 6959.
Memory consumption went from 187.9 MB to 184.6 MB.
Total: 16.151900 ms (FindLiveObjects: 0.979700 ms CreateObjectMapping: 0.713800 ms MarkObjects: 11.216200 ms  DeleteObjects: 3.239900 ms)

Prepare: number of updated asset objects reloaded= 0
========================================================================
Received Import Request.
  Time since last request: 305.173506 seconds.
  path: Assets/arena
  artifactKey: Guid(13388785e5fbe7946bd2bfdba9416727) Importer(815301076,1909f56bfc062723c751e8b465ee728b)
Start importing Assets/arena using Guid(13388785e5fbe7946bd2bfdba9416727) Importer(815301076,1909f56bfc062723c751e8b465ee728b) (PreviewImporter) -> (artifact id: '3dfa2e6abf30a420c968b75c2327eaab') in 0.004774 seconds
Number of updated asset objects reloaded before import = 0Number of asset objects unloaded after import = 0

========================================================================
Received Prepare
Refreshing native plugins compatible for Editor in 1.44 ms, found 3 plugins.
Preloading 0 native plugins for Editor in 0.00 ms.
Unloading 26 Unused Serialized files (Serialized files now loaded: 0)
Unloading 5923 unused Assets / (6.7 MB). Loaded Objects now: 6960.
Memory consumption went from 192.2 MB to 185.5 MB.
Total: 25.133200 ms (FindLiveObjects: 1.641300 ms CreateObjectMapping: 1.772100 ms MarkObjects: 12.034200 ms  DeleteObjects: 9.682800 ms)

Prepare: number of updated asset objects reloaded= 0
========================================================================
Received Import Request.
  Time since last request: 15.493930 seconds.
  path: Assets/arena/saveScript.cs
  artifactKey: Guid(24a3bbdc3f46f264c8b8a7fba3283e09) Importer(815301076,1909f56bfc062723c751e8b465ee728b)
Start importing Assets/arena/saveScript.cs using Guid(24a3bbdc3f46f264c8b8a7fba3283e09) Importer(815301076,1909f56bfc062723c751e8b465ee728b) (PreviewImporter) -> (artifact id: 'da0af07baee3ccb6ce9448a368391ca9') in 0.012775 seconds
Number of updated asset objects reloaded before import = 0Number of asset objects unloaded after import = 0

========================================================================
Received Prepare
Begin MonoManager ReloadAssembly
- Loaded All Assemblies, in  1.506 seconds
Refreshing native plugins compatible for Editor in 1.36 ms, found 3 plugins.
Native extension for Android target not found
Native extension for WindowsStandalone target not found
Mono: successfully reloaded assembly
- Finished resetting the current domain, in  1.589 seconds
Domain Reload Profiling: 3097ms
	BeginReloadAssembly (384ms)
		ExecutionOrderSort (0ms)
		DisableScriptedObjects (15ms)
		BackupInstance (0ms)
		ReleaseScriptingObjects (0ms)
		CreateAndSetChildDomain (85ms)
	RebuildCommonClasses (89ms)
	RebuildNativeTypeToScriptingClass (33ms)
	initialDomainReloadingComplete (57ms)
	LoadAllAssembliesAndSetupDomain (943ms)
		LoadAssemblies (672ms)
		RebuildTransferFunctionScriptingTraits (0ms)
		AnalyzeDomain (476ms)
			TypeCache.Refresh (20ms)
				TypeCache.ScanAssembly (1ms)
			BuildScriptInfoCaches (427ms)
			ResolveRequiredComponents (24ms)
	FinalizeReload (1590ms)
		ReleaseScriptCaches (0ms)
		RebuildScriptCaches (0ms)
		SetupLoadedEditorAssemblies (1150ms)
			LogAssemblyErrors (0ms)
			InitializePlatformSupportModulesInManaged (23ms)
			SetLoadedEditorAssemblies (11ms)
			BeforeProcessingInitializeOnLoad (229ms)
			ProcessInitializeOnLoadAttributes (778ms)
			ProcessInitializeOnLoadMethodAttributes (102ms)
			AfterProcessingInitializeOnLoad (7ms)
			EditorAssembliesLoaded (0ms)
		ExecutionOrderSort2 (0ms)
		AwakeInstancesAfterBackupRestoration (31ms)
Refreshing native plugins compatible for Editor in 1.46 ms, found 3 plugins.
Preloading 0 native plugins for Editor in 0.00 ms.
Unloading 26 Unused Serialized files (Serialized files now loaded: 0)
Unloading 5929 unused Assets / (7.1 MB). Loaded Objects now: 6962.
Memory consumption went from 192.0 MB to 185.0 MB.
Total: 22.121500 ms (FindLiveObjects: 1.361100 ms CreateObjectMapping: 1.135200 ms MarkObjects: 10.453400 ms  DeleteObjects: 9.169500 ms)

Prepare: number of updated asset objects reloaded= 0
========================================================================
Received Import Request.
  Time since last request: 15.761256 seconds.
  path: Assets/arena/saveScript.cs
  artifactKey: Guid(24a3bbdc3f46f264c8b8a7fba3283e09) Importer(815301076,1909f56bfc062723c751e8b465ee728b)
Start importing Assets/arena/saveScript.cs using Guid(24a3bbdc3f46f264c8b8a7fba3283e09) Importer(815301076,1909f56bfc062723c751e8b465ee728b) (PreviewImporter) -> (artifact id: '00000000000000000000000000000000') in 0.0046689 seconds
Import Error Code:(4)
Message: Build asset version error: assets/arena/savescript.cs in SourceAssetDB has modification time of '2026-04-09T15:25:57.438422Z' while content on disk has modification time of '2026-04-09T15:26:01.9706472Z'
  ERROR: Build asset version error: assets/arena/savescript.cs in SourceAssetDB has modification time of '2026-04-09T15:25:57.438422Z' while content on disk has modification time of '2026-04-09T15:26:01.9706472Z'
Number of updated asset objects reloaded before import = 0Number of asset objects unloaded after import = 0

========================================================================
Received Import Request.
  Time since last request: 0.000037 seconds.
  path: Assets/arena/saveScript.cs
  artifactKey: Guid(24a3bbdc3f46f264c8b8a7fba3283e09) Importer(815301076,1909f56bfc062723c751e8b465ee728b)
Start importing Assets/arena/saveScript.cs using Guid(24a3bbdc3f46f264c8b8a7fba3283e09) Importer(815301076,1909f56bfc062723c751e8b465ee728b) (PreviewImporter) -> (artifact id: '00000000000000000000000000000000') in 0.0012015 seconds
Import Error Code:(4)
Message: Build asset version error: assets/arena/savescript.cs in SourceAssetDB has modification time of '2026-04-09T15:25:57.438422Z' while content on disk has modification time of '2026-04-09T15:26:01.9706472Z'
  ERROR: Build asset version error: assets/arena/savescript.cs in SourceAssetDB has modification time of '2026-04-09T15:25:57.438422Z' while content on disk has modification time of '2026-04-09T15:26:01.9706472Z'
Number of updated asset objects reloaded before import = 0Number of asset objects unloaded after import = 0

========================================================================
Received Import Request.
  Time since last request: 0.223218 seconds.
  path: Assets/arena/saveScript.cs
  artifactKey: Guid(24a3bbdc3f46f264c8b8a7fba3283e09) Importer(815301076,1909f56bfc062723c751e8b465ee728b)
Start importing Assets/arena/saveScript.cs using Guid(24a3bbdc3f46f264c8b8a7fba3283e09) Importer(815301076,1909f56bfc062723c751e8b465ee728b) (PreviewImporter) -> (artifact id: '00000000000000000000000000000000') in 0.0011308 seconds
Import Error Code:(4)
Message: Build asset version error: assets/arena/savescript.cs in SourceAssetDB has modification time of '2026-04-09T15:25:57.438422Z' while content on disk has modification time of '2026-04-09T15:26:01.9706472Z'
  ERROR: Build asset version error: assets/arena/savescript.cs in SourceAssetDB has modification time of '2026-04-09T15:25:57.438422Z' while content on disk has modification time of '2026-04-09T15:26:01.9706472Z'
Number of updated asset objects reloaded before import = 0Number of asset objects unloaded after import = 0

========================================================================
Received Import Request.
  Time since last request: 0.000025 seconds.
  path: Assets/arena/saveScript.cs
  artifactKey: Guid(24a3bbdc3f46f264c8b8a7fba3283e09) Importer(815301076,1909f56bfc062723c751e8b465ee728b)
Start importing Assets/arena/saveScript.cs using Guid(24a3bbdc3f46f264c8b8a7fba3283e09) Importer(815301076,1909f56bfc062723c751e8b465ee728b) (PreviewImporter) -> (artifact id: '00000000000000000000000000000000') in 0.0010768 seconds
Import Error Code:(4)
Message: Build asset version error: assets/arena/savescript.cs in SourceAssetDB has modification time of '2026-04-09T15:25:57.438422Z' while content on disk has modification time of '2026-04-09T15:26:01.9706472Z'
  ERROR: Build asset version error: assets/arena/savescript.cs in SourceAssetDB has modification time of '2026-04-09T15:25:57.438422Z' while content on disk has modification time of '2026-04-09T15:26:01.9706472Z'
Number of updated asset objects reloaded before import = 0Number of asset objects unloaded after import = 0

========================================================================
Received Import Request.
  Time since last request: 0.000036 seconds.
  path: Assets/arena/saveScript.cs
  artifactKey: Guid(24a3bbdc3f46f264c8b8a7fba3283e09) Importer(815301076,1909f56bfc062723c751e8b465ee728b)
Start importing Assets/arena/saveScript.cs using Guid(24a3bbdc3f46f264c8b8a7fba3283e09) Importer(815301076,1909f56bfc062723c751e8b465ee728b) (PreviewImporter) -> (artifact id: '00000000000000000000000000000000') in 0.0010342 seconds
Import Error Code:(4)
Message: Build asset version error: assets/arena/savescript.cs in SourceAssetDB has modification time of '2026-04-09T15:25:57.438422Z' while content on disk has modification time of '2026-04-09T15:26:01.9706472Z'
  ERROR: Build asset version error: assets/arena/savescript.cs in SourceAssetDB has modification time of '2026-04-09T15:25:57.438422Z' while content on disk has modification time of '2026-04-09T15:26:01.9706472Z'
Number of updated asset objects reloaded before import = 0Number of asset objects unloaded after import = 0

========================================================================
Received Import Request.
  Time since last request: 0.000030 seconds.
  path: Assets/arena/saveScript.cs
  artifactKey: Guid(24a3bbdc3f46f264c8b8a7fba3283e09) Importer(815301076,1909f56bfc062723c751e8b465ee728b)
Start importing Assets/arena/saveScript.cs using Guid(24a3bbdc3f46f264c8b8a7fba3283e09) Importer(815301076,1909f56bfc062723c751e8b465ee728b) (PreviewImporter) -> (artifact id: '00000000000000000000000000000000') in 0.0011235 seconds
Import Error Code:(4)
Message: Build asset version error: assets/arena/savescript.cs in SourceAssetDB has modification time of '2026-04-09T15:25:57.438422Z' while content on disk has modification time of '2026-04-09T15:26:01.9706472Z'
  ERROR: Build asset version error: assets/arena/savescript.cs in SourceAssetDB has modification time of '2026-04-09T15:25:57.438422Z' while content on disk has modification time of '2026-04-09T15:26:01.9706472Z'
Number of updated asset objects reloaded before import = 0Number of asset objects unloaded after import = 0

========================================================================
Received Import Request.
  Time since last request: 0.000044 seconds.
  path: Assets/arena/saveScript.cs
  artifactKey: Guid(24a3bbdc3f46f264c8b8a7fba3283e09) Importer(815301076,1909f56bfc062723c751e8b465ee728b)
Start importing Assets/arena/saveScript.cs using Guid(24a3bbdc3f46f264c8b8a7fba3283e09) Importer(815301076,1909f56bfc062723c751e8b465ee728b) (PreviewImporter) -> (artifact id: '00000000000000000000000000000000') in 0.0009228 seconds
Import Error Code:(4)
Message: Build asset version error: assets/arena/savescript.cs in SourceAssetDB has modification time of '2026-04-09T15:25:57.438422Z' while content on disk has modification time of '2026-04-09T15:26:01.9706472Z'
  ERROR: Build asset version error: assets/arena/savescript.cs in SourceAssetDB has modification time of '2026-04-09T15:25:57.438422Z' while content on disk has modification time of '2026-04-09T15:26:01.9706472Z'
Number of updated asset objects reloaded before import = 0Number of asset objects unloaded after import = 0

========================================================================
Received Import Request.
  Time since last request: 0.000022 seconds.
  path: Assets/arena/saveScript.cs
  artifactKey: Guid(24a3bbdc3f46f264c8b8a7fba3283e09) Importer(815301076,1909f56bfc062723c751e8b465ee728b)
Start importing Assets/arena/saveScript.cs using Guid(24a3bbdc3f46f264c8b8a7fba3283e09) Importer(815301076,1909f56bfc062723c751e8b465ee728b) (PreviewImporter) -> (artifact id: '00000000000000000000000000000000') in 0.0008348 seconds
Import Error Code:(4)
Message: Build asset version error: assets/arena/savescript.cs in SourceAssetDB has modification time of '2026-04-09T15:25:57.438422Z' while content on disk has modification time of '2026-04-09T15:26:01.9706472Z'
  ERROR: Build asset version error: assets/arena/savescript.cs in SourceAssetDB has modification time of '2026-04-09T15:25:57.438422Z' while content on disk has modification time of '2026-04-09T15:26:01.9706472Z'
Number of updated asset objects reloaded before import = 0Number of asset objects unloaded after import = 0

========================================================================
Received Import Request.
  Time since last request: 0.000022 seconds.
  path: Assets/arena/saveScript.cs
  artifactKey: Guid(24a3bbdc3f46f264c8b8a7fba3283e09) Importer(815301076,1909f56bfc062723c751e8b465ee728b)
Start importing Assets/arena/saveScript.cs using Guid(24a3bbdc3f46f264c8b8a7fba3283e09) Importer(815301076,1909f56bfc062723c751e8b465ee728b) (PreviewImporter) -> (artifact id: '00000000000000000000000000000000') in 0.0008355 seconds
Import Error Code:(4)
Message: Build asset version error: assets/arena/savescript.cs in SourceAssetDB has modification time of '2026-04-09T15:25:57.438422Z' while content on disk has modification time of '2026-04-09T15:26:01.9706472Z'
  ERROR: Build asset version error: assets/arena/savescript.cs in SourceAssetDB has modification time of '2026-04-09T15:25:57.438422Z' while content on disk has modification time of '2026-04-09T15:26:01.9706472Z'
Number of updated asset objects reloaded before import = 0Number of asset objects unloaded after import = 0

========================================================================
Received Import Request.
  Time since last request: 0.000022 seconds.
  path: Assets/arena/saveScript.cs
  artifactKey: Guid(24a3bbdc3f46f264c8b8a7fba3283e09) Importer(815301076,1909f56bfc062723c751e8b465ee728b)
Start importing Assets/arena/saveScript.cs using Guid(24a3bbdc3f46f264c8b8a7fba3283e09) Importer(815301076,1909f56bfc062723c751e8b465ee728b) (PreviewImporter) -> (artifact id: '00000000000000000000000000000000') in 0.0007864 seconds
Import Error Code:(4)
Message: Build asset version error: assets/arena/savescript.cs in SourceAssetDB has modification time of '2026-04-09T15:25:57.438422Z' while content on disk has modification time of '2026-04-09T15:26:01.9706472Z'
  ERROR: Build asset version error: assets/arena/savescript.cs in SourceAssetDB has modification time of '2026-04-09T15:25:57.438422Z' while content on disk has modification time of '2026-04-09T15:26:01.9706472Z'
Number of updated asset objects reloaded before import = 0Number of asset objects unloaded after import = 0

========================================================================
Received Import Request.
  Time since last request: 0.000025 seconds.
  path: Assets/arena/saveScript.cs
  artifactKey: Guid(24a3bbdc3f46f264c8b8a7fba3283e09) Importer(815301076,1909f56bfc062723c751e8b465ee728b)
Start importing Assets/arena/saveScript.cs using Guid(24a3bbdc3f46f264c8b8a7fba3283e09) Importer(815301076,1909f56bfc062723c751e8b465ee728b) (PreviewImporter) -> (artifact id: '00000000000000000000000000000000') in 0.0008184 seconds
Import Error Code:(4)
Message: Build asset version error: assets/arena/savescript.cs in SourceAssetDB has modification time of '2026-04-09T15:25:57.438422Z' while content on disk has modification time of '2026-04-09T15:26:01.9706472Z'
  ERROR: Build asset version error: assets/arena/savescript.cs in SourceAssetDB has modification time of '2026-04-09T15:25:57.438422Z' while content on disk has modification time of '2026-04-09T15:26:01.9706472Z'
Number of updated asset objects reloaded before import = 0Number of asset objects unloaded after import = 0

========================================================================
Received Import Request.
  Time since last request: 0.000037 seconds.
  path: Assets/arena/saveScript.cs
  artifactKey: Guid(24a3bbdc3f46f264c8b8a7fba3283e09) Importer(815301076,1909f56bfc062723c751e8b465ee728b)
Start importing Assets/arena/saveScript.cs using Guid(24a3bbdc3f46f264c8b8a7fba3283e09) Importer(815301076,1909f56bfc062723c751e8b465ee728b) (PreviewImporter) -> (artifact id: '00000000000000000000000000000000') in 0.0007757 seconds
Import Error Code:(4)
Message: Build asset version error: assets/arena/savescript.cs in SourceAssetDB has modification time of '2026-04-09T15:25:57.438422Z' while content on disk has modification time of '2026-04-09T15:26:01.9706472Z'
  ERROR: Build asset version error: assets/arena/savescript.cs in SourceAssetDB has modification time of '2026-04-09T15:25:57.438422Z' while content on disk has modification time of '2026-04-09T15:26:01.9706472Z'
Number of updated asset objects reloaded before import = 0Number of asset objects unloaded after import = 0

========================================================================
Received Import Request.
  Time since last request: 0.000033 seconds.
  path: Assets/arena/saveScript.cs
  artifactKey: Guid(24a3bbdc3f46f264c8b8a7fba3283e09) Importer(815301076,1909f56bfc062723c751e8b465ee728b)
Start importing Assets/arena/saveScript.cs using Guid(24a3bbdc3f46f264c8b8a7fba3283e09) Importer(815301076,1909f56bfc062723c751e8b465ee728b) (PreviewImporter) -> (artifact id: '00000000000000000000000000000000') in 0.0008255 seconds
Import Error Code:(4)
Message: Build asset version error: assets/arena/savescript.cs in SourceAssetDB has modification time of '2026-04-09T15:25:57.438422Z' while content on disk has modification time of '2026-04-09T15:26:01.9706472Z'
  ERROR: Build asset version error: assets/arena/savescript.cs in SourceAssetDB has modification time of '2026-04-09T15:25:57.438422Z' while content on disk has modification time of '2026-04-09T15:26:01.9706472Z'
Number of updated asset objects reloaded before import = 0Number of asset objects unloaded after import = 0

========================================================================
Received Import Request.
  Time since last request: 0.000023 seconds.
  path: Assets/arena/saveScript.cs
  artifactKey: Guid(24a3bbdc3f46f264c8b8a7fba3283e09) Importer(815301076,1909f56bfc062723c751e8b465ee728b)
Start importing Assets/arena/saveScript.cs using Guid(24a3bbdc3f46f264c8b8a7fba3283e09) Importer(815301076,1909f56bfc062723c751e8b465ee728b) (PreviewImporter) -> (artifact id: '00000000000000000000000000000000') in 0.0008217 seconds
Import Error Code:(4)
Message: Build asset version error: assets/arena/savescript.cs in SourceAssetDB has modification time of '2026-04-09T15:25:57.438422Z' while content on disk has modification time of '2026-04-09T15:26:01.9706472Z'
  ERROR: Build asset version error: assets/arena/savescript.cs in SourceAssetDB has modification time of '2026-04-09T15:25:57.438422Z' while content on disk has modification time of '2026-04-09T15:26:01.9706472Z'
Number of updated asset objects reloaded before import = 0Number of asset objects unloaded after import = 0

========================================================================
Received Import Request.
  Time since last request: 0.000027 seconds.
  path: Assets/arena/saveScript.cs
  artifactKey: Guid(24a3bbdc3f46f264c8b8a7fba3283e09) Importer(815301076,1909f56bfc062723c751e8b465ee728b)
Start importing Assets/arena/saveScript.cs using Guid(24a3bbdc3f46f264c8b8a7fba3283e09) Importer(815301076,1909f56bfc062723c751e8b465ee728b) (PreviewImporter) -> (artifact id: '00000000000000000000000000000000') in 0.0007923 seconds
Import Error Code:(4)
Message: Build asset version error: assets/arena/savescript.cs in SourceAssetDB has modification time of '2026-04-09T15:25:57.438422Z' while content on disk has modification time of '2026-04-09T15:26:01.9706472Z'
  ERROR: Build asset version error: assets/arena/savescript.cs in SourceAssetDB has modification time of '2026-04-09T15:25:57.438422Z' while content on disk has modification time of '2026-04-09T15:26:01.9706472Z'
Number of updated asset objects reloaded before import = 0Number of asset objects unloaded after import = 0

========================================================================
Received Import Request.
  Time since last request: 0.000025 seconds.
  path: Assets/arena/saveScript.cs
  artifactKey: Guid(24a3bbdc3f46f264c8b8a7fba3283e09) Importer(815301076,1909f56bfc062723c751e8b465ee728b)
Start importing Assets/arena/saveScript.cs using Guid(24a3bbdc3f46f264c8b8a7fba3283e09) Importer(815301076,1909f56bfc062723c751e8b465ee728b) (PreviewImporter) -> (artifact id: '00000000000000000000000000000000') in 0.0007988 seconds
Import Error Code:(4)
Message: Build asset version error: assets/arena/savescript.cs in SourceAssetDB has modification time of '2026-04-09T15:25:57.438422Z' while content on disk has modification time of '2026-04-09T15:26:01.9706472Z'
  ERROR: Build asset version error: assets/arena/savescript.cs in SourceAssetDB has modification time of '2026-04-09T15:25:57.438422Z' while content on disk has modification time of '2026-04-09T15:26:01.9706472Z'
Number of updated asset objects reloaded before import = 0Number of asset objects unloaded after import = 0

========================================================================
Received Import Request.
  Time since last request: 0.000039 seconds.
  path: Assets/arena/saveScript.cs
  artifactKey: Guid(24a3bbdc3f46f264c8b8a7fba3283e09) Importer(815301076,1909f56bfc062723c751e8b465ee728b)
Start importing Assets/arena/saveScript.cs using Guid(24a3bbdc3f46f264c8b8a7fba3283e09) Importer(815301076,1909f56bfc062723c751e8b465ee728b) (PreviewImporter) -> (artifact id: '00000000000000000000000000000000') in 0.0008928 seconds
Import Error Code:(4)
Message: Build asset version error: assets/arena/savescript.cs in SourceAssetDB has modification time of '2026-04-09T15:25:57.438422Z' while content on disk has modification time of '2026-04-09T15:26:01.9706472Z'
  ERROR: Build asset version error: assets/arena/savescript.cs in SourceAssetDB has modification time of '2026-04-09T15:25:57.438422Z' while content on disk has modification time of '2026-04-09T15:26:01.9706472Z'
Number of updated asset objects reloaded before import = 0Number of asset objects unloaded after import = 0

========================================================================
Received Import Request.
  Time since last request: 0.000026 seconds.
  path: Assets/arena/saveScript.cs
  artifactKey: Guid(24a3bbdc3f46f264c8b8a7fba3283e09) Importer(815301076,1909f56bfc062723c751e8b465ee728b)
Start importing Assets/arena/saveScript.cs using Guid(24a3bbdc3f46f264c8b8a7fba3283e09) Importer(815301076,1909f56bfc062723c751e8b465ee728b) (PreviewImporter) -> (artifact id: '00000000000000000000000000000000') in 0.0007937 seconds
Import Error Code:(4)
Message: Build asset version error: assets/arena/savescript.cs in SourceAssetDB has modification time of '2026-04-09T15:25:57.438422Z' while content on disk has modification time of '2026-04-09T15:26:01.9706472Z'
  ERROR: Build asset version error: assets/arena/savescript.cs in SourceAssetDB has modification time of '2026-04-09T15:25:57.438422Z' while content on disk has modification time of '2026-04-09T15:26:01.9706472Z'
Number of updated asset objects reloaded before import = 0Number of asset objects unloaded after import = 0

========================================================================
Received Import Request.
  Time since last request: 0.000021 seconds.
  path: Assets/arena/saveScript.cs
  artifactKey: Guid(24a3bbdc3f46f264c8b8a7fba3283e09) Importer(815301076,1909f56bfc062723c751e8b465ee728b)
Start importing Assets/arena/saveScript.cs using Guid(24a3bbdc3f46f264c8b8a7fba3283e09) Importer(815301076,1909f56bfc062723c751e8b465ee728b) (PreviewImporter) -> (artifact id: '00000000000000000000000000000000') in 0.0007982 seconds
Import Error Code:(4)
Message: Build asset version error: assets/arena/savescript.cs in SourceAssetDB has modification time of '2026-04-09T15:25:57.438422Z' while content on disk has modification time of '2026-04-09T15:26:01.9706472Z'
  ERROR: Build asset version error: assets/arena/savescript.cs in SourceAssetDB has modification time of '2026-04-09T15:25:57.438422Z' while content on disk has modification time of '2026-04-09T15:26:01.9706472Z'
Number of updated asset objects reloaded before import = 0Number of asset objects unloaded after import = 0

========================================================================
Received Import Request.
  Time since last request: 0.000034 seconds.
  path: Assets/arena/saveScript.cs
  artifactKey: Guid(24a3bbdc3f46f264c8b8a7fba3283e09) Importer(815301076,1909f56bfc062723c751e8b465ee728b)
Start importing Assets/arena/saveScript.cs using Guid(24a3bbdc3f46f264c8b8a7fba3283e09) Importer(815301076,1909f56bfc062723c751e8b465ee728b) (PreviewImporter) -> (artifact id: '00000000000000000000000000000000') in 0.0008109 seconds
Import Error Code:(4)
Message: Build asset version error: assets/arena/savescript.cs in SourceAssetDB has modification time of '2026-04-09T15:25:57.438422Z' while content on disk has modification time of '2026-04-09T15:26:01.9706472Z'
  ERROR: Build asset version error: assets/arena/savescript.cs in SourceAssetDB has modification time of '2026-04-09T15:25:57.438422Z' while content on disk has modification time of '2026-04-09T15:26:01.9706472Z'
Number of updated asset objects reloaded before import = 0Number of asset objects unloaded after import = 0

========================================================================
Received Import Request.
  Time since last request: 0.000022 seconds.
  path: Assets/arena/saveScript.cs
  artifactKey: Guid(24a3bbdc3f46f264c8b8a7fba3283e09) Importer(815301076,1909f56bfc062723c751e8b465ee728b)
Start importing Assets/arena/saveScript.cs using Guid(24a3bbdc3f46f264c8b8a7fba3283e09) Importer(815301076,1909f56bfc062723c751e8b465ee728b) (PreviewImporter) -> (artifact id: '00000000000000000000000000000000') in 0.0009095 seconds
Import Error Code:(4)
Message: Build asset version error: assets/arena/savescript.cs in SourceAssetDB has modification time of '2026-04-09T15:25:57.438422Z' while content on disk has modification time of '2026-04-09T15:26:01.9706472Z'
  ERROR: Build asset version error: assets/arena/savescript.cs in SourceAssetDB has modification time of '2026-04-09T15:25:57.438422Z' while content on disk has modification time of '2026-04-09T15:26:01.9706472Z'
Number of updated asset objects reloaded before import = 0Number of asset objects unloaded after import = 0

========================================================================
Received Import Request.
  Time since last request: 0.000027 seconds.
  path: Assets/arena/saveScript.cs
  artifactKey: Guid(24a3bbdc3f46f264c8b8a7fba3283e09) Importer(815301076,1909f56bfc062723c751e8b465ee728b)
Start importing Assets/arena/saveScript.cs using Guid(24a3bbdc3f46f264c8b8a7fba3283e09) Importer(815301076,1909f56bfc062723c751e8b465ee728b) (PreviewImporter) -> (artifact id: '00000000000000000000000000000000') in 0.0008773 seconds
Import Error Code:(4)
Message: Build asset version error: assets/arena/savescript.cs in SourceAssetDB has modification time of '2026-04-09T15:25:57.438422Z' while content on disk has modification time of '2026-04-09T15:26:01.9706472Z'
  ERROR: Build asset version error: assets/arena/savescript.cs in SourceAssetDB has modification time of '2026-04-09T15:25:57.438422Z' while content on disk has modification time of '2026-04-09T15:26:01.9706472Z'
Number of updated asset objects reloaded before import = 0Number of asset objects unloaded after import = 0

========================================================================
Received Import Request.
  Time since last request: 0.000035 seconds.
  path: Assets/arena/saveScript.cs
  artifactKey: Guid(24a3bbdc3f46f264c8b8a7fba3283e09) Importer(815301076,1909f56bfc062723c751e8b465ee728b)
Start importing Assets/arena/saveScript.cs using Guid(24a3bbdc3f46f264c8b8a7fba3283e09) Importer(815301076,1909f56bfc062723c751e8b465ee728b) (PreviewImporter) -> (artifact id: '00000000000000000000000000000000') in 0.0008381 seconds
Import Error Code:(4)
Message: Build asset version error: assets/arena/savescript.cs in SourceAssetDB has modification time of '2026-04-09T15:25:57.438422Z' while content on disk has modification time of '2026-04-09T15:26:01.9706472Z'
  ERROR: Build asset version error: assets/arena/savescript.cs in SourceAssetDB has modification time of '2026-04-09T15:25:57.438422Z' while content on disk has modification time of '2026-04-09T15:26:01.9706472Z'
Number of updated asset objects reloaded before import = 0Number of asset objects unloaded after import = 0

========================================================================
Received Import Request.
  Time since last request: 0.000022 seconds.
  path: Assets/arena/saveScript.cs
  artifactKey: Guid(24a3bbdc3f46f264c8b8a7fba3283e09) Importer(815301076,1909f56bfc062723c751e8b465ee728b)
Start importing Assets/arena/saveScript.cs using Guid(24a3bbdc3f46f264c8b8a7fba3283e09) Importer(815301076,1909f56bfc062723c751e8b465ee728b) (PreviewImporter) -> (artifact id: '00000000000000000000000000000000') in 0.0008093 seconds
Import Error Code:(4)
Message: Build asset version error: assets/arena/savescript.cs in SourceAssetDB has modification time of '2026-04-09T15:25:57.438422Z' while content on disk has modification time of '2026-04-09T15:26:01.9706472Z'
  ERROR: Build asset version error: assets/arena/savescript.cs in SourceAssetDB has modification time of '2026-04-09T15:25:57.438422Z' while content on disk has modification time of '2026-04-09T15:26:01.9706472Z'
Number of updated asset objects reloaded before import = 0Number of asset objects unloaded after import = 0

========================================================================
Received Import Request.
  Time since last request: 0.000021 seconds.
  path: Assets/arena/saveScript.cs
  artifactKey: Guid(24a3bbdc3f46f264c8b8a7fba3283e09) Importer(815301076,1909f56bfc062723c751e8b465ee728b)
Start importing Assets/arena/saveScript.cs using Guid(24a3bbdc3f46f264c8b8a7fba3283e09) Importer(815301076,1909f56bfc062723c751e8b465ee728b) (PreviewImporter) -> (artifact id: '00000000000000000000000000000000') in 0.0008085 seconds
Import Error Code:(4)
Message: Build asset version error: assets/arena/savescript.cs in SourceAssetDB has modification time of '2026-04-09T15:25:57.438422Z' while content on disk has modification time of '2026-04-09T15:26:01.9706472Z'
  ERROR: Build asset version error: assets/arena/savescript.cs in SourceAssetDB has modification time of '2026-04-09T15:25:57.438422Z' while content on disk has modification time of '2026-04-09T15:26:01.9706472Z'
Number of updated asset objects reloaded before import = 0Number of asset objects unloaded after import = 0

========================================================================
Received Import Request.
  Time since last request: 0.000022 seconds.
  path: Assets/arena/saveScript.cs
  artifactKey: Guid(24a3bbdc3f46f264c8b8a7fba3283e09) Importer(815301076,1909f56bfc062723c751e8b465ee728b)
Start importing Assets/arena/saveScript.cs using Guid(24a3bbdc3f46f264c8b8a7fba3283e09) Importer(815301076,1909f56bfc062723c751e8b465ee728b) (PreviewImporter) -> (artifact id: '00000000000000000000000000000000') in 0.0007564 seconds
Import Error Code:(4)
Message: Build asset version error: assets/arena/savescript.cs in SourceAssetDB has modification time of '2026-04-09T15:25:57.438422Z' while content on disk has modification time of '2026-04-09T15:26:01.9706472Z'
  ERROR: Build asset version error: assets/arena/savescript.cs in SourceAssetDB has modification time of '2026-04-09T15:25:57.438422Z' while content on disk has modification time of '2026-04-09T15:26:01.9706472Z'
Number of updated asset objects reloaded before import = 0Number of asset objects unloaded after import = 0

========================================================================
Received Import Request.
  Time since last request: 0.000022 seconds.
  path: Assets/arena/saveScript.cs
  artifactKey: Guid(24a3bbdc3f46f264c8b8a7fba3283e09) Importer(815301076,1909f56bfc062723c751e8b465ee728b)
Start importing Assets/arena/saveScript.cs using Guid(24a3bbdc3f46f264c8b8a7fba3283e09) Importer(815301076,1909f56bfc062723c751e8b465ee728b) (PreviewImporter) -> (artifact id: '00000000000000000000000000000000') in 0.0007576 seconds
Import Error Code:(4)
Message: Build asset version error: assets/arena/savescript.cs in SourceAssetDB has modification time of '2026-04-09T15:25:57.438422Z' while content on disk has modification time of '2026-04-09T15:26:01.9706472Z'
  ERROR: Build asset version error: assets/arena/savescript.cs in SourceAssetDB has modification time of '2026-04-09T15:25:57.438422Z' while content on disk has modification time of '2026-04-09T15:26:01.9706472Z'
Number of updated asset objects reloaded before import = 0Number of asset objects unloaded after import = 0

========================================================================
Received Import Request.
  Time since last request: 0.000025 seconds.
  path: Assets/arena/saveScript.cs
  artifactKey: Guid(24a3bbdc3f46f264c8b8a7fba3283e09) Importer(815301076,1909f56bfc062723c751e8b465ee728b)
Start importing Assets/arena/saveScript.cs using Guid(24a3bbdc3f46f264c8b8a7fba3283e09) Importer(815301076,1909f56bfc062723c751e8b465ee728b) (PreviewImporter) -> (artifact id: '00000000000000000000000000000000') in 0.0007707 seconds
Import Error Code:(4)
Message: Build asset version error: assets/arena/savescript.cs in SourceAssetDB has modification time of '2026-04-09T15:25:57.438422Z' while content on disk has modification time of '2026-04-09T15:26:01.9706472Z'
  ERROR: Build asset version error: assets/arena/savescript.cs in SourceAssetDB has modification time of '2026-04-09T15:25:57.438422Z' while content on disk has modification time of '2026-04-09T15:26:01.9706472Z'
Number of updated asset objects reloaded before import = 0Number of asset objects unloaded after import = 0

========================================================================
Received Import Request.
  Time since last request: 0.000035 seconds.
  path: Assets/arena/saveScript.cs
  artifactKey: Guid(24a3bbdc3f46f264c8b8a7fba3283e09) Importer(815301076,1909f56bfc062723c751e8b465ee728b)
Start importing Assets/arena/saveScript.cs using Guid(24a3bbdc3f46f264c8b8a7fba3283e09) Importer(815301076,1909f56bfc062723c751e8b465ee728b) (PreviewImporter) -> (artifact id: '00000000000000000000000000000000') in 0.0008292 seconds
Import Error Code:(4)
Message: Build asset version error: assets/arena/savescript.cs in SourceAssetDB has modification time of '2026-04-09T15:25:57.438422Z' while content on disk has modification time of '2026-04-09T15:26:01.9706472Z'
  ERROR: Build asset version error: assets/arena/savescript.cs in SourceAssetDB has modification time of '2026-04-09T15:25:57.438422Z' while content on disk has modification time of '2026-04-09T15:26:01.9706472Z'
Number of updated asset objects reloaded before import = 0Number of asset objects unloaded after import = 0

========================================================================
Received Import Request.
  Time since last request: 0.000022 seconds.
  path: Assets/arena/saveScript.cs
  artifactKey: Guid(24a3bbdc3f46f264c8b8a7fba3283e09) Importer(815301076,1909f56bfc062723c751e8b465ee728b)
Start importing Assets/arena/saveScript.cs using Guid(24a3bbdc3f46f264c8b8a7fba3283e09) Importer(815301076,1909f56bfc062723c751e8b465ee728b) (PreviewImporter) -> (artifact id: '00000000000000000000000000000000') in 0.0010074 seconds
Import Error Code:(4)
Message: Build asset version error: assets/arena/savescript.cs in SourceAssetDB has modification time of '2026-04-09T15:25:57.438422Z' while content on disk has modification time of '2026-04-09T15:26:01.9706472Z'
  ERROR: Build asset version error: assets/arena/savescript.cs in SourceAssetDB has modification time of '2026-04-09T15:25:57.438422Z' while content on disk has modification time of '2026-04-09T15:26:01.9706472Z'
Number of updated asset objects reloaded before import = 0Number of asset objects unloaded after import = 0

========================================================================
Received Import Request.
  Time since last request: 0.000023 seconds.
  path: Assets/arena/saveScript.cs
  artifactKey: Guid(24a3bbdc3f46f264c8b8a7fba3283e09) Importer(815301076,1909f56bfc062723c751e8b465ee728b)
Start importing Assets/arena/saveScript.cs using Guid(24a3bbdc3f46f264c8b8a7fba3283e09) Importer(815301076,1909f56bfc062723c751e8b465ee728b) (PreviewImporter) -> (artifact id: '00000000000000000000000000000000') in 0.0008875 seconds
Import Error Code:(4)
Message: Build asset version error: assets/arena/savescript.cs in SourceAssetDB has modification time of '2026-04-09T15:25:57.438422Z' while content on disk has modification time of '2026-04-09T15:26:01.9706472Z'
  ERROR: Build asset version error: assets/arena/savescript.cs in SourceAssetDB has modification time of '2026-04-09T15:25:57.438422Z' while content on disk has modification time of '2026-04-09T15:26:01.9706472Z'
Number of updated asset objects reloaded before import = 0Number of asset objects unloaded after import = 0

========================================================================
Received Import Request.
  Time since last request: 0.000022 seconds.
  path: Assets/arena/saveScript.cs
  artifactKey: Guid(24a3bbdc3f46f264c8b8a7fba3283e09) Importer(815301076,1909f56bfc062723c751e8b465ee728b)
Start importing Assets/arena/saveScript.cs using Guid(24a3bbdc3f46f264c8b8a7fba3283e09) Importer(815301076,1909f56bfc062723c751e8b465ee728b) (PreviewImporter) -> (artifact id: '00000000000000000000000000000000') in 0.0008273 seconds
Import Error Code:(4)
Message: Build asset version error: assets/arena/savescript.cs in SourceAssetDB has modification time of '2026-04-09T15:25:57.438422Z' while content on disk has modification time of '2026-04-09T15:26:01.9706472Z'
  ERROR: Build asset version error: assets/arena/savescript.cs in SourceAssetDB has modification time of '2026-04-09T15:25:57.438422Z' while content on disk has modification time of '2026-04-09T15:26:01.9706472Z'
Number of updated asset objects reloaded before import = 0Number of asset objects unloaded after import = 0

========================================================================
Received Import Request.
  Time since last request: 0.000021 seconds.
  path: Assets/arena/saveScript.cs
  artifactKey: Guid(24a3bbdc3f46f264c8b8a7fba3283e09) Importer(815301076,1909f56bfc062723c751e8b465ee728b)
Start importing Assets/arena/saveScript.cs using Guid(24a3bbdc3f46f264c8b8a7fba3283e09) Importer(815301076,1909f56bfc062723c751e8b465ee728b) (PreviewImporter) -> (artifact id: '00000000000000000000000000000000') in 0.0008339 seconds
Import Error Code:(4)
Message: Build asset version error: assets/arena/savescript.cs in SourceAssetDB has modification time of '2026-04-09T15:25:57.438422Z' while content on disk has modification time of '2026-04-09T15:26:01.9706472Z'
  ERROR: Build asset version error: assets/arena/savescript.cs in SourceAssetDB has modification time of '2026-04-09T15:25:57.438422Z' while content on disk has modification time of '2026-04-09T15:26:01.9706472Z'
Number of updated asset objects reloaded before import = 0Number of asset objects unloaded after import = 0

========================================================================
Received Import Request.
  Time since last request: 0.000027 seconds.
  path: Assets/arena/saveScript.cs
  artifactKey: Guid(24a3bbdc3f46f264c8b8a7fba3283e09) Importer(815301076,1909f56bfc062723c751e8b465ee728b)
Start importing Assets/arena/saveScript.cs using Guid(24a3bbdc3f46f264c8b8a7fba3283e09) Importer(815301076,1909f56bfc062723c751e8b465ee728b) (PreviewImporter) -> (artifact id: '00000000000000000000000000000000') in 0.000779 seconds
Import Error Code:(4)
Message: Build asset version error: assets/arena/savescript.cs in SourceAssetDB has modification time of '2026-04-09T15:25:57.438422Z' while content on disk has modification time of '2026-04-09T15:26:01.9706472Z'
  ERROR: Build asset version error: assets/arena/savescript.cs in SourceAssetDB has modification time of '2026-04-09T15:25:57.438422Z' while content on disk has modification time of '2026-04-09T15:26:01.9706472Z'
Number of updated asset objects reloaded before import = 0Number of asset objects unloaded after import = 0

========================================================================
Received Import Request.
  Time since last request: 0.000035 seconds.
  path: Assets/arena/saveScript.cs
  artifactKey: Guid(24a3bbdc3f46f264c8b8a7fba3283e09) Importer(815301076,1909f56bfc062723c751e8b465ee728b)
Start importing Assets/arena/saveScript.cs using Guid(24a3bbdc3f46f264c8b8a7fba3283e09) Importer(815301076,1909f56bfc062723c751e8b465ee728b) (PreviewImporter) -> (artifact id: '00000000000000000000000000000000') in 0.0007841 seconds
Import Error Code:(4)
Message: Build asset version error: assets/arena/savescript.cs in SourceAssetDB has modification time of '2026-04-09T15:25:57.438422Z' while content on disk has modification time of '2026-04-09T15:26:01.9706472Z'
  ERROR: Build asset version error: assets/arena/savescript.cs in SourceAssetDB has modification time of '2026-04-09T15:25:57.438422Z' while content on disk has modification time of '2026-04-09T15:26:01.9706472Z'
Number of updated asset objects reloaded before import = 0Number of asset objects unloaded after import = 0

========================================================================
Received Import Request.
  Time since last request: 0.000021 seconds.
  path: Assets/arena/saveScript.cs
  artifactKey: Guid(24a3bbdc3f46f264c8b8a7fba3283e09) Importer(815301076,1909f56bfc062723c751e8b465ee728b)
Start importing Assets/arena/saveScript.cs using Guid(24a3bbdc3f46f264c8b8a7fba3283e09) Importer(815301076,1909f56bfc062723c751e8b465ee728b) (PreviewImporter) -> (artifact id: '00000000000000000000000000000000') in 0.0007727 seconds
Import Error Code:(4)
Message: Build asset version error: assets/arena/savescript.cs in SourceAssetDB has modification time of '2026-04-09T15:25:57.438422Z' while content on disk has modification time of '2026-04-09T15:26:01.9706472Z'
  ERROR: Build asset version error: assets/arena/savescript.cs in SourceAssetDB has modification time of '2026-04-09T15:25:57.438422Z' while content on disk has modification time of '2026-04-09T15:26:01.9706472Z'
Number of updated asset objects reloaded before import = 0Number of asset objects unloaded after import = 0

========================================================================
Received Import Request.
  Time since last request: 0.000026 seconds.
  path: Assets/arena/saveScript.cs
  artifactKey: Guid(24a3bbdc3f46f264c8b8a7fba3283e09) Importer(815301076,1909f56bfc062723c751e8b465ee728b)
Start importing Assets/arena/saveScript.cs using Guid(24a3bbdc3f46f264c8b8a7fba3283e09) Importer(815301076,1909f56bfc062723c751e8b465ee728b) (PreviewImporter) -> (artifact id: '00000000000000000000000000000000') in 0.0007568 seconds
Import Error Code:(4)
Message: Build asset version error: assets/arena/savescript.cs in SourceAssetDB has modification time of '2026-04-09T15:25:57.438422Z' while content on disk has modification time of '2026-04-09T15:26:01.9706472Z'
  ERROR: Build asset version error: assets/arena/savescript.cs in SourceAssetDB has modification time of '2026-04-09T15:25:57.438422Z' while content on disk has modification time of '2026-04-09T15:26:01.9706472Z'
Number of updated asset objects reloaded before import = 0Number of asset objects unloaded after import = 0

========================================================================
Received Import Request.
  Time since last request: 0.000022 seconds.
  path: Assets/arena/saveScript.cs
  artifactKey: Guid(24a3bbdc3f46f264c8b8a7fba3283e09) Importer(815301076,1909f56bfc062723c751e8b465ee728b)
Start importing Assets/arena/saveScript.cs using Guid(24a3bbdc3f46f264c8b8a7fba3283e09) Importer(815301076,1909f56bfc062723c751e8b465ee728b) (PreviewImporter) -> (artifact id: '00000000000000000000000000000000') in 0.0007439 seconds
Import Error Code:(4)
Message: Build asset version error: assets/arena/savescript.cs in SourceAssetDB has modification time of '2026-04-09T15:25:57.438422Z' while content on disk has modification time of '2026-04-09T15:26:01.9706472Z'
  ERROR: Build asset version error: assets/arena/savescript.cs in SourceAssetDB has modification time of '2026-04-09T15:25:57.438422Z' while content on disk has modification time of '2026-04-09T15:26:01.9706472Z'
Number of updated asset objects reloaded before import = 0Number of asset objects unloaded after import = 0

========================================================================
Received Import Request.
  Time since last request: 0.000024 seconds.
  path: Assets/arena/saveScript.cs
  artifactKey: Guid(24a3bbdc3f46f264c8b8a7fba3283e09) Importer(815301076,1909f56bfc062723c751e8b465ee728b)
Start importing Assets/arena/saveScript.cs using Guid(24a3bbdc3f46f264c8b8a7fba3283e09) Importer(815301076,1909f56bfc062723c751e8b465ee728b) (PreviewImporter) -> (artifact id: '00000000000000000000000000000000') in 0.0008094 seconds
Import Error Code:(4)
Message: Build asset version error: assets/arena/savescript.cs in SourceAssetDB has modification time of '2026-04-09T15:25:57.438422Z' while content on disk has modification time of '2026-04-09T15:26:01.9706472Z'
  ERROR: Build asset version error: assets/arena/savescript.cs in SourceAssetDB has modification time of '2026-04-09T15:25:57.438422Z' while content on disk has modification time of '2026-04-09T15:26:01.9706472Z'
Number of updated asset objects reloaded before import = 0Number of asset objects unloaded after import = 0

========================================================================
Received Import Request.
  Time since last request: 0.000025 seconds.
  path: Assets/arena/saveScript.cs
  artifactKey: Guid(24a3bbdc3f46f264c8b8a7fba3283e09) Importer(815301076,1909f56bfc062723c751e8b465ee728b)
Start importing Assets/arena/saveScript.cs using Guid(24a3bbdc3f46f264c8b8a7fba3283e09) Importer(815301076,1909f56bfc062723c751e8b465ee728b) (PreviewImporter) -> (artifact id: '00000000000000000000000000000000') in 0.0008219 seconds
Import Error Code:(4)
Message: Build asset version error: assets/arena/savescript.cs in SourceAssetDB has modification time of '2026-04-09T15:25:57.438422Z' while content on disk has modification time of '2026-04-09T15:26:01.9706472Z'
  ERROR: Build asset version error: assets/arena/savescript.cs in SourceAssetDB has modification time of '2026-04-09T15:25:57.438422Z' while content on disk has modification time of '2026-04-09T15:26:01.9706472Z'
Number of updated asset objects reloaded before import = 0Number of asset objects unloaded after import = 0

========================================================================
Received Import Request.
  Time since last request: 0.000034 seconds.
  path: Assets/arena/saveScript.cs
  artifactKey: Guid(24a3bbdc3f46f264c8b8a7fba3283e09) Importer(815301076,1909f56bfc062723c751e8b465ee728b)
Start importing Assets/arena/saveScript.cs using Guid(24a3bbdc3f46f264c8b8a7fba3283e09) Importer(815301076,1909f56bfc062723c751e8b465ee728b) (PreviewImporter) -> (artifact id: '00000000000000000000000000000000') in 0.0008784 seconds
Import Error Code:(4)
Message: Build asset version error: assets/arena/savescript.cs in SourceAssetDB has modification time of '2026-04-09T15:25:57.438422Z' while content on disk has modification time of '2026-04-09T15:26:01.9706472Z'
  ERROR: Build asset version error: assets/arena/savescript.cs in SourceAssetDB has modification time of '2026-04-09T15:25:57.438422Z' while content on disk has modification time of '2026-04-09T15:26:01.9706472Z'
Number of updated asset objects reloaded before import = 0Number of asset objects unloaded after import = 0

========================================================================
Received Import Request.
  Time since last request: 0.000027 seconds.
  path: Assets/arena/saveScript.cs
  artifactKey: Guid(24a3bbdc3f46f264c8b8a7fba3283e09) Importer(815301076,1909f56bfc062723c751e8b465ee728b)
Start importing Assets/arena/saveScript.cs using Guid(24a3bbdc3f46f264c8b8a7fba3283e09) Importer(815301076,1909f56bfc062723c751e8b465ee728b) (PreviewImporter) -> (artifact id: '00000000000000000000000000000000') in 0.0008731 seconds
Import Error Code:(4)
Message: Build asset version error: assets/arena/savescript.cs in SourceAssetDB has modification time of '2026-04-09T15:25:57.438422Z' while content on disk has modification time of '2026-04-09T15:26:01.9706472Z'
  ERROR: Build asset version error: assets/arena/savescript.cs in SourceAssetDB has modification time of '2026-04-09T15:25:57.438422Z' while content on disk has modification time of '2026-04-09T15:26:01.9706472Z'
Number of updated asset objects reloaded before import = 0Number of asset objects unloaded after import = 0

========================================================================
Received Import Request.
  Time since last request: 0.000023 seconds.
  path: Assets/arena/saveScript.cs
  artifactKey: Guid(24a3bbdc3f46f264c8b8a7fba3283e09) Importer(815301076,1909f56bfc062723c751e8b465ee728b)
Start importing Assets/arena/saveScript.cs using Guid(24a3bbdc3f46f264c8b8a7fba3283e09) Importer(815301076,1909f56bfc062723c751e8b465ee728b) (PreviewImporter) -> (artifact id: '00000000000000000000000000000000') in 0.0008535 seconds
Import Error Code:(4)
Message: Build asset version error: assets/arena/savescript.cs in SourceAssetDB has modification time of '2026-04-09T15:25:57.438422Z' while content on disk has modification time of '2026-04-09T15:26:01.9706472Z'
  ERROR: Build asset version error: assets/arena/savescript.cs in SourceAssetDB has modification time of '2026-04-09T15:25:57.438422Z' while content on disk has modification time of '2026-04-09T15:26:01.9706472Z'
Number of updated asset objects reloaded before import = 0Number of asset objects unloaded after import = 0

========================================================================
Received Import Request.
  Time since last request: 0.000022 seconds.
  path: Assets/arena/saveScript.cs
  artifactKey: Guid(24a3bbdc3f46f264c8b8a7fba3283e09) Importer(815301076,1909f56bfc062723c751e8b465ee728b)
Start importing Assets/arena/saveScript.cs using Guid(24a3bbdc3f46f264c8b8a7fba3283e09) Importer(815301076,1909f56bfc062723c751e8b465ee728b) (PreviewImporter) -> (artifact id: '00000000000000000000000000000000') in 0.0007694 seconds
Import Error Code:(4)
Message: Build asset version error: assets/arena/savescript.cs in SourceAssetDB has modification time of '2026-04-09T15:25:57.438422Z' while content on disk has modification time of '2026-04-09T15:26:01.9706472Z'
  ERROR: Build asset version error: assets/arena/savescript.cs in SourceAssetDB has modification time of '2026-04-09T15:25:57.438422Z' while content on disk has modification time of '2026-04-09T15:26:01.9706472Z'
Number of updated asset objects reloaded before import = 0Number of asset objects unloaded after import = 0

========================================================================
Received Import Request.
  Time since last request: 0.000022 seconds.
  path: Assets/arena/saveScript.cs
  artifactKey: Guid(24a3bbdc3f46f264c8b8a7fba3283e09) Importer(815301076,1909f56bfc062723c751e8b465ee728b)
Start importing Assets/arena/saveScript.cs using Guid(24a3bbdc3f46f264c8b8a7fba3283e09) Importer(815301076,1909f56bfc062723c751e8b465ee728b) (PreviewImporter) -> (artifact id: '00000000000000000000000000000000') in 0.0008045 seconds
Import Error Code:(4)
Message: Build asset version error: assets/arena/savescript.cs in SourceAssetDB has modification time of '2026-04-09T15:25:57.438422Z' while content on disk has modification time of '2026-04-09T15:26:01.9706472Z'
  ERROR: Build asset version error: assets/arena/savescript.cs in SourceAssetDB has modification time of '2026-04-09T15:25:57.438422Z' while content on disk has modification time of '2026-04-09T15:26:01.9706472Z'
Number of updated asset objects reloaded before import = 0Number of asset objects unloaded after import = 0

========================================================================
Received Import Request.
  Time since last request: 0.000025 seconds.
  path: Assets/arena/saveScript.cs
  artifactKey: Guid(24a3bbdc3f46f264c8b8a7fba3283e09) Importer(815301076,1909f56bfc062723c751e8b465ee728b)
Start importing Assets/arena/saveScript.cs using Guid(24a3bbdc3f46f264c8b8a7fba3283e09) Importer(815301076,1909f56bfc062723c751e8b465ee728b) (PreviewImporter) -> (artifact id: '00000000000000000000000000000000') in 0.0009773 seconds
Import Error Code:(4)
Message: Build asset version error: assets/arena/savescript.cs in SourceAssetDB has modification time of '2026-04-09T15:25:57.438422Z' while content on disk has modification time of '2026-04-09T15:26:01.9706472Z'
  ERROR: Build asset version error: assets/arena/savescript.cs in SourceAssetDB has modification time of '2026-04-09T15:25:57.438422Z' while content on disk has modification time of '2026-04-09T15:26:01.9706472Z'
Number of updated asset objects reloaded before import = 0Number of asset objects unloaded after import = 0

========================================================================
Received Import Request.
  Time since last request: 0.000035 seconds.
  path: Assets/arena/saveScript.cs
  artifactKey: Guid(24a3bbdc3f46f264c8b8a7fba3283e09) Importer(815301076,1909f56bfc062723c751e8b465ee728b)
Start importing Assets/arena/saveScript.cs using Guid(24a3bbdc3f46f264c8b8a7fba3283e09) Importer(815301076,1909f56bfc062723c751e8b465ee728b) (PreviewImporter) -> (artifact id: '00000000000000000000000000000000') in 0.0007942 seconds
Import Error Code:(4)
Message: Build asset version error: assets/arena/savescript.cs in SourceAssetDB has modification time of '2026-04-09T15:25:57.438422Z' while content on disk has modification time of '2026-04-09T15:26:01.9706472Z'
  ERROR: Build asset version error: assets/arena/savescript.cs in SourceAssetDB has modification time of '2026-04-09T15:25:57.438422Z' while content on disk has modification time of '2026-04-09T15:26:01.9706472Z'
Number of updated asset objects reloaded before import = 0Number of asset objects unloaded after import = 0

========================================================================
Received Import Request.
  Time since last request: 0.000021 seconds.
  path: Assets/arena/saveScript.cs
  artifactKey: Guid(24a3bbdc3f46f264c8b8a7fba3283e09) Importer(815301076,1909f56bfc062723c751e8b465ee728b)
Start importing Assets/arena/saveScript.cs using Guid(24a3bbdc3f46f264c8b8a7fba3283e09) Importer(815301076,1909f56bfc062723c751e8b465ee728b) (PreviewImporter) -> (artifact id: '00000000000000000000000000000000') in 0.0007641 seconds
Import Error Code:(4)
Message: Build asset version error: assets/arena/savescript.cs in SourceAssetDB has modification time of '2026-04-09T15:25:57.438422Z' while content on disk has modification time of '2026-04-09T15:26:01.9706472Z'
  ERROR: Build asset version error: assets/arena/savescript.cs in SourceAssetDB has modification time of '2026-04-09T15:25:57.438422Z' while content on disk has modification time of '2026-04-09T15:26:01.9706472Z'
Number of updated asset objects reloaded before import = 0Number of asset objects unloaded after import = 0

========================================================================
Received Import Request.
  Time since last request: 0.000022 seconds.
  path: Assets/arena/saveScript.cs
  artifactKey: Guid(24a3bbdc3f46f264c8b8a7fba3283e09) Importer(815301076,1909f56bfc062723c751e8b465ee728b)
Start importing Assets/arena/saveScript.cs using Guid(24a3bbdc3f46f264c8b8a7fba3283e09) Importer(815301076,1909f56bfc062723c751e8b465ee728b) (PreviewImporter) -> (artifact id: '00000000000000000000000000000000') in 0.0010172 seconds
Import Error Code:(4)
Message: Build asset version error: assets/arena/savescript.cs in SourceAssetDB has modification time of '2026-04-09T15:25:57.438422Z' while content on disk has modification time of '2026-04-09T15:26:01.9706472Z'
  ERROR: Build asset version error: assets/arena/savescript.cs in SourceAssetDB has modification time of '2026-04-09T15:25:57.438422Z' while content on disk has modification time of '2026-04-09T15:26:01.9706472Z'
Number of updated asset objects reloaded before import = 0Number of asset objects unloaded after import = 0

========================================================================
Received Import Request.
  Time since last request: 0.000022 seconds.
  path: Assets/arena/saveScript.cs
  artifactKey: Guid(24a3bbdc3f46f264c8b8a7fba3283e09) Importer(815301076,1909f56bfc062723c751e8b465ee728b)
Start importing Assets/arena/saveScript.cs using Guid(24a3bbdc3f46f264c8b8a7fba3283e09) Importer(815301076,1909f56bfc062723c751e8b465ee728b) (PreviewImporter) -> (artifact id: '00000000000000000000000000000000') in 0.0008136 seconds
Import Error Code:(4)
Message: Build asset version error: assets/arena/savescript.cs in SourceAssetDB has modification time of '2026-04-09T15:25:57.438422Z' while content on disk has modification time of '2026-04-09T15:26:01.9706472Z'
  ERROR: Build asset version error: assets/arena/savescript.cs in SourceAssetDB has modification time of '2026-04-09T15:25:57.438422Z' while content on disk has modification time of '2026-04-09T15:26:01.9706472Z'
Number of updated asset objects reloaded before import = 0Number of asset objects unloaded after import = 0

========================================================================
Received Import Request.
  Time since last request: 0.000026 seconds.
  path: Assets/arena/saveScript.cs
  artifactKey: Guid(24a3bbdc3f46f264c8b8a7fba3283e09) Importer(815301076,1909f56bfc062723c751e8b465ee728b)
Start importing Assets/arena/saveScript.cs using Guid(24a3bbdc3f46f264c8b8a7fba3283e09) Importer(815301076,1909f56bfc062723c751e8b465ee728b) (PreviewImporter) -> (artifact id: '00000000000000000000000000000000') in 0.0007624 seconds
Import Error Code:(4)
Message: Build asset version error: assets/arena/savescript.cs in SourceAssetDB has modification time of '2026-04-09T15:25:57.438422Z' while content on disk has modification time of '2026-04-09T15:26:01.9706472Z'
  ERROR: Build asset version error: assets/arena/savescript.cs in SourceAssetDB has modification time of '2026-04-09T15:25:57.438422Z' while content on disk has modification time of '2026-04-09T15:26:01.9706472Z'
Number of updated asset objects reloaded before import = 0Number of asset objects unloaded after import = 0

========================================================================
Received Import Request.
  Time since last request: 0.000025 seconds.
  path: Assets/arena/saveScript.cs
  artifactKey: Guid(24a3bbdc3f46f264c8b8a7fba3283e09) Importer(815301076,1909f56bfc062723c751e8b465ee728b)
Start importing Assets/arena/saveScript.cs using Guid(24a3bbdc3f46f264c8b8a7fba3283e09) Importer(815301076,1909f56bfc062723c751e8b465ee728b) (PreviewImporter) -> (artifact id: '00000000000000000000000000000000') in 0.0007985 seconds
Import Error Code:(4)
Message: Build asset version error: assets/arena/savescript.cs in SourceAssetDB has modification time of '2026-04-09T15:25:57.438422Z' while content on disk has modification time of '2026-04-09T15:26:01.9706472Z'
  ERROR: Build asset version error: assets/arena/savescript.cs in SourceAssetDB has modification time of '2026-04-09T15:25:57.438422Z' while content on disk has modification time of '2026-04-09T15:26:01.9706472Z'
Number of updated asset objects reloaded before import = 0Number of asset objects unloaded after import = 0

========================================================================
Received Import Request.
  Time since last request: 0.000034 seconds.
  path: Assets/arena/saveScript.cs
  artifactKey: Guid(24a3bbdc3f46f264c8b8a7fba3283e09) Importer(815301076,1909f56bfc062723c751e8b465ee728b)
Start importing Assets/arena/saveScript.cs using Guid(24a3bbdc3f46f264c8b8a7fba3283e09) Importer(815301076,1909f56bfc062723c751e8b465ee728b) (PreviewImporter) -> (artifact id: '00000000000000000000000000000000') in 0.000819 seconds
Import Error Code:(4)
Message: Build asset version error: assets/arena/savescript.cs in SourceAssetDB has modification time of '2026-04-09T15:25:57.438422Z' while content on disk has modification time of '2026-04-09T15:26:01.9706472Z'
  ERROR: Build asset version error: assets/arena/savescript.cs in SourceAssetDB has modification time of '2026-04-09T15:25:57.438422Z' while content on disk has modification time of '2026-04-09T15:26:01.9706472Z'
Number of updated asset objects reloaded before import = 0Number of asset objects unloaded after import = 0

========================================================================
Received Import Request.
  Time since last request: 0.000022 seconds.
  path: Assets/arena/saveScript.cs
  artifactKey: Guid(24a3bbdc3f46f264c8b8a7fba3283e09) Importer(815301076,1909f56bfc062723c751e8b465ee728b)
Start importing Assets/arena/saveScript.cs using Guid(24a3bbdc3f46f264c8b8a7fba3283e09) Importer(815301076,1909f56bfc062723c751e8b465ee728b) (PreviewImporter) -> (artifact id: '00000000000000000000000000000000') in 0.0008054 seconds
Import Error Code:(4)
Message: Build asset version error: assets/arena/savescript.cs in SourceAssetDB has modification time of '2026-04-09T15:25:57.438422Z' while content on disk has modification time of '2026-04-09T15:26:01.9706472Z'
  ERROR: Build asset version error: assets/arena/savescript.cs in SourceAssetDB has modification time of '2026-04-09T15:25:57.438422Z' while content on disk has modification time of '2026-04-09T15:26:01.9706472Z'
Number of updated asset objects reloaded before import = 0Number of asset objects unloaded after import = 0

========================================================================
Received Import Request.
  Time since last request: 0.000023 seconds.
  path: Assets/arena/saveScript.cs
  artifactKey: Guid(24a3bbdc3f46f264c8b8a7fba3283e09) Importer(815301076,1909f56bfc062723c751e8b465ee728b)
Start importing Assets/arena/saveScript.cs using Guid(24a3bbdc3f46f264c8b8a7fba3283e09) Importer(815301076,1909f56bfc062723c751e8b465ee728b) (PreviewImporter) -> (artifact id: '00000000000000000000000000000000') in 0.000806 seconds
Import Error Code:(4)
Message: Build asset version error: assets/arena/savescript.cs in SourceAssetDB has modification time of '2026-04-09T15:25:57.438422Z' while content on disk has modification time of '2026-04-09T15:26:01.9706472Z'
  ERROR: Build asset version error: assets/arena/savescript.cs in SourceAssetDB has modification time of '2026-04-09T15:25:57.438422Z' while content on disk has modification time of '2026-04-09T15:26:01.9706472Z'
Number of updated asset objects reloaded before import = 0Number of asset objects unloaded after import = 0

========================================================================
Received Import Request.
  Time since last request: 0.000023 seconds.
  path: Assets/arena/saveScript.cs
  artifactKey: Guid(24a3bbdc3f46f264c8b8a7fba3283e09) Importer(815301076,1909f56bfc062723c751e8b465ee728b)
Start importing Assets/arena/saveScript.cs using Guid(24a3bbdc3f46f264c8b8a7fba3283e09) Importer(815301076,1909f56bfc062723c751e8b465ee728b) (PreviewImporter) -> (artifact id: '00000000000000000000000000000000') in 0.0007909 seconds
Import Error Code:(4)
Message: Build asset version error: assets/arena/savescript.cs in SourceAssetDB has modification time of '2026-04-09T15:25:57.438422Z' while content on disk has modification time of '2026-04-09T15:26:01.9706472Z'
  ERROR: Build asset version error: assets/arena/savescript.cs in SourceAssetDB has modification time of '2026-04-09T15:25:57.438422Z' while content on disk has modification time of '2026-04-09T15:26:01.9706472Z'
Number of updated asset objects reloaded before import = 0Number of asset objects unloaded after import = 0

========================================================================
Received Import Request.
  Time since last request: 0.000023 seconds.
  path: Assets/arena/saveScript.cs
  artifactKey: Guid(24a3bbdc3f46f264c8b8a7fba3283e09) Importer(815301076,1909f56bfc062723c751e8b465ee728b)
Start importing Assets/arena/saveScript.cs using Guid(24a3bbdc3f46f264c8b8a7fba3283e09) Importer(815301076,1909f56bfc062723c751e8b465ee728b) (PreviewImporter) -> (artifact id: '00000000000000000000000000000000') in 0.0008605 seconds
Import Error Code:(4)
Message: Build asset version error: assets/arena/savescript.cs in SourceAssetDB has modification time of '2026-04-09T15:25:57.438422Z' while content on disk has modification time of '2026-04-09T15:26:01.9706472Z'
  ERROR: Build asset version error: assets/arena/savescript.cs in SourceAssetDB has modification time of '2026-04-09T15:25:57.438422Z' while content on disk has modification time of '2026-04-09T15:26:01.9706472Z'
Number of updated asset objects reloaded before import = 0Number of asset objects unloaded after import = 0

========================================================================
Received Import Request.
  Time since last request: 0.000024 seconds.
  path: Assets/arena/saveScript.cs
  artifactKey: Guid(24a3bbdc3f46f264c8b8a7fba3283e09) Importer(815301076,1909f56bfc062723c751e8b465ee728b)
Start importing Assets/arena/saveScript.cs using Guid(24a3bbdc3f46f264c8b8a7fba3283e09) Importer(815301076,1909f56bfc062723c751e8b465ee728b) (PreviewImporter) -> (artifact id: '00000000000000000000000000000000') in 0.0007763 seconds
Import Error Code:(4)
Message: Build asset version error: assets/arena/savescript.cs in SourceAssetDB has modification time of '2026-04-09T15:25:57.438422Z' while content on disk has modification time of '2026-04-09T15:26:01.9706472Z'
  ERROR: Build asset version error: assets/arena/savescript.cs in SourceAssetDB has modification time of '2026-04-09T15:25:57.438422Z' while content on disk has modification time of '2026-04-09T15:26:01.9706472Z'
Number of updated asset objects reloaded before import = 0Number of asset objects unloaded after import = 0

========================================================================
Received Import Request.
  Time since last request: 0.000035 seconds.
  path: Assets/arena/saveScript.cs
  artifactKey: Guid(24a3bbdc3f46f264c8b8a7fba3283e09) Importer(815301076,1909f56bfc062723c751e8b465ee728b)
Start importing Assets/arena/saveScript.cs using Guid(24a3bbdc3f46f264c8b8a7fba3283e09) Importer(815301076,1909f56bfc062723c751e8b465ee728b) (PreviewImporter) -> (artifact id: '00000000000000000000000000000000') in 0.0007787 seconds
Import Error Code:(4)
Message: Build asset version error: assets/arena/savescript.cs in SourceAssetDB has modification time of '2026-04-09T15:25:57.438422Z' while content on disk has modification time of '2026-04-09T15:26:01.9706472Z'
  ERROR: Build asset version error: assets/arena/savescript.cs in SourceAssetDB has modification time of '2026-04-09T15:25:57.438422Z' while content on disk has modification time of '2026-04-09T15:26:01.9706472Z'
Number of updated asset objects reloaded before import = 0Number of asset objects unloaded after import = 0

========================================================================
Received Import Request.
  Time since last request: 0.000022 seconds.
  path: Assets/arena/saveScript.cs
  artifactKey: Guid(24a3bbdc3f46f264c8b8a7fba3283e09) Importer(815301076,1909f56bfc062723c751e8b465ee728b)
Start importing Assets/arena/saveScript.cs using Guid(24a3bbdc3f46f264c8b8a7fba3283e09) Importer(815301076,1909f56bfc062723c751e8b465ee728b) (PreviewImporter) -> (artifact id: '00000000000000000000000000000000') in 0.0010379 seconds
Import Error Code:(4)
Message: Build asset version error: assets/arena/savescript.cs in SourceAssetDB has modification time of '2026-04-09T15:25:57.438422Z' while content on disk has modification time of '2026-04-09T15:26:01.9706472Z'
  ERROR: Build asset version error: assets/arena/savescript.cs in SourceAssetDB has modification time of '2026-04-09T15:25:57.438422Z' while content on disk has modification time of '2026-04-09T15:26:01.9706472Z'
Number of updated asset objects reloaded before import = 0Number of asset objects unloaded after import = 0

========================================================================
Received Import Request.
  Time since last request: 0.000021 seconds.
  path: Assets/arena/saveScript.cs
  artifactKey: Guid(24a3bbdc3f46f264c8b8a7fba3283e09) Importer(815301076,1909f56bfc062723c751e8b465ee728b)
Start importing Assets/arena/saveScript.cs using Guid(24a3bbdc3f46f264c8b8a7fba3283e09) Importer(815301076,1909f56bfc062723c751e8b465ee728b) (PreviewImporter) -> (artifact id: '00000000000000000000000000000000') in 0.0007434 seconds
Import Error Code:(4)
Message: Build asset version error: assets/arena/savescript.cs in SourceAssetDB has modification time of '2026-04-09T15:25:57.438422Z' while content on disk has modification time of '2026-04-09T15:26:01.9706472Z'
  ERROR: Build asset version error: assets/arena/savescript.cs in SourceAssetDB has modification time of '2026-04-09T15:25:57.438422Z' while content on disk has modification time of '2026-04-09T15:26:01.9706472Z'
Number of updated asset objects reloaded before import = 0Number of asset objects unloaded after import = 0

========================================================================
Received Import Request.
  Time since last request: 0.000021 seconds.
  path: Assets/arena/saveScript.cs
  artifactKey: Guid(24a3bbdc3f46f264c8b8a7fba3283e09) Importer(815301076,1909f56bfc062723c751e8b465ee728b)
Start importing Assets/arena/saveScript.cs using Guid(24a3bbdc3f46f264c8b8a7fba3283e09) Importer(815301076,1909f56bfc062723c751e8b465ee728b) (PreviewImporter) -> (artifact id: '00000000000000000000000000000000') in 0.0007713 seconds
Import Error Code:(4)
Message: Build asset version error: assets/arena/savescript.cs in SourceAssetDB has modification time of '2026-04-09T15:25:57.438422Z' while content on disk has modification time of '2026-04-09T15:26:01.9706472Z'
  ERROR: Build asset version error: assets/arena/savescript.cs in SourceAssetDB has modification time of '2026-04-09T15:25:57.438422Z' while content on disk has modification time of '2026-04-09T15:26:01.9706472Z'
Number of updated asset objects reloaded before import = 0Number of asset objects unloaded after import = 0

========================================================================
Received Import Request.
  Time since last request: 0.000023 seconds.
  path: Assets/arena/saveScript.cs
  artifactKey: Guid(24a3bbdc3f46f264c8b8a7fba3283e09) Importer(815301076,1909f56bfc062723c751e8b465ee728b)
Start importing Assets/arena/saveScript.cs using Guid(24a3bbdc3f46f264c8b8a7fba3283e09) Importer(815301076,1909f56bfc062723c751e8b465ee728b) (PreviewImporter) -> (artifact id: '00000000000000000000000000000000') in 0.0007649 seconds
Import Error Code:(4)
Message: Build asset version error: assets/arena/savescript.cs in SourceAssetDB has modification time of '2026-04-09T15:25:57.438422Z' while content on disk has modification time of '2026-04-09T15:26:01.9706472Z'
  ERROR: Build asset version error: assets/arena/savescript.cs in SourceAssetDB has modification time of '2026-04-09T15:25:57.438422Z' while content on disk has modification time of '2026-04-09T15:26:01.9706472Z'
Number of updated asset objects reloaded before import = 0Number of asset objects unloaded after import = 0

========================================================================
Received Import Request.
  Time since last request: 0.000026 seconds.
  path: Assets/arena/saveScript.cs
  artifactKey: Guid(24a3bbdc3f46f264c8b8a7fba3283e09) Importer(815301076,1909f56bfc062723c751e8b465ee728b)
Start importing Assets/arena/saveScript.cs using Guid(24a3bbdc3f46f264c8b8a7fba3283e09) Importer(815301076,1909f56bfc062723c751e8b465ee728b) (PreviewImporter) -> (artifact id: '00000000000000000000000000000000') in 0.0007876 seconds
Import Error Code:(4)
Message: Build asset version error: assets/arena/savescript.cs in SourceAssetDB has modification time of '2026-04-09T15:25:57.438422Z' while content on disk has modification time of '2026-04-09T15:26:01.9706472Z'
  ERROR: Build asset version error: assets/arena/savescript.cs in SourceAssetDB has modification time of '2026-04-09T15:25:57.438422Z' while content on disk has modification time of '2026-04-09T15:26:01.9706472Z'
Number of updated asset objects reloaded before import = 0Number of asset objects unloaded after import = 0

========================================================================
Received Import Request.
  Time since last request: 0.000035 seconds.
  path: Assets/arena/saveScript.cs
  artifactKey: Guid(24a3bbdc3f46f264c8b8a7fba3283e09) Importer(815301076,1909f56bfc062723c751e8b465ee728b)
Start importing Assets/arena/saveScript.cs using Guid(24a3bbdc3f46f264c8b8a7fba3283e09) Importer(815301076,1909f56bfc062723c751e8b465ee728b) (PreviewImporter) -> (artifact id: '00000000000000000000000000000000') in 0.0009186 seconds
Import Error Code:(4)
Message: Build asset version error: assets/arena/savescript.cs in SourceAssetDB has modification time of '2026-04-09T15:25:57.438422Z' while content on disk has modification time of '2026-04-09T15:26:01.9706472Z'
  ERROR: Build asset version error: assets/arena/savescript.cs in SourceAssetDB has modification time of '2026-04-09T15:25:57.438422Z' while content on disk has modification time of '2026-04-09T15:26:01.9706472Z'
Number of updated asset objects reloaded before import = 0Number of asset objects unloaded after import = 0

========================================================================
Received Import Request.
  Time since last request: 0.000022 seconds.
  path: Assets/arena/saveScript.cs
  artifactKey: Guid(24a3bbdc3f46f264c8b8a7fba3283e09) Importer(815301076,1909f56bfc062723c751e8b465ee728b)
Start importing Assets/arena/saveScript.cs using Guid(24a3bbdc3f46f264c8b8a7fba3283e09) Importer(815301076,1909f56bfc062723c751e8b465ee728b) (PreviewImporter) -> (artifact id: '00000000000000000000000000000000') in 0.0009493 seconds
Import Error Code:(4)
Message: Build asset version error: assets/arena/savescript.cs in SourceAssetDB has modification time of '2026-04-09T15:25:57.438422Z' while content on disk has modification time of '2026-04-09T15:26:01.9706472Z'
  ERROR: Build asset version error: assets/arena/savescript.cs in SourceAssetDB has modification time of '2026-04-09T15:25:57.438422Z' while content on disk has modification time of '2026-04-09T15:26:01.9706472Z'
Number of updated asset objects reloaded before import = 0Number of asset objects unloaded after import = 0

========================================================================
Received Import Request.
  Time since last request: 0.000022 seconds.
  path: Assets/arena/saveScript.cs
  artifactKey: Guid(24a3bbdc3f46f264c8b8a7fba3283e09) Importer(815301076,1909f56bfc062723c751e8b465ee728b)
Start importing Assets/arena/saveScript.cs using Guid(24a3bbdc3f46f264c8b8a7fba3283e09) Importer(815301076,1909f56bfc062723c751e8b465ee728b) (PreviewImporter) -> (artifact id: '00000000000000000000000000000000') in 0.0007858 seconds
Import Error Code:(4)
Message: Build asset version error: assets/arena/savescript.cs in SourceAssetDB has modification time of '2026-04-09T15:25:57.438422Z' while content on disk has modification time of '2026-04-09T15:26:01.9706472Z'
  ERROR: Build asset version error: assets/arena/savescript.cs in SourceAssetDB has modification time of '2026-04-09T15:25:57.438422Z' while content on disk has modification time of '2026-04-09T15:26:01.9706472Z'
Number of updated asset objects reloaded before import = 0Number of asset objects unloaded after import = 0

========================================================================
Received Import Request.
  Time since last request: 0.000023 seconds.
  path: Assets/arena/saveScript.cs
  artifactKey: Guid(24a3bbdc3f46f264c8b8a7fba3283e09) Importer(815301076,1909f56bfc062723c751e8b465ee728b)
Start importing Assets/arena/saveScript.cs using Guid(24a3bbdc3f46f264c8b8a7fba3283e09) Importer(815301076,1909f56bfc062723c751e8b465ee728b) (PreviewImporter) -> (artifact id: '00000000000000000000000000000000') in 0.0007732 seconds
Import Error Code:(4)
Message: Build asset version error: assets/arena/savescript.cs in SourceAssetDB has modification time of '2026-04-09T15:25:57.438422Z' while content on disk has modification time of '2026-04-09T15:26:01.9706472Z'
  ERROR: Build asset version error: assets/arena/savescript.cs in SourceAssetDB has modification time of '2026-04-09T15:25:57.438422Z' while content on disk has modification time of '2026-04-09T15:26:01.9706472Z'
Number of updated asset objects reloaded before import = 0Number of asset objects unloaded after import = 0

========================================================================
Received Import Request.
  Time since last request: 0.000021 seconds.
  path: Assets/arena/saveScript.cs
  artifactKey: Guid(24a3bbdc3f46f264c8b8a7fba3283e09) Importer(815301076,1909f56bfc062723c751e8b465ee728b)
Start importing Assets/arena/saveScript.cs using Guid(24a3bbdc3f46f264c8b8a7fba3283e09) Importer(815301076,1909f56bfc062723c751e8b465ee728b) (PreviewImporter) -> (artifact id: '00000000000000000000000000000000') in 0.0007731 seconds
Import Error Code:(4)
Message: Build asset version error: assets/arena/savescript.cs in SourceAssetDB has modification time of '2026-04-09T15:25:57.438422Z' while content on disk has modification time of '2026-04-09T15:26:01.9706472Z'
  ERROR: Build asset version error: assets/arena/savescript.cs in SourceAssetDB has modification time of '2026-04-09T15:25:57.438422Z' while content on disk has modification time of '2026-04-09T15:26:01.9706472Z'
Number of updated asset objects reloaded before import = 0Number of asset objects unloaded after import = 0

========================================================================
Received Import Request.
  Time since last request: 0.000026 seconds.
  path: Assets/arena/saveScript.cs
  artifactKey: Guid(24a3bbdc3f46f264c8b8a7fba3283e09) Importer(815301076,1909f56bfc062723c751e8b465ee728b)
Start importing Assets/arena/saveScript.cs using Guid(24a3bbdc3f46f264c8b8a7fba3283e09) Importer(815301076,1909f56bfc062723c751e8b465ee728b) (PreviewImporter) -> (artifact id: '00000000000000000000000000000000') in 0.0007919 seconds
Import Error Code:(4)
Message: Build asset version error: assets/arena/savescript.cs in SourceAssetDB has modification time of '2026-04-09T15:25:57.438422Z' while content on disk has modification time of '2026-04-09T15:26:01.9706472Z'
  ERROR: Build asset version error: assets/arena/savescript.cs in SourceAssetDB has modification time of '2026-04-09T15:25:57.438422Z' while content on disk has modification time of '2026-04-09T15:26:01.9706472Z'
Number of updated asset objects reloaded before import = 0Number of asset objects unloaded after import = 0

========================================================================
Received Import Request.
  Time since last request: 0.000033 seconds.
  path: Assets/arena/saveScript.cs
  artifactKey: Guid(24a3bbdc3f46f264c8b8a7fba3283e09) Importer(815301076,1909f56bfc062723c751e8b465ee728b)
Start importing Assets/arena/saveScript.cs using Guid(24a3bbdc3f46f264c8b8a7fba3283e09) Importer(815301076,1909f56bfc062723c751e8b465ee728b) (PreviewImporter) -> (artifact id: '00000000000000000000000000000000') in 0.0009831 seconds
Import Error Code:(4)
Message: Build asset version error: assets/arena/savescript.cs in SourceAssetDB has modification time of '2026-04-09T15:25:57.438422Z' while content on disk has modification time of '2026-04-09T15:26:01.9706472Z'
  ERROR: Build asset version error: assets/arena/savescript.cs in SourceAssetDB has modification time of '2026-04-09T15:25:57.438422Z' while content on disk has modification time of '2026-04-09T15:26:01.9706472Z'
Number of updated asset objects reloaded before import = 0Number of asset objects unloaded after import = 0

========================================================================
Received Import Request.
  Time since last request: 0.000023 seconds.
  path: Assets/arena/saveScript.cs
  artifactKey: Guid(24a3bbdc3f46f264c8b8a7fba3283e09) Importer(815301076,1909f56bfc062723c751e8b465ee728b)
Start importing Assets/arena/saveScript.cs using Guid(24a3bbdc3f46f264c8b8a7fba3283e09) Importer(815301076,1909f56bfc062723c751e8b465ee728b) (PreviewImporter) -> (artifact id: '00000000000000000000000000000000') in 0.0008695 seconds
Import Error Code:(4)
Message: Build asset version error: assets/arena/savescript.cs in SourceAssetDB has modification time of '2026-04-09T15:25:57.438422Z' while content on disk has modification time of '2026-04-09T15:26:01.9706472Z'
  ERROR: Build asset version error: assets/arena/savescript.cs in SourceAssetDB has modification time of '2026-04-09T15:25:57.438422Z' while content on disk has modification time of '2026-04-09T15:26:01.9706472Z'
Number of updated asset objects reloaded before import = 0Number of asset objects unloaded after import = 0

========================================================================
Received Import Request.
  Time since last request: 0.000022 seconds.
  path: Assets/arena/saveScript.cs
  artifactKey: Guid(24a3bbdc3f46f264c8b8a7fba3283e09) Importer(815301076,1909f56bfc062723c751e8b465ee728b)
Start importing Assets/arena/saveScript.cs using Guid(24a3bbdc3f46f264c8b8a7fba3283e09) Importer(815301076,1909f56bfc062723c751e8b465ee728b) (PreviewImporter) -> (artifact id: '00000000000000000000000000000000') in 0.0007678 seconds
Import Error Code:(4)
Message: Build asset version error: assets/arena/savescript.cs in SourceAssetDB has modification time of '2026-04-09T15:25:57.438422Z' while content on disk has modification time of '2026-04-09T15:26:01.9706472Z'
  ERROR: Build asset version error: assets/arena/savescript.cs in SourceAssetDB has modification time of '2026-04-09T15:25:57.438422Z' while content on disk has modification time of '2026-04-09T15:26:01.9706472Z'
Number of updated asset objects reloaded before import = 0Number of asset objects unloaded after import = 0

========================================================================
Received Import Request.
  Time since last request: 0.000021 seconds.
  path: Assets/arena/saveScript.cs
  artifactKey: Guid(24a3bbdc3f46f264c8b8a7fba3283e09) Importer(815301076,1909f56bfc062723c751e8b465ee728b)
Start importing Assets/arena/saveScript.cs using Guid(24a3bbdc3f46f264c8b8a7fba3283e09) Importer(815301076,1909f56bfc062723c751e8b465ee728b) (PreviewImporter) -> (artifact id: '00000000000000000000000000000000') in 0.0008491 seconds
Import Error Code:(4)
Message: Build asset version error: assets/arena/savescript.cs in SourceAssetDB has modification time of '2026-04-09T15:25:57.438422Z' while content on disk has modification time of '2026-04-09T15:26:01.9706472Z'
  ERROR: Build asset version error: assets/arena/savescript.cs in SourceAssetDB has modification time of '2026-04-09T15:25:57.438422Z' while content on disk has modification time of '2026-04-09T15:26:01.9706472Z'
Number of updated asset objects reloaded before import = 0Number of asset objects unloaded after import = 0

========================================================================
Received Import Request.
  Time since last request: 0.000025 seconds.
  path: Assets/arena/saveScript.cs
  artifactKey: Guid(24a3bbdc3f46f264c8b8a7fba3283e09) Importer(815301076,1909f56bfc062723c751e8b465ee728b)
Start importing Assets/arena/saveScript.cs using Guid(24a3bbdc3f46f264c8b8a7fba3283e09) Importer(815301076,1909f56bfc062723c751e8b465ee728b) (PreviewImporter) -> (artifact id: '00000000000000000000000000000000') in 0.0008313 seconds
Import Error Code:(4)
Message: Build asset version error: assets/arena/savescript.cs in SourceAssetDB has modification time of '2026-04-09T15:25:57.438422Z' while content on disk has modification time of '2026-04-09T15:26:01.9706472Z'
  ERROR: Build asset version error: assets/arena/savescript.cs in SourceAssetDB has modification time of '2026-04-09T15:25:57.438422Z' while content on disk has modification time of '2026-04-09T15:26:01.9706472Z'
Number of updated asset objects reloaded before import = 0Number of asset objects unloaded after import = 0

========================================================================
Received Import Request.
  Time since last request: 0.000040 seconds.
  path: Assets/arena/saveScript.cs
  artifactKey: Guid(24a3bbdc3f46f264c8b8a7fba3283e09) Importer(815301076,1909f56bfc062723c751e8b465ee728b)
Start importing Assets/arena/saveScript.cs using Guid(24a3bbdc3f46f264c8b8a7fba3283e09) Importer(815301076,1909f56bfc062723c751e8b465ee728b) (PreviewImporter) -> (artifact id: '00000000000000000000000000000000') in 0.0008944 seconds
Import Error Code:(4)
Message: Build asset version error: assets/arena/savescript.cs in SourceAssetDB has modification time of '2026-04-09T15:25:57.438422Z' while content on disk has modification time of '2026-04-09T15:26:01.9706472Z'
  ERROR: Build asset version error: assets/arena/savescript.cs in SourceAssetDB has modification time of '2026-04-09T15:25:57.438422Z' while content on disk has modification time of '2026-04-09T15:26:01.9706472Z'
Number of updated asset objects reloaded before import = 0Number of asset objects unloaded after import = 0

========================================================================
Received Import Request.
  Time since last request: 0.000023 seconds.
  path: Assets/arena/saveScript.cs
  artifactKey: Guid(24a3bbdc3f46f264c8b8a7fba3283e09) Importer(815301076,1909f56bfc062723c751e8b465ee728b)
Start importing Assets/arena/saveScript.cs using Guid(24a3bbdc3f46f264c8b8a7fba3283e09) Importer(815301076,1909f56bfc062723c751e8b465ee728b) (PreviewImporter) -> (artifact id: '00000000000000000000000000000000') in 0.0009334 seconds
Import Error Code:(4)
Message: Build asset version error: assets/arena/savescript.cs in SourceAssetDB has modification time of '2026-04-09T15:25:57.438422Z' while content on disk has modification time of '2026-04-09T15:26:01.9706472Z'
  ERROR: Build asset version error: assets/arena/savescript.cs in SourceAssetDB has modification time of '2026-04-09T15:25:57.438422Z' while content on disk has modification time of '2026-04-09T15:26:01.9706472Z'
Number of updated asset objects reloaded before import = 0Number of asset objects unloaded after import = 0

========================================================================
Received Import Request.
  Time since last request: 0.000025 seconds.
  path: Assets/arena/saveScript.cs
  artifactKey: Guid(24a3bbdc3f46f264c8b8a7fba3283e09) Importer(815301076,1909f56bfc062723c751e8b465ee728b)
Start importing Assets/arena/saveScript.cs using Guid(24a3bbdc3f46f264c8b8a7fba3283e09) Importer(815301076,1909f56bfc062723c751e8b465ee728b) (PreviewImporter) -> (artifact id: '00000000000000000000000000000000') in 0.0008397 seconds
Import Error Code:(4)
Message: Build asset version error: assets/arena/savescript.cs in SourceAssetDB has modification time of '2026-04-09T15:25:57.438422Z' while content on disk has modification time of '2026-04-09T15:26:01.9706472Z'
  ERROR: Build asset version error: assets/arena/savescript.cs in SourceAssetDB has modification time of '2026-04-09T15:25:57.438422Z' while content on disk has modification time of '2026-04-09T15:26:01.9706472Z'
Number of updated asset objects reloaded before import = 0Number of asset objects unloaded after import = 0

========================================================================
Received Import Request.
  Time since last request: 0.000021 seconds.
  path: Assets/arena/saveScript.cs
  artifactKey: Guid(24a3bbdc3f46f264c8b8a7fba3283e09) Importer(815301076,1909f56bfc062723c751e8b465ee728b)
Start importing Assets/arena/saveScript.cs using Guid(24a3bbdc3f46f264c8b8a7fba3283e09) Importer(815301076,1909f56bfc062723c751e8b465ee728b) (PreviewImporter) -> (artifact id: '00000000000000000000000000000000') in 0.0009083 seconds
Import Error Code:(4)
Message: Build asset version error: assets/arena/savescript.cs in SourceAssetDB has modification time of '2026-04-09T15:25:57.438422Z' while content on disk has modification time of '2026-04-09T15:26:01.9706472Z'
  ERROR: Build asset version error: assets/arena/savescript.cs in SourceAssetDB has modification time of '2026-04-09T15:25:57.438422Z' while content on disk has modification time of '2026-04-09T15:26:01.9706472Z'
Number of updated asset objects reloaded before import = 0Number of asset objects unloaded after import = 0

========================================================================
Received Import Request.
  Time since last request: 0.000023 seconds.
  path: Assets/arena/saveScript.cs
  artifactKey: Guid(24a3bbdc3f46f264c8b8a7fba3283e09) Importer(815301076,1909f56bfc062723c751e8b465ee728b)
Start importing Assets/arena/saveScript.cs using Guid(24a3bbdc3f46f264c8b8a7fba3283e09) Importer(815301076,1909f56bfc062723c751e8b465ee728b) (PreviewImporter) -> (artifact id: '00000000000000000000000000000000') in 0.0007897 seconds
Import Error Code:(4)
Message: Build asset version error: assets/arena/savescript.cs in SourceAssetDB has modification time of '2026-04-09T15:25:57.438422Z' while content on disk has modification time of '2026-04-09T15:26:01.9706472Z'
  ERROR: Build asset version error: assets/arena/savescript.cs in SourceAssetDB has modification time of '2026-04-09T15:25:57.438422Z' while content on disk has modification time of '2026-04-09T15:26:01.9706472Z'
Number of updated asset objects reloaded before import = 0Number of asset objects unloaded after import = 0

========================================================================
Received Import Request.
  Time since last request: 0.000026 seconds.
  path: Assets/arena/saveScript.cs
  artifactKey: Guid(24a3bbdc3f46f264c8b8a7fba3283e09) Importer(815301076,1909f56bfc062723c751e8b465ee728b)
Start importing Assets/arena/saveScript.cs using Guid(24a3bbdc3f46f264c8b8a7fba3283e09) Importer(815301076,1909f56bfc062723c751e8b465ee728b) (PreviewImporter) -> (artifact id: '00000000000000000000000000000000') in 0.0007624 seconds
Import Error Code:(4)
Message: Build asset version error: assets/arena/savescript.cs in SourceAssetDB has modification time of '2026-04-09T15:25:57.438422Z' while content on disk has modification time of '2026-04-09T15:26:01.9706472Z'
  ERROR: Build asset version error: assets/arena/savescript.cs in SourceAssetDB has modification time of '2026-04-09T15:25:57.438422Z' while content on disk has modification time of '2026-04-09T15:26:01.9706472Z'
Number of updated asset objects reloaded before import = 0Number of asset objects unloaded after import = 0

========================================================================
Received Import Request.
  Time since last request: 0.000035 seconds.
  path: Assets/arena/saveScript.cs
  artifactKey: Guid(24a3bbdc3f46f264c8b8a7fba3283e09) Importer(815301076,1909f56bfc062723c751e8b465ee728b)
Start importing Assets/arena/saveScript.cs using Guid(24a3bbdc3f46f264c8b8a7fba3283e09) Importer(815301076,1909f56bfc062723c751e8b465ee728b) (PreviewImporter) -> (artifact id: '00000000000000000000000000000000') in 0.0008772 seconds
Import Error Code:(4)
Message: Build asset version error: assets/arena/savescript.cs in SourceAssetDB has modification time of '2026-04-09T15:25:57.438422Z' while content on disk has modification time of '2026-04-09T15:26:01.9706472Z'
  ERROR: Build asset version error: assets/arena/savescript.cs in SourceAssetDB has modification time of '2026-04-09T15:25:57.438422Z' while content on disk has modification time of '2026-04-09T15:26:01.9706472Z'
Number of updated asset objects reloaded before import = 0Number of asset objects unloaded after import = 0

========================================================================
Received Import Request.
  Time since last request: 0.000024 seconds.
  path: Assets/arena/saveScript.cs
  artifactKey: Guid(24a3bbdc3f46f264c8b8a7fba3283e09) Importer(815301076,1909f56bfc062723c751e8b465ee728b)
Start importing Assets/arena/saveScript.cs using Guid(24a3bbdc3f46f264c8b8a7fba3283e09) Importer(815301076,1909f56bfc062723c751e8b465ee728b) (PreviewImporter) -> (artifact id: '00000000000000000000000000000000') in 0.0007696 seconds
Import Error Code:(4)
Message: Build asset version error: assets/arena/savescript.cs in SourceAssetDB has modification time of '2026-04-09T15:25:57.438422Z' while content on disk has modification time of '2026-04-09T15:26:01.9706472Z'
  ERROR: Build asset version error: assets/arena/savescript.cs in SourceAssetDB has modification time of '2026-04-09T15:25:57.438422Z' while content on disk has modification time of '2026-04-09T15:26:01.9706472Z'
Number of updated asset objects reloaded before import = 0Number of asset objects unloaded after import = 0

========================================================================
Received Import Request.
  Time since last request: 0.000022 seconds.
  path: Assets/arena/saveScript.cs
  artifactKey: Guid(24a3bbdc3f46f264c8b8a7fba3283e09) Importer(815301076,1909f56bfc062723c751e8b465ee728b)
Start importing Assets/arena/saveScript.cs using Guid(24a3bbdc3f46f264c8b8a7fba3283e09) Importer(815301076,1909f56bfc062723c751e8b465ee728b) (PreviewImporter) -> (artifact id: '00000000000000000000000000000000') in 0.0007922 seconds
Import Error Code:(4)
Message: Build asset version error: assets/arena/savescript.cs in SourceAssetDB has modification time of '2026-04-09T15:25:57.438422Z' while content on disk has modification time of '2026-04-09T15:26:01.9706472Z'
  ERROR: Build asset version error: assets/arena/savescript.cs in SourceAssetDB has modification time of '2026-04-09T15:25:57.438422Z' while content on disk has modification time of '2026-04-09T15:26:01.9706472Z'
Number of updated asset objects reloaded before import = 0Number of asset objects unloaded after import = 0

========================================================================
Received Import Request.
  Time since last request: 0.000022 seconds.
  path: Assets/arena/saveScript.cs
  artifactKey: Guid(24a3bbdc3f46f264c8b8a7fba3283e09) Importer(815301076,1909f56bfc062723c751e8b465ee728b)
Start importing Assets/arena/saveScript.cs using Guid(24a3bbdc3f46f264c8b8a7fba3283e09) Importer(815301076,1909f56bfc062723c751e8b465ee728b) (PreviewImporter) -> (artifact id: '00000000000000000000000000000000') in 0.0007925 seconds
Import Error Code:(4)
Message: Build asset version error: assets/arena/savescript.cs in SourceAssetDB has modification time of '2026-04-09T15:25:57.438422Z' while content on disk has modification time of '2026-04-09T15:26:01.9706472Z'
  ERROR: Build asset version error: assets/arena/savescript.cs in SourceAssetDB has modification time of '2026-04-09T15:25:57.438422Z' while content on disk has modification time of '2026-04-09T15:26:01.9706472Z'
Number of updated asset objects reloaded before import = 0Number of asset objects unloaded after import = 0

========================================================================
Received Import Request.
  Time since last request: 0.000024 seconds.
  path: Assets/arena/saveScript.cs
  artifactKey: Guid(24a3bbdc3f46f264c8b8a7fba3283e09) Importer(815301076,1909f56bfc062723c751e8b465ee728b)
Start importing Assets/arena/saveScript.cs using Guid(24a3bbdc3f46f264c8b8a7fba3283e09) Importer(815301076,1909f56bfc062723c751e8b465ee728b) (PreviewImporter) -> (artifact id: '00000000000000000000000000000000') in 0.0008041 seconds
Import Error Code:(4)
Message: Build asset version error: assets/arena/savescript.cs in SourceAssetDB has modification time of '2026-04-09T15:25:57.438422Z' while content on disk has modification time of '2026-04-09T15:26:01.9706472Z'
  ERROR: Build asset version error: assets/arena/savescript.cs in SourceAssetDB has modification time of '2026-04-09T15:25:57.438422Z' while content on disk has modification time of '2026-04-09T15:26:01.9706472Z'
Number of updated asset objects reloaded before import = 0Number of asset objects unloaded after import = 0

========================================================================
Received Import Request.
  Time since last request: 0.000039 seconds.
  path: Assets/arena/saveScript.cs
  artifactKey: Guid(24a3bbdc3f46f264c8b8a7fba3283e09) Importer(815301076,1909f56bfc062723c751e8b465ee728b)
Start importing Assets/arena/saveScript.cs using Guid(24a3bbdc3f46f264c8b8a7fba3283e09) Importer(815301076,1909f56bfc062723c751e8b465ee728b) (PreviewImporter) -> (artifact id: '00000000000000000000000000000000') in 0.0007632 seconds
Import Error Code:(4)
Message: Build asset version error: assets/arena/savescript.cs in SourceAssetDB has modification time of '2026-04-09T15:25:57.438422Z' while content on disk has modification time of '2026-04-09T15:26:01.9706472Z'
  ERROR: Build asset version error: assets/arena/savescript.cs in SourceAssetDB has modification time of '2026-04-09T15:25:57.438422Z' while content on disk has modification time of '2026-04-09T15:26:01.9706472Z'
Number of updated asset objects reloaded before import = 0Number of asset objects unloaded after import = 0

========================================================================
Received Import Request.
  Time since last request: 0.000025 seconds.
  path: Assets/arena/saveScript.cs
  artifactKey: Guid(24a3bbdc3f46f264c8b8a7fba3283e09) Importer(815301076,1909f56bfc062723c751e8b465ee728b)
Start importing Assets/arena/saveScript.cs using Guid(24a3bbdc3f46f264c8b8a7fba3283e09) Importer(815301076,1909f56bfc062723c751e8b465ee728b) (PreviewImporter) -> (artifact id: '00000000000000000000000000000000') in 0.0008214 seconds
Import Error Code:(4)
Message: Build asset version error: assets/arena/savescript.cs in SourceAssetDB has modification time of '2026-04-09T15:25:57.438422Z' while content on disk has modification time of '2026-04-09T15:26:01.9706472Z'
  ERROR: Build asset version error: assets/arena/savescript.cs in SourceAssetDB has modification time of '2026-04-09T15:25:57.438422Z' while content on disk has modification time of '2026-04-09T15:26:01.9706472Z'
Number of updated asset objects reloaded before import = 0Number of asset objects unloaded after import = 0

========================================================================
Received Import Request.
  Time since last request: 0.000023 seconds.
  path: Assets/arena/saveScript.cs
  artifactKey: Guid(24a3bbdc3f46f264c8b8a7fba3283e09) Importer(815301076,1909f56bfc062723c751e8b465ee728b)
Start importing Assets/arena/saveScript.cs using Guid(24a3bbdc3f46f264c8b8a7fba3283e09) Importer(815301076,1909f56bfc062723c751e8b465ee728b) (PreviewImporter) -> (artifact id: '00000000000000000000000000000000') in 0.0007466 seconds
Import Error Code:(4)
Message: Build asset version error: assets/arena/savescript.cs in SourceAssetDB has modification time of '2026-04-09T15:25:57.438422Z' while content on disk has modification time of '2026-04-09T15:26:01.9706472Z'
  ERROR: Build asset version error: assets/arena/savescript.cs in SourceAssetDB has modification time of '2026-04-09T15:25:57.438422Z' while content on disk has modification time of '2026-04-09T15:26:01.9706472Z'
Number of updated asset objects reloaded before import = 0Number of asset objects unloaded after import = 0

========================================================================
Received Import Request.
  Time since last request: 0.000034 seconds.
  path: Assets/arena/saveScript.cs
  artifactKey: Guid(24a3bbdc3f46f264c8b8a7fba3283e09) Importer(815301076,1909f56bfc062723c751e8b465ee728b)
Start importing Assets/arena/saveScript.cs using Guid(24a3bbdc3f46f264c8b8a7fba3283e09) Importer(815301076,1909f56bfc062723c751e8b465ee728b) (PreviewImporter) -> (artifact id: '00000000000000000000000000000000') in 0.0007816 seconds
Import Error Code:(4)
Message: Build asset version error: assets/arena/savescript.cs in SourceAssetDB has modification time of '2026-04-09T15:25:57.438422Z' while content on disk has modification time of '2026-04-09T15:26:01.9706472Z'
  ERROR: Build asset version error: assets/arena/savescript.cs in SourceAssetDB has modification time of '2026-04-09T15:25:57.438422Z' while content on disk has modification time of '2026-04-09T15:26:01.9706472Z'
Number of updated asset objects reloaded before import = 0Number of asset objects unloaded after import = 0

========================================================================
Received Import Request.
  Time since last request: 0.000024 seconds.
  path: Assets/arena/saveScript.cs
  artifactKey: Guid(24a3bbdc3f46f264c8b8a7fba3283e09) Importer(815301076,1909f56bfc062723c751e8b465ee728b)
Start importing Assets/arena/saveScript.cs using Guid(24a3bbdc3f46f264c8b8a7fba3283e09) Importer(815301076,1909f56bfc062723c751e8b465ee728b) (PreviewImporter) -> (artifact id: '00000000000000000000000000000000') in 0.0007512 seconds
Import Error Code:(4)
Message: Build asset version error: assets/arena/savescript.cs in SourceAssetDB has modification time of '2026-04-09T15:25:57.438422Z' while content on disk has modification time of '2026-04-09T15:26:01.9706472Z'
  ERROR: Build asset version error: assets/arena/savescript.cs in SourceAssetDB has modification time of '2026-04-09T15:25:57.438422Z' while content on disk has modification time of '2026-04-09T15:26:01.9706472Z'
Number of updated asset objects reloaded before import = 0Number of asset objects unloaded after import = 0

========================================================================
Received Import Request.
  Time since last request: 0.000035 seconds.
  path: Assets/arena/saveScript.cs
  artifactKey: Guid(24a3bbdc3f46f264c8b8a7fba3283e09) Importer(815301076,1909f56bfc062723c751e8b465ee728b)
Start importing Assets/arena/saveScript.cs using Guid(24a3bbdc3f46f264c8b8a7fba3283e09) Importer(815301076,1909f56bfc062723c751e8b465ee728b) (PreviewImporter) -> (artifact id: '00000000000000000000000000000000') in 0.00079 seconds
Import Error Code:(4)
Message: Build asset version error: assets/arena/savescript.cs in SourceAssetDB has modification time of '2026-04-09T15:25:57.438422Z' while content on disk has modification time of '2026-04-09T15:26:01.9706472Z'
  ERROR: Build asset version error: assets/arena/savescript.cs in SourceAssetDB has modification time of '2026-04-09T15:25:57.438422Z' while content on disk has modification time of '2026-04-09T15:26:01.9706472Z'
Number of updated asset objects reloaded before import = 0Number of asset objects unloaded after import = 0

========================================================================
Received Import Request.
  Time since last request: 0.000022 seconds.
  path: Assets/arena/saveScript.cs
  artifactKey: Guid(24a3bbdc3f46f264c8b8a7fba3283e09) Importer(815301076,1909f56bfc062723c751e8b465ee728b)
Start importing Assets/arena/saveScript.cs using Guid(24a3bbdc3f46f264c8b8a7fba3283e09) Importer(815301076,1909f56bfc062723c751e8b465ee728b) (PreviewImporter) -> (artifact id: '00000000000000000000000000000000') in 0.0009229 seconds
Import Error Code:(4)
Message: Build asset version error: assets/arena/savescript.cs in SourceAssetDB has modification time of '2026-04-09T15:25:57.438422Z' while content on disk has modification time of '2026-04-09T15:26:01.9706472Z'
  ERROR: Build asset version error: assets/arena/savescript.cs in SourceAssetDB has modification time of '2026-04-09T15:25:57.438422Z' while content on disk has modification time of '2026-04-09T15:26:01.9706472Z'
Number of updated asset objects reloaded before import = 0Number of asset objects unloaded after import = 0

========================================================================
Received Import Request.
  Time since last request: 0.000021 seconds.
  path: Assets/arena/saveScript.cs
  artifactKey: Guid(24a3bbdc3f46f264c8b8a7fba3283e09) Importer(815301076,1909f56bfc062723c751e8b465ee728b)
Start importing Assets/arena/saveScript.cs using Guid(24a3bbdc3f46f264c8b8a7fba3283e09) Importer(815301076,1909f56bfc062723c751e8b465ee728b) (PreviewImporter) -> (artifact id: '00000000000000000000000000000000') in 0.0008643 seconds
Import Error Code:(4)
Message: Build asset version error: assets/arena/savescript.cs in SourceAssetDB has modification time of '2026-04-09T15:25:57.438422Z' while content on disk has modification time of '2026-04-09T15:26:01.9706472Z'
  ERROR: Build asset version error: assets/arena/savescript.cs in SourceAssetDB has modification time of '2026-04-09T15:25:57.438422Z' while content on disk has modification time of '2026-04-09T15:26:01.9706472Z'
Number of updated asset objects reloaded before import = 0Number of asset objects unloaded after import = 0

========================================================================
Received Import Request.
  Time since last request: 0.000023 seconds.
  path: Assets/arena/saveScript.cs
  artifactKey: Guid(24a3bbdc3f46f264c8b8a7fba3283e09) Importer(815301076,1909f56bfc062723c751e8b465ee728b)
Start importing Assets/arena/saveScript.cs using Guid(24a3bbdc3f46f264c8b8a7fba3283e09) Importer(815301076,1909f56bfc062723c751e8b465ee728b) (PreviewImporter) -> (artifact id: '00000000000000000000000000000000') in 0.0009698 seconds
Import Error Code:(4)
Message: Build asset version error: assets/arena/savescript.cs in SourceAssetDB has modification time of '2026-04-09T15:25:57.438422Z' while content on disk has modification time of '2026-04-09T15:26:01.9706472Z'
  ERROR: Build asset version error: assets/arena/savescript.cs in SourceAssetDB has modification time of '2026-04-09T15:25:57.438422Z' while content on disk has modification time of '2026-04-09T15:26:01.9706472Z'
Number of updated asset objects reloaded before import = 0Number of asset objects unloaded after import = 0

========================================================================
Received Import Request.
  Time since last request: 0.000023 seconds.
  path: Assets/arena/saveScript.cs
  artifactKey: Guid(24a3bbdc3f46f264c8b8a7fba3283e09) Importer(815301076,1909f56bfc062723c751e8b465ee728b)
Start importing Assets/arena/saveScript.cs using Guid(24a3bbdc3f46f264c8b8a7fba3283e09) Importer(815301076,1909f56bfc062723c751e8b465ee728b) (PreviewImporter) -> (artifact id: '00000000000000000000000000000000') in 0.0009459 seconds
Import Error Code:(4)
Message: Build asset version error: assets/arena/savescript.cs in SourceAssetDB has modification time of '2026-04-09T15:25:57.438422Z' while content on disk has modification time of '2026-04-09T15:26:01.9706472Z'
  ERROR: Build asset version error: assets/arena/savescript.cs in SourceAssetDB has modification time of '2026-04-09T15:25:57.438422Z' while content on disk has modification time of '2026-04-09T15:26:01.9706472Z'
Number of updated asset objects reloaded before import = 0Number of asset objects unloaded after import = 0

========================================================================
Received Import Request.
  Time since last request: 0.000029 seconds.
  path: Assets/arena/saveScript.cs
  artifactKey: Guid(24a3bbdc3f46f264c8b8a7fba3283e09) Importer(815301076,1909f56bfc062723c751e8b465ee728b)
Start importing Assets/arena/saveScript.cs using Guid(24a3bbdc3f46f264c8b8a7fba3283e09) Importer(815301076,1909f56bfc062723c751e8b465ee728b) (PreviewImporter) -> (artifact id: '00000000000000000000000000000000') in 0.0007681 seconds
Import Error Code:(4)
Message: Build asset version error: assets/arena/savescript.cs in SourceAssetDB has modification time of '2026-04-09T15:25:57.438422Z' while content on disk has modification time of '2026-04-09T15:26:01.9706472Z'
  ERROR: Build asset version error: assets/arena/savescript.cs in SourceAssetDB has modification time of '2026-04-09T15:25:57.438422Z' while content on disk has modification time of '2026-04-09T15:26:01.9706472Z'
Number of updated asset objects reloaded before import = 0Number of asset objects unloaded after import = 0

========================================================================
Received Import Request.
  Time since last request: 0.000035 seconds.
  path: Assets/arena/saveScript.cs
  artifactKey: Guid(24a3bbdc3f46f264c8b8a7fba3283e09) Importer(815301076,1909f56bfc062723c751e8b465ee728b)
Start importing Assets/arena/saveScript.cs using Guid(24a3bbdc3f46f264c8b8a7fba3283e09) Importer(815301076,1909f56bfc062723c751e8b465ee728b) (PreviewImporter) -> (artifact id: '00000000000000000000000000000000') in 0.0008254 seconds
Import Error Code:(4)
Message: Build asset version error: assets/arena/savescript.cs in SourceAssetDB has modification time of '2026-04-09T15:25:57.438422Z' while content on disk has modification time of '2026-04-09T15:26:01.9706472Z'
  ERROR: Build asset version error: assets/arena/savescript.cs in SourceAssetDB has modification time of '2026-04-09T15:25:57.438422Z' while content on disk has modification time of '2026-04-09T15:26:01.9706472Z'
Number of updated asset objects reloaded before import = 0Number of asset objects unloaded after import = 0

========================================================================
Received Import Request.
  Time since last request: 0.000022 seconds.
  path: Assets/arena/saveScript.cs
  artifactKey: Guid(24a3bbdc3f46f264c8b8a7fba3283e09) Importer(815301076,1909f56bfc062723c751e8b465ee728b)
Start importing Assets/arena/saveScript.cs using Guid(24a3bbdc3f46f264c8b8a7fba3283e09) Importer(815301076,1909f56bfc062723c751e8b465ee728b) (PreviewImporter) -> (artifact id: '00000000000000000000000000000000') in 0.000778 seconds
Import Error Code:(4)
Message: Build asset version error: assets/arena/savescript.cs in SourceAssetDB has modification time of '2026-04-09T15:25:57.438422Z' while content on disk has modification time of '2026-04-09T15:26:01.9706472Z'
  ERROR: Build asset version error: assets/arena/savescript.cs in SourceAssetDB has modification time of '2026-04-09T15:25:57.438422Z' while content on disk has modification time of '2026-04-09T15:26:01.9706472Z'
Number of updated asset objects reloaded before import = 0Number of asset objects unloaded after import = 0

========================================================================
Received Import Request.
  Time since last request: 0.000023 seconds.
  path: Assets/arena/saveScript.cs
  artifactKey: Guid(24a3bbdc3f46f264c8b8a7fba3283e09) Importer(815301076,1909f56bfc062723c751e8b465ee728b)
Start importing Assets/arena/saveScript.cs using Guid(24a3bbdc3f46f264c8b8a7fba3283e09) Importer(815301076,1909f56bfc062723c751e8b465ee728b) (PreviewImporter) -> (artifact id: '00000000000000000000000000000000') in 0.0009064 seconds
Import Error Code:(4)
Message: Build asset version error: assets/arena/savescript.cs in SourceAssetDB has modification time of '2026-04-09T15:25:57.438422Z' while content on disk has modification time of '2026-04-09T15:26:01.9706472Z'
  ERROR: Build asset version error: assets/arena/savescript.cs in SourceAssetDB has modification time of '2026-04-09T15:25:57.438422Z' while content on disk has modification time of '2026-04-09T15:26:01.9706472Z'
Number of updated asset objects reloaded before import = 0Number of asset objects unloaded after import = 0

========================================================================
Received Import Request.
  Time since last request: 0.000030 seconds.
  path: Assets/arena/saveScript.cs
  artifactKey: Guid(24a3bbdc3f46f264c8b8a7fba3283e09) Importer(815301076,1909f56bfc062723c751e8b465ee728b)
Start importing Assets/arena/saveScript.cs using Guid(24a3bbdc3f46f264c8b8a7fba3283e09) Importer(815301076,1909f56bfc062723c751e8b465ee728b) (PreviewImporter) -> (artifact id: '00000000000000000000000000000000') in 0.0008141 seconds
Import Error Code:(4)
Message: Build asset version error: assets/arena/savescript.cs in SourceAssetDB has modification time of '2026-04-09T15:25:57.438422Z' while content on disk has modification time of '2026-04-09T15:26:01.9706472Z'
  ERROR: Build asset version error: assets/arena/savescript.cs in SourceAssetDB has modification time of '2026-04-09T15:25:57.438422Z' while content on disk has modification time of '2026-04-09T15:26:01.9706472Z'
Number of updated asset objects reloaded before import = 0Number of asset objects unloaded after import = 0

========================================================================
Received Import Request.
  Time since last request: 0.000031 seconds.
  path: Assets/arena/saveScript.cs
  artifactKey: Guid(24a3bbdc3f46f264c8b8a7fba3283e09) Importer(815301076,1909f56bfc062723c751e8b465ee728b)
Start importing Assets/arena/saveScript.cs using Guid(24a3bbdc3f46f264c8b8a7fba3283e09) Importer(815301076,1909f56bfc062723c751e8b465ee728b) (PreviewImporter) -> (artifact id: '00000000000000000000000000000000') in 0.0007734 seconds
Import Error Code:(4)
Message: Build asset version error: assets/arena/savescript.cs in SourceAssetDB has modification time of '2026-04-09T15:25:57.438422Z' while content on disk has modification time of '2026-04-09T15:26:01.9706472Z'
  ERROR: Build asset version error: assets/arena/savescript.cs in SourceAssetDB has modification time of '2026-04-09T15:25:57.438422Z' while content on disk has modification time of '2026-04-09T15:26:01.9706472Z'
Number of updated asset objects reloaded before import = 0Number of asset objects unloaded after import = 0

========================================================================
Received Import Request.
  Time since last request: 0.000037 seconds.
  path: Assets/arena/saveScript.cs
  artifactKey: Guid(24a3bbdc3f46f264c8b8a7fba3283e09) Importer(815301076,1909f56bfc062723c751e8b465ee728b)
Start importing Assets/arena/saveScript.cs using Guid(24a3bbdc3f46f264c8b8a7fba3283e09) Importer(815301076,1909f56bfc062723c751e8b465ee728b) (PreviewImporter) -> (artifact id: '00000000000000000000000000000000') in 0.0008217 seconds
Import Error Code:(4)
Message: Build asset version error: assets/arena/savescript.cs in SourceAssetDB has modification time of '2026-04-09T15:25:57.438422Z' while content on disk has modification time of '2026-04-09T15:26:01.9706472Z'
  ERROR: Build asset version error: assets/arena/savescript.cs in SourceAssetDB has modification time of '2026-04-09T15:25:57.438422Z' while content on disk has modification time of '2026-04-09T15:26:01.9706472Z'
Number of updated asset objects reloaded before import = 0Number of asset objects unloaded after import = 0

========================================================================
Received Import Request.
  Time since last request: 0.000022 seconds.
  path: Assets/arena/saveScript.cs
  artifactKey: Guid(24a3bbdc3f46f264c8b8a7fba3283e09) Importer(815301076,1909f56bfc062723c751e8b465ee728b)
Start importing Assets/arena/saveScript.cs using Guid(24a3bbdc3f46f264c8b8a7fba3283e09) Importer(815301076,1909f56bfc062723c751e8b465ee728b) (PreviewImporter) -> (artifact id: '00000000000000000000000000000000') in 0.0008004 seconds
Import Error Code:(4)
Message: Build asset version error: assets/arena/savescript.cs in SourceAssetDB has modification time of '2026-04-09T15:25:57.438422Z' while content on disk has modification time of '2026-04-09T15:26:01.9706472Z'
  ERROR: Build asset version error: assets/arena/savescript.cs in SourceAssetDB has modification time of '2026-04-09T15:25:57.438422Z' while content on disk has modification time of '2026-04-09T15:26:01.9706472Z'
Number of updated asset objects reloaded before import = 0Number of asset objects unloaded after import = 0

========================================================================
Received Import Request.
  Time since last request: 0.000022 seconds.
  path: Assets/arena/saveScript.cs
  artifactKey: Guid(24a3bbdc3f46f264c8b8a7fba3283e09) Importer(815301076,1909f56bfc062723c751e8b465ee728b)
Start importing Assets/arena/saveScript.cs using Guid(24a3bbdc3f46f264c8b8a7fba3283e09) Importer(815301076,1909f56bfc062723c751e8b465ee728b) (PreviewImporter) -> (artifact id: '00000000000000000000000000000000') in 0.000756 seconds
Import Error Code:(4)
Message: Build asset version error: assets/arena/savescript.cs in SourceAssetDB has modification time of '2026-04-09T15:25:57.438422Z' while content on disk has modification time of '2026-04-09T15:26:01.9706472Z'
  ERROR: Build asset version error: assets/arena/savescript.cs in SourceAssetDB has modification time of '2026-04-09T15:25:57.438422Z' while content on disk has modification time of '2026-04-09T15:26:01.9706472Z'
Number of updated asset objects reloaded before import = 0Number of asset objects unloaded after import = 0

========================================================================
Received Import Request.
  Time since last request: 0.000023 seconds.
  path: Assets/arena/saveScript.cs
  artifactKey: Guid(24a3bbdc3f46f264c8b8a7fba3283e09) Importer(815301076,1909f56bfc062723c751e8b465ee728b)
Start importing Assets/arena/saveScript.cs using Guid(24a3bbdc3f46f264c8b8a7fba3283e09) Importer(815301076,1909f56bfc062723c751e8b465ee728b) (PreviewImporter) -> (artifact id: '00000000000000000000000000000000') in 0.0008569 seconds
Import Error Code:(4)
Message: Build asset version error: assets/arena/savescript.cs in SourceAssetDB has modification time of '2026-04-09T15:25:57.438422Z' while content on disk has modification time of '2026-04-09T15:26:01.9706472Z'
  ERROR: Build asset version error: assets/arena/savescript.cs in SourceAssetDB has modification time of '2026-04-09T15:25:57.438422Z' while content on disk has modification time of '2026-04-09T15:26:01.9706472Z'
Number of updated asset objects reloaded before import = 0Number of asset objects unloaded after import = 0

========================================================================
Received Import Request.
  Time since last request: 0.000023 seconds.
  path: Assets/arena/saveScript.cs
  artifactKey: Guid(24a3bbdc3f46f264c8b8a7fba3283e09) Importer(815301076,1909f56bfc062723c751e8b465ee728b)
Start importing Assets/arena/saveScript.cs using Guid(24a3bbdc3f46f264c8b8a7fba3283e09) Importer(815301076,1909f56bfc062723c751e8b465ee728b) (PreviewImporter) -> (artifact id: '00000000000000000000000000000000') in 0.0007922 seconds
Import Error Code:(4)
Message: Build asset version error: assets/arena/savescript.cs in SourceAssetDB has modification time of '2026-04-09T15:25:57.438422Z' while content on disk has modification time of '2026-04-09T15:26:01.9706472Z'
  ERROR: Build asset version error: assets/arena/savescript.cs in SourceAssetDB has modification time of '2026-04-09T15:25:57.438422Z' while content on disk has modification time of '2026-04-09T15:26:01.9706472Z'
Number of updated asset objects reloaded before import = 0Number of asset objects unloaded after import = 0

========================================================================
Received Import Request.
  Time since last request: 0.000026 seconds.
  path: Assets/arena/saveScript.cs
  artifactKey: Guid(24a3bbdc3f46f264c8b8a7fba3283e09) Importer(815301076,1909f56bfc062723c751e8b465ee728b)
Start importing Assets/arena/saveScript.cs using Guid(24a3bbdc3f46f264c8b8a7fba3283e09) Importer(815301076,1909f56bfc062723c751e8b465ee728b) (PreviewImporter) -> (artifact id: '00000000000000000000000000000000') in 0.0008075 seconds
Import Error Code:(4)
Message: Build asset version error: assets/arena/savescript.cs in SourceAssetDB has modification time of '2026-04-09T15:25:57.438422Z' while content on disk has modification time of '2026-04-09T15:26:01.9706472Z'
  ERROR: Build asset version error: assets/arena/savescript.cs in SourceAssetDB has modification time of '2026-04-09T15:25:57.438422Z' while content on disk has modification time of '2026-04-09T15:26:01.9706472Z'
Number of updated asset objects reloaded before import = 0Number of asset objects unloaded after import = 0

========================================================================
Received Import Request.
  Time since last request: 0.000034 seconds.
  path: Assets/arena/saveScript.cs
  artifactKey: Guid(24a3bbdc3f46f264c8b8a7fba3283e09) Importer(815301076,1909f56bfc062723c751e8b465ee728b)
Start importing Assets/arena/saveScript.cs using Guid(24a3bbdc3f46f264c8b8a7fba3283e09) Importer(815301076,1909f56bfc062723c751e8b465ee728b) (PreviewImporter) -> (artifact id: '00000000000000000000000000000000') in 0.0008111 seconds
Import Error Code:(4)
Message: Build asset version error: assets/arena/savescript.cs in SourceAssetDB has modification time of '2026-04-09T15:25:57.438422Z' while content on disk has modification time of '2026-04-09T15:26:01.9706472Z'
  ERROR: Build asset version error: assets/arena/savescript.cs in SourceAssetDB has modification time of '2026-04-09T15:25:57.438422Z' while content on disk has modification time of '2026-04-09T15:26:01.9706472Z'
Number of updated asset objects reloaded before import = 0Number of asset objects unloaded after import = 0

========================================================================
Received Import Request.
  Time since last request: 0.000022 seconds.
  path: Assets/arena/saveScript.cs
  artifactKey: Guid(24a3bbdc3f46f264c8b8a7fba3283e09) Importer(815301076,1909f56bfc062723c751e8b465ee728b)
Start importing Assets/arena/saveScript.cs using Guid(24a3bbdc3f46f264c8b8a7fba3283e09) Importer(815301076,1909f56bfc062723c751e8b465ee728b) (PreviewImporter) -> (artifact id: '00000000000000000000000000000000') in 0.0008356 seconds
Import Error Code:(4)
Message: Build asset version error: assets/arena/savescript.cs in SourceAssetDB has modification time of '2026-04-09T15:25:57.438422Z' while content on disk has modification time of '2026-04-09T15:26:01.9706472Z'
  ERROR: Build asset version error: assets/arena/savescript.cs in SourceAssetDB has modification time of '2026-04-09T15:25:57.438422Z' while content on disk has modification time of '2026-04-09T15:26:01.9706472Z'
Number of updated asset objects reloaded before import = 0Number of asset objects unloaded after import = 0

========================================================================
Received Import Request.
  Time since last request: 0.000022 seconds.
  path: Assets/arena/saveScript.cs
  artifactKey: Guid(24a3bbdc3f46f264c8b8a7fba3283e09) Importer(815301076,1909f56bfc062723c751e8b465ee728b)
Start importing Assets/arena/saveScript.cs using Guid(24a3bbdc3f46f264c8b8a7fba3283e09) Importer(815301076,1909f56bfc062723c751e8b465ee728b) (PreviewImporter) -> (artifact id: '00000000000000000000000000000000') in 0.0007707 seconds
Import Error Code:(4)
Message: Build asset version error: assets/arena/savescript.cs in SourceAssetDB has modification time of '2026-04-09T15:25:57.438422Z' while content on disk has modification time of '2026-04-09T15:26:01.9706472Z'
  ERROR: Build asset version error: assets/arena/savescript.cs in SourceAssetDB has modification time of '2026-04-09T15:25:57.438422Z' while content on disk has modification time of '2026-04-09T15:26:01.9706472Z'
Number of updated asset objects reloaded before import = 0Number of asset objects unloaded after import = 0

========================================================================
Received Import Request.
  Time since last request: 0.000021 seconds.
  path: Assets/arena/saveScript.cs
  artifactKey: Guid(24a3bbdc3f46f264c8b8a7fba3283e09) Importer(815301076,1909f56bfc062723c751e8b465ee728b)
Start importing Assets/arena/saveScript.cs using Guid(24a3bbdc3f46f264c8b8a7fba3283e09) Importer(815301076,1909f56bfc062723c751e8b465ee728b) (PreviewImporter) -> (artifact id: '00000000000000000000000000000000') in 0.0007941 seconds
Import Error Code:(4)
Message: Build asset version error: assets/arena/savescript.cs in SourceAssetDB has modification time of '2026-04-09T15:25:57.438422Z' while content on disk has modification time of '2026-04-09T15:26:01.9706472Z'
  ERROR: Build asset version error: assets/arena/savescript.cs in SourceAssetDB has modification time of '2026-04-09T15:25:57.438422Z' while content on disk has modification time of '2026-04-09T15:26:01.9706472Z'
Number of updated asset objects reloaded before import = 0Number of asset objects unloaded after import = 0

========================================================================
Received Import Request.
  Time since last request: 0.000027 seconds.
  path: Assets/arena/saveScript.cs
  artifactKey: Guid(24a3bbdc3f46f264c8b8a7fba3283e09) Importer(815301076,1909f56bfc062723c751e8b465ee728b)
Start importing Assets/arena/saveScript.cs using Guid(24a3bbdc3f46f264c8b8a7fba3283e09) Importer(815301076,1909f56bfc062723c751e8b465ee728b) (PreviewImporter) -> (artifact id: '00000000000000000000000000000000') in 0.0010642 seconds
Import Error Code:(4)
Message: Build asset version error: assets/arena/savescript.cs in SourceAssetDB has modification time of '2026-04-09T15:25:57.438422Z' while content on disk has modification time of '2026-04-09T15:26:01.9706472Z'
  ERROR: Build asset version error: assets/arena/savescript.cs in SourceAssetDB has modification time of '2026-04-09T15:25:57.438422Z' while content on disk has modification time of '2026-04-09T15:26:01.9706472Z'
Number of updated asset objects reloaded before import = 0Number of asset objects unloaded after import = 0

========================================================================
Received Import Request.
  Time since last request: 0.000029 seconds.
  path: Assets/arena/saveScript.cs
  artifactKey: Guid(24a3bbdc3f46f264c8b8a7fba3283e09) Importer(815301076,1909f56bfc062723c751e8b465ee728b)
Start importing Assets/arena/saveScript.cs using Guid(24a3bbdc3f46f264c8b8a7fba3283e09) Importer(815301076,1909f56bfc062723c751e8b465ee728b) (PreviewImporter) -> (artifact id: '00000000000000000000000000000000') in 0.0009873 seconds
Import Error Code:(4)
Message: Build asset version error: assets/arena/savescript.cs in SourceAssetDB has modification time of '2026-04-09T15:25:57.438422Z' while content on disk has modification time of '2026-04-09T15:26:01.9706472Z'
  ERROR: Build asset version error: assets/arena/savescript.cs in SourceAssetDB has modification time of '2026-04-09T15:25:57.438422Z' while content on disk has modification time of '2026-04-09T15:26:01.9706472Z'
Number of updated asset objects reloaded before import = 0Number of asset objects unloaded after import = 0

========================================================================
Received Import Request.
  Time since last request: 0.000032 seconds.
  path: Assets/arena/saveScript.cs
  artifactKey: Guid(24a3bbdc3f46f264c8b8a7fba3283e09) Importer(815301076,1909f56bfc062723c751e8b465ee728b)
Start importing Assets/arena/saveScript.cs using Guid(24a3bbdc3f46f264c8b8a7fba3283e09) Importer(815301076,1909f56bfc062723c751e8b465ee728b) (PreviewImporter) -> (artifact id: '00000000000000000000000000000000') in 0.0008121 seconds
Import Error Code:(4)
Message: Build asset version error: assets/arena/savescript.cs in SourceAssetDB has modification time of '2026-04-09T15:25:57.438422Z' while content on disk has modification time of '2026-04-09T15:26:01.9706472Z'
  ERROR: Build asset version error: assets/arena/savescript.cs in SourceAssetDB has modification time of '2026-04-09T15:25:57.438422Z' while content on disk has modification time of '2026-04-09T15:26:01.9706472Z'
Number of updated asset objects reloaded before import = 0Number of asset objects unloaded after import = 0

========================================================================
Received Import Request.
  Time since last request: 0.000024 seconds.
  path: Assets/arena/saveScript.cs
  artifactKey: Guid(24a3bbdc3f46f264c8b8a7fba3283e09) Importer(815301076,1909f56bfc062723c751e8b465ee728b)
Start importing Assets/arena/saveScript.cs using Guid(24a3bbdc3f46f264c8b8a7fba3283e09) Importer(815301076,1909f56bfc062723c751e8b465ee728b) (PreviewImporter) -> (artifact id: '00000000000000000000000000000000') in 0.0015106 seconds
Import Error Code:(4)
Message: Build asset version error: assets/arena/savescript.cs in SourceAssetDB has modification time of '2026-04-09T15:25:57.438422Z' while content on disk has modification time of '2026-04-09T15:26:01.9706472Z'
  ERROR: Build asset version error: assets/arena/savescript.cs in SourceAssetDB has modification time of '2026-04-09T15:25:57.438422Z' while content on disk has modification time of '2026-04-09T15:26:01.9706472Z'
Number of updated asset objects reloaded before import = 0Number of asset objects unloaded after import = 0

========================================================================
Received Import Request.
  Time since last request: 0.000022 seconds.
  path: Assets/arena/saveScript.cs
  artifactKey: Guid(24a3bbdc3f46f264c8b8a7fba3283e09) Importer(815301076,1909f56bfc062723c751e8b465ee728b)
Start importing Assets/arena/saveScript.cs using Guid(24a3bbdc3f46f264c8b8a7fba3283e09) Importer(815301076,1909f56bfc062723c751e8b465ee728b) (PreviewImporter) -> (artifact id: '00000000000000000000000000000000') in 0.0007923 seconds
Import Error Code:(4)
Message: Build asset version error: assets/arena/savescript.cs in SourceAssetDB has modification time of '2026-04-09T15:25:57.438422Z' while content on disk has modification time of '2026-04-09T15:26:01.9706472Z'
  ERROR: Build asset version error: assets/arena/savescript.cs in SourceAssetDB has modification time of '2026-04-09T15:25:57.438422Z' while content on disk has modification time of '2026-04-09T15:26:01.9706472Z'
Number of updated asset objects reloaded before import = 0Number of asset objects unloaded after import = 0

========================================================================
Received Import Request.
  Time since last request: 0.000021 seconds.
  path: Assets/arena/saveScript.cs
  artifactKey: Guid(24a3bbdc3f46f264c8b8a7fba3283e09) Importer(815301076,1909f56bfc062723c751e8b465ee728b)
Start importing Assets/arena/saveScript.cs using Guid(24a3bbdc3f46f264c8b8a7fba3283e09) Importer(815301076,1909f56bfc062723c751e8b465ee728b) (PreviewImporter) -> (artifact id: '00000000000000000000000000000000') in 0.0008017 seconds
Import Error Code:(4)
Message: Build asset version error: assets/arena/savescript.cs in SourceAssetDB has modification time of '2026-04-09T15:25:57.438422Z' while content on disk has modification time of '2026-04-09T15:26:01.9706472Z'
  ERROR: Build asset version error: assets/arena/savescript.cs in SourceAssetDB has modification time of '2026-04-09T15:25:57.438422Z' while content on disk has modification time of '2026-04-09T15:26:01.9706472Z'
Number of updated asset objects reloaded before import = 0Number of asset objects unloaded after import = 0

========================================================================
Received Import Request.
  Time since last request: 0.000023 seconds.
  path: Assets/arena/saveScript.cs
  artifactKey: Guid(24a3bbdc3f46f264c8b8a7fba3283e09) Importer(815301076,1909f56bfc062723c751e8b465ee728b)
Start importing Assets/arena/saveScript.cs using Guid(24a3bbdc3f46f264c8b8a7fba3283e09) Importer(815301076,1909f56bfc062723c751e8b465ee728b) (PreviewImporter) -> (artifact id: '00000000000000000000000000000000') in 0.0007754 seconds
Import Error Code:(4)
Message: Build asset version error: assets/arena/savescript.cs in SourceAssetDB has modification time of '2026-04-09T15:25:57.438422Z' while content on disk has modification time of '2026-04-09T15:26:01.9706472Z'
  ERROR: Build asset version error: assets/arena/savescript.cs in SourceAssetDB has modification time of '2026-04-09T15:25:57.438422Z' while content on disk has modification time of '2026-04-09T15:26:01.9706472Z'
Number of updated asset objects reloaded before import = 0Number of asset objects unloaded after import = 0

========================================================================
Received Import Request.
  Time since last request: 0.000029 seconds.
  path: Assets/arena/saveScript.cs
  artifactKey: Guid(24a3bbdc3f46f264c8b8a7fba3283e09) Importer(815301076,1909f56bfc062723c751e8b465ee728b)
Start importing Assets/arena/saveScript.cs using Guid(24a3bbdc3f46f264c8b8a7fba3283e09) Importer(815301076,1909f56bfc062723c751e8b465ee728b) (PreviewImporter) -> (artifact id: '00000000000000000000000000000000') in 0.0008337 seconds
Import Error Code:(4)
Message: Build asset version error: assets/arena/savescript.cs in SourceAssetDB has modification time of '2026-04-09T15:25:57.438422Z' while content on disk has modification time of '2026-04-09T15:26:01.9706472Z'
  ERROR: Build asset version error: assets/arena/savescript.cs in SourceAssetDB has modification time of '2026-04-09T15:25:57.438422Z' while content on disk has modification time of '2026-04-09T15:26:01.9706472Z'
Number of updated asset objects reloaded before import = 0Number of asset objects unloaded after import = 0

========================================================================
Received Import Request.
  Time since last request: 0.000034 seconds.
  path: Assets/arena/saveScript.cs
  artifactKey: Guid(24a3bbdc3f46f264c8b8a7fba3283e09) Importer(815301076,1909f56bfc062723c751e8b465ee728b)
Start importing Assets/arena/saveScript.cs using Guid(24a3bbdc3f46f264c8b8a7fba3283e09) Importer(815301076,1909f56bfc062723c751e8b465ee728b) (PreviewImporter) -> (artifact id: '00000000000000000000000000000000') in 0.0008169 seconds
Import Error Code:(4)
Message: Build asset version error: assets/arena/savescript.cs in SourceAssetDB has modification time of '2026-04-09T15:25:57.438422Z' while content on disk has modification time of '2026-04-09T15:26:01.9706472Z'
  ERROR: Build asset version error: assets/arena/savescript.cs in SourceAssetDB has modification time of '2026-04-09T15:25:57.438422Z' while content on disk has modification time of '2026-04-09T15:26:01.9706472Z'
Number of updated asset objects reloaded before import = 0Number of asset objects unloaded after import = 0

========================================================================
Received Import Request.
  Time since last request: 0.000024 seconds.
  path: Assets/arena/saveScript.cs
  artifactKey: Guid(24a3bbdc3f46f264c8b8a7fba3283e09) Importer(815301076,1909f56bfc062723c751e8b465ee728b)
Start importing Assets/arena/saveScript.cs using Guid(24a3bbdc3f46f264c8b8a7fba3283e09) Importer(815301076,1909f56bfc062723c751e8b465ee728b) (PreviewImporter) -> (artifact id: '00000000000000000000000000000000') in 0.0009181 seconds
Import Error Code:(4)
Message: Build asset version error: assets/arena/savescript.cs in SourceAssetDB has modification time of '2026-04-09T15:25:57.438422Z' while content on disk has modification time of '2026-04-09T15:26:01.9706472Z'
  ERROR: Build asset version error: assets/arena/savescript.cs in SourceAssetDB has modification time of '2026-04-09T15:25:57.438422Z' while content on disk has modification time of '2026-04-09T15:26:01.9706472Z'
Number of updated asset objects reloaded before import = 0Number of asset objects unloaded after import = 0

========================================================================
Received Import Request.
  Time since last request: 0.000031 seconds.
  path: Assets/arena/saveScript.cs
  artifactKey: Guid(24a3bbdc3f46f264c8b8a7fba3283e09) Importer(815301076,1909f56bfc062723c751e8b465ee728b)
Start importing Assets/arena/saveScript.cs using Guid(24a3bbdc3f46f264c8b8a7fba3283e09) Importer(815301076,1909f56bfc062723c751e8b465ee728b) (PreviewImporter) -> (artifact id: '00000000000000000000000000000000') in 0.0007631 seconds
Import Error Code:(4)
Message: Build asset version error: assets/arena/savescript.cs in SourceAssetDB has modification time of '2026-04-09T15:25:57.438422Z' while content on disk has modification time of '2026-04-09T15:26:01.9706472Z'
  ERROR: Build asset version error: assets/arena/savescript.cs in SourceAssetDB has modification time of '2026-04-09T15:25:57.438422Z' while content on disk has modification time of '2026-04-09T15:26:01.9706472Z'
Number of updated asset objects reloaded before import = 0Number of asset objects unloaded after import = 0

========================================================================
Received Import Request.
  Time since last request: 0.000022 seconds.
  path: Assets/arena/saveScript.cs
  artifactKey: Guid(24a3bbdc3f46f264c8b8a7fba3283e09) Importer(815301076,1909f56bfc062723c751e8b465ee728b)
Start importing Assets/arena/saveScript.cs using Guid(24a3bbdc3f46f264c8b8a7fba3283e09) Importer(815301076,1909f56bfc062723c751e8b465ee728b) (PreviewImporter) -> (artifact id: '00000000000000000000000000000000') in 0.0007739 seconds
Import Error Code:(4)
Message: Build asset version error: assets/arena/savescript.cs in SourceAssetDB has modification time of '2026-04-09T15:25:57.438422Z' while content on disk has modification time of '2026-04-09T15:26:01.9706472Z'
  ERROR: Build asset version error: assets/arena/savescript.cs in SourceAssetDB has modification time of '2026-04-09T15:25:57.438422Z' while content on disk has modification time of '2026-04-09T15:26:01.9706472Z'
Number of updated asset objects reloaded before import = 0Number of asset objects unloaded after import = 0

========================================================================
Received Import Request.
  Time since last request: 0.000022 seconds.
  path: Assets/arena/saveScript.cs
  artifactKey: Guid(24a3bbdc3f46f264c8b8a7fba3283e09) Importer(815301076,1909f56bfc062723c751e8b465ee728b)
Start importing Assets/arena/saveScript.cs using Guid(24a3bbdc3f46f264c8b8a7fba3283e09) Importer(815301076,1909f56bfc062723c751e8b465ee728b) (PreviewImporter) -> (artifact id: '00000000000000000000000000000000') in 0.0008837 seconds
Import Error Code:(4)
Message: Build asset version error: assets/arena/savescript.cs in SourceAssetDB has modification time of '2026-04-09T15:25:57.438422Z' while content on disk has modification time of '2026-04-09T15:26:01.9706472Z'
  ERROR: Build asset version error: assets/arena/savescript.cs in SourceAssetDB has modification time of '2026-04-09T15:25:57.438422Z' while content on disk has modification time of '2026-04-09T15:26:01.9706472Z'
Number of updated asset objects reloaded before import = 0Number of asset objects unloaded after import = 0

========================================================================
Received Import Request.
  Time since last request: 0.000026 seconds.
  path: Assets/arena/saveScript.cs
  artifactKey: Guid(24a3bbdc3f46f264c8b8a7fba3283e09) Importer(815301076,1909f56bfc062723c751e8b465ee728b)
Start importing Assets/arena/saveScript.cs using Guid(24a3bbdc3f46f264c8b8a7fba3283e09) Importer(815301076,1909f56bfc062723c751e8b465ee728b) (PreviewImporter) -> (artifact id: '00000000000000000000000000000000') in 0.0007441 seconds
Import Error Code:(4)
Message: Build asset version error: assets/arena/savescript.cs in SourceAssetDB has modification time of '2026-04-09T15:25:57.438422Z' while content on disk has modification time of '2026-04-09T15:26:01.9706472Z'
  ERROR: Build asset version error: assets/arena/savescript.cs in SourceAssetDB has modification time of '2026-04-09T15:25:57.438422Z' while content on disk has modification time of '2026-04-09T15:26:01.9706472Z'
Number of updated asset objects reloaded before import = 0Number of asset objects unloaded after import = 0

========================================================================
Received Import Request.
  Time since last request: 0.000036 seconds.
  path: Assets/arena/saveScript.cs
  artifactKey: Guid(24a3bbdc3f46f264c8b8a7fba3283e09) Importer(815301076,1909f56bfc062723c751e8b465ee728b)
Start importing Assets/arena/saveScript.cs using Guid(24a3bbdc3f46f264c8b8a7fba3283e09) Importer(815301076,1909f56bfc062723c751e8b465ee728b) (PreviewImporter) -> (artifact id: '00000000000000000000000000000000') in 0.0007655 seconds
Import Error Code:(4)
Message: Build asset version error: assets/arena/savescript.cs in SourceAssetDB has modification time of '2026-04-09T15:25:57.438422Z' while content on disk has modification time of '2026-04-09T15:26:01.9706472Z'
  ERROR: Build asset version error: assets/arena/savescript.cs in SourceAssetDB has modification time of '2026-04-09T15:25:57.438422Z' while content on disk has modification time of '2026-04-09T15:26:01.9706472Z'
Number of updated asset objects reloaded before import = 0Number of asset objects unloaded after import = 0

========================================================================
Received Import Request.
  Time since last request: 0.000020 seconds.
  path: Assets/arena/saveScript.cs
  artifactKey: Guid(24a3bbdc3f46f264c8b8a7fba3283e09) Importer(815301076,1909f56bfc062723c751e8b465ee728b)
Start importing Assets/arena/saveScript.cs using Guid(24a3bbdc3f46f264c8b8a7fba3283e09) Importer(815301076,1909f56bfc062723c751e8b465ee728b) (PreviewImporter) -> (artifact id: '00000000000000000000000000000000') in 0.0009109 seconds
Import Error Code:(4)
Message: Build asset version error: assets/arena/savescript.cs in SourceAssetDB has modification time of '2026-04-09T15:25:57.438422Z' while content on disk has modification time of '2026-04-09T15:26:01.9706472Z'
  ERROR: Build asset version error: assets/arena/savescript.cs in SourceAssetDB has modification time of '2026-04-09T15:25:57.438422Z' while content on disk has modification time of '2026-04-09T15:26:01.9706472Z'
Number of updated asset objects reloaded before import = 0Number of asset objects unloaded after import = 0

========================================================================
Received Import Request.
  Time since last request: 0.000021 seconds.
  path: Assets/arena/saveScript.cs
  artifactKey: Guid(24a3bbdc3f46f264c8b8a7fba3283e09) Importer(815301076,1909f56bfc062723c751e8b465ee728b)
Start importing Assets/arena/saveScript.cs using Guid(24a3bbdc3f46f264c8b8a7fba3283e09) Importer(815301076,1909f56bfc062723c751e8b465ee728b) (PreviewImporter) -> (artifact id: '00000000000000000000000000000000') in 0.0008282 seconds
Import Error Code:(4)
Message: Build asset version error: assets/arena/savescript.cs in SourceAssetDB has modification time of '2026-04-09T15:25:57.438422Z' while content on disk has modification time of '2026-04-09T15:26:01.9706472Z'
  ERROR: Build asset version error: assets/arena/savescript.cs in SourceAssetDB has modification time of '2026-04-09T15:25:57.438422Z' while content on disk has modification time of '2026-04-09T15:26:01.9706472Z'
Number of updated asset objects reloaded before import = 0Number of asset objects unloaded after import = 0

========================================================================
Received Import Request.
  Time since last request: 0.000027 seconds.
  path: Assets/arena/saveScript.cs
  artifactKey: Guid(24a3bbdc3f46f264c8b8a7fba3283e09) Importer(815301076,1909f56bfc062723c751e8b465ee728b)
Start importing Assets/arena/saveScript.cs using Guid(24a3bbdc3f46f264c8b8a7fba3283e09) Importer(815301076,1909f56bfc062723c751e8b465ee728b) (PreviewImporter) -> (artifact id: '00000000000000000000000000000000') in 0.0008577 seconds
Import Error Code:(4)
Message: Build asset version error: assets/arena/savescript.cs in SourceAssetDB has modification time of '2026-04-09T15:25:57.438422Z' while content on disk has modification time of '2026-04-09T15:26:01.9706472Z'
  ERROR: Build asset version error: assets/arena/savescript.cs in SourceAssetDB has modification time of '2026-04-09T15:25:57.438422Z' while content on disk has modification time of '2026-04-09T15:26:01.9706472Z'
Number of updated asset objects reloaded before import = 0Number of asset objects unloaded after import = 0

========================================================================
Received Import Request.
  Time since last request: 0.000022 seconds.
  path: Assets/arena/saveScript.cs
  artifactKey: Guid(24a3bbdc3f46f264c8b8a7fba3283e09) Importer(815301076,1909f56bfc062723c751e8b465ee728b)
Start importing Assets/arena/saveScript.cs using Guid(24a3bbdc3f46f264c8b8a7fba3283e09) Importer(815301076,1909f56bfc062723c751e8b465ee728b) (PreviewImporter) -> (artifact id: '00000000000000000000000000000000') in 0.0008429 seconds
Import Error Code:(4)
Message: Build asset version error: assets/arena/savescript.cs in SourceAssetDB has modification time of '2026-04-09T15:25:57.438422Z' while content on disk has modification time of '2026-04-09T15:26:01.9706472Z'
  ERROR: Build asset version error: assets/arena/savescript.cs in SourceAssetDB has modification time of '2026-04-09T15:25:57.438422Z' while content on disk has modification time of '2026-04-09T15:26:01.9706472Z'
Number of updated asset objects reloaded before import = 0Number of asset objects unloaded after import = 0

========================================================================
Received Import Request.
  Time since last request: 0.000027 seconds.
  path: Assets/arena/saveScript.cs
  artifactKey: Guid(24a3bbdc3f46f264c8b8a7fba3283e09) Importer(815301076,1909f56bfc062723c751e8b465ee728b)
Start importing Assets/arena/saveScript.cs using Guid(24a3bbdc3f46f264c8b8a7fba3283e09) Importer(815301076,1909f56bfc062723c751e8b465ee728b) (PreviewImporter) -> (artifact id: '00000000000000000000000000000000') in 0.0008088 seconds
Import Error Code:(4)
Message: Build asset version error: assets/arena/savescript.cs in SourceAssetDB has modification time of '2026-04-09T15:25:57.438422Z' while content on disk has modification time of '2026-04-09T15:26:01.9706472Z'
  ERROR: Build asset version error: assets/arena/savescript.cs in SourceAssetDB has modification time of '2026-04-09T15:25:57.438422Z' while content on disk has modification time of '2026-04-09T15:26:01.9706472Z'
Number of updated asset objects reloaded before import = 0Number of asset objects unloaded after import = 0

========================================================================
Received Import Request.
  Time since last request: 0.000035 seconds.
  path: Assets/arena/saveScript.cs
  artifactKey: Guid(24a3bbdc3f46f264c8b8a7fba3283e09) Importer(815301076,1909f56bfc062723c751e8b465ee728b)
Start importing Assets/arena/saveScript.cs using Guid(24a3bbdc3f46f264c8b8a7fba3283e09) Importer(815301076,1909f56bfc062723c751e8b465ee728b) (PreviewImporter) -> (artifact id: '00000000000000000000000000000000') in 0.0008284 seconds
Import Error Code:(4)
Message: Build asset version error: assets/arena/savescript.cs in SourceAssetDB has modification time of '2026-04-09T15:25:57.438422Z' while content on disk has modification time of '2026-04-09T15:26:01.9706472Z'
  ERROR: Build asset version error: assets/arena/savescript.cs in SourceAssetDB has modification time of '2026-04-09T15:25:57.438422Z' while content on disk has modification time of '2026-04-09T15:26:01.9706472Z'
Number of updated asset objects reloaded before import = 0Number of asset objects unloaded after import = 0

========================================================================
Received Import Request.
  Time since last request: 0.000023 seconds.
  path: Assets/arena/saveScript.cs
  artifactKey: Guid(24a3bbdc3f46f264c8b8a7fba3283e09) Importer(815301076,1909f56bfc062723c751e8b465ee728b)
Start importing Assets/arena/saveScript.cs using Guid(24a3bbdc3f46f264c8b8a7fba3283e09) Importer(815301076,1909f56bfc062723c751e8b465ee728b) (PreviewImporter) -> (artifact id: '00000000000000000000000000000000') in 0.0007535 seconds
Import Error Code:(4)
Message: Build asset version error: assets/arena/savescript.cs in SourceAssetDB has modification time of '2026-04-09T15:25:57.438422Z' while content on disk has modification time of '2026-04-09T15:26:01.9706472Z'
  ERROR: Build asset version error: assets/arena/savescript.cs in SourceAssetDB has modification time of '2026-04-09T15:25:57.438422Z' while content on disk has modification time of '2026-04-09T15:26:01.9706472Z'
Number of updated asset objects reloaded before import = 0Number of asset objects unloaded after import = 0

========================================================================
Received Import Request.
  Time since last request: 0.000022 seconds.
  path: Assets/arena/saveScript.cs
  artifactKey: Guid(24a3bbdc3f46f264c8b8a7fba3283e09) Importer(815301076,1909f56bfc062723c751e8b465ee728b)
Start importing Assets/arena/saveScript.cs using Guid(24a3bbdc3f46f264c8b8a7fba3283e09) Importer(815301076,1909f56bfc062723c751e8b465ee728b) (PreviewImporter) -> (artifact id: '00000000000000000000000000000000') in 0.0007796 seconds
Import Error Code:(4)
Message: Build asset version error: assets/arena/savescript.cs in SourceAssetDB has modification time of '2026-04-09T15:25:57.438422Z' while content on disk has modification time of '2026-04-09T15:26:01.9706472Z'
  ERROR: Build asset version error: assets/arena/savescript.cs in SourceAssetDB has modification time of '2026-04-09T15:25:57.438422Z' while content on disk has modification time of '2026-04-09T15:26:01.9706472Z'
Number of updated asset objects reloaded before import = 0Number of asset objects unloaded after import = 0

========================================================================
Received Import Request.
  Time since last request: 0.000022 seconds.
  path: Assets/arena/saveScript.cs
  artifactKey: Guid(24a3bbdc3f46f264c8b8a7fba3283e09) Importer(815301076,1909f56bfc062723c751e8b465ee728b)
Start importing Assets/arena/saveScript.cs using Guid(24a3bbdc3f46f264c8b8a7fba3283e09) Importer(815301076,1909f56bfc062723c751e8b465ee728b) (PreviewImporter) -> (artifact id: '00000000000000000000000000000000') in 0.0008484 seconds
Import Error Code:(4)
Message: Build asset version error: assets/arena/savescript.cs in SourceAssetDB has modification time of '2026-04-09T15:25:57.438422Z' while content on disk has modification time of '2026-04-09T15:26:01.9706472Z'
  ERROR: Build asset version error: assets/arena/savescript.cs in SourceAssetDB has modification time of '2026-04-09T15:25:57.438422Z' while content on disk has modification time of '2026-04-09T15:26:01.9706472Z'
Number of updated asset objects reloaded before import = 0Number of asset objects unloaded after import = 0

========================================================================
Received Import Request.
  Time since last request: 0.000022 seconds.
  path: Assets/arena/saveScript.cs
  artifactKey: Guid(24a3bbdc3f46f264c8b8a7fba3283e09) Importer(815301076,1909f56bfc062723c751e8b465ee728b)
Start importing Assets/arena/saveScript.cs using Guid(24a3bbdc3f46f264c8b8a7fba3283e09) Importer(815301076,1909f56bfc062723c751e8b465ee728b) (PreviewImporter) -> (artifact id: '00000000000000000000000000000000') in 0.0009742 seconds
Import Error Code:(4)
Message: Build asset version error: assets/arena/savescript.cs in SourceAssetDB has modification time of '2026-04-09T15:25:57.438422Z' while content on disk has modification time of '2026-04-09T15:26:01.9706472Z'
  ERROR: Build asset version error: assets/arena/savescript.cs in SourceAssetDB has modification time of '2026-04-09T15:25:57.438422Z' while content on disk has modification time of '2026-04-09T15:26:01.9706472Z'
Number of updated asset objects reloaded before import = 0Number of asset objects unloaded after import = 0

========================================================================
Received Import Request.
  Time since last request: 0.000028 seconds.
  path: Assets/arena/saveScript.cs
  artifactKey: Guid(24a3bbdc3f46f264c8b8a7fba3283e09) Importer(815301076,1909f56bfc062723c751e8b465ee728b)
Start importing Assets/arena/saveScript.cs using Guid(24a3bbdc3f46f264c8b8a7fba3283e09) Importer(815301076,1909f56bfc062723c751e8b465ee728b) (PreviewImporter) -> (artifact id: '00000000000000000000000000000000') in 0.0008068 seconds
Import Error Code:(4)
Message: Build asset version error: assets/arena/savescript.cs in SourceAssetDB has modification time of '2026-04-09T15:25:57.438422Z' while content on disk has modification time of '2026-04-09T15:26:01.9706472Z'
  ERROR: Build asset version error: assets/arena/savescript.cs in SourceAssetDB has modification time of '2026-04-09T15:25:57.438422Z' while content on disk has modification time of '2026-04-09T15:26:01.9706472Z'
Number of updated asset objects reloaded before import = 0Number of asset objects unloaded after import = 0

========================================================================
Received Import Request.
  Time since last request: 0.000033 seconds.
  path: Assets/arena/saveScript.cs
  artifactKey: Guid(24a3bbdc3f46f264c8b8a7fba3283e09) Importer(815301076,1909f56bfc062723c751e8b465ee728b)
Start importing Assets/arena/saveScript.cs using Guid(24a3bbdc3f46f264c8b8a7fba3283e09) Importer(815301076,1909f56bfc062723c751e8b465ee728b) (PreviewImporter) -> (artifact id: '00000000000000000000000000000000') in 0.0010276 seconds
Import Error Code:(4)
Message: Build asset version error: assets/arena/savescript.cs in SourceAssetDB has modification time of '2026-04-09T15:25:57.438422Z' while content on disk has modification time of '2026-04-09T15:26:01.9706472Z'
  ERROR: Build asset version error: assets/arena/savescript.cs in SourceAssetDB has modification time of '2026-04-09T15:25:57.438422Z' while content on disk has modification time of '2026-04-09T15:26:01.9706472Z'
Number of updated asset objects reloaded before import = 0Number of asset objects unloaded after import = 0

========================================================================
Received Import Request.
  Time since last request: 0.000023 seconds.
  path: Assets/arena/saveScript.cs
  artifactKey: Guid(24a3bbdc3f46f264c8b8a7fba3283e09) Importer(815301076,1909f56bfc062723c751e8b465ee728b)
Start importing Assets/arena/saveScript.cs using Guid(24a3bbdc3f46f264c8b8a7fba3283e09) Importer(815301076,1909f56bfc062723c751e8b465ee728b) (PreviewImporter) -> (artifact id: '00000000000000000000000000000000') in 0.0007937 seconds
Import Error Code:(4)
Message: Build asset version error: assets/arena/savescript.cs in SourceAssetDB has modification time of '2026-04-09T15:25:57.438422Z' while content on disk has modification time of '2026-04-09T15:26:01.9706472Z'
  ERROR: Build asset version error: assets/arena/savescript.cs in SourceAssetDB has modification time of '2026-04-09T15:25:57.438422Z' while content on disk has modification time of '2026-04-09T15:26:01.9706472Z'
Number of updated asset objects reloaded before import = 0Number of asset objects unloaded after import = 0

========================================================================
Received Import Request.
  Time since last request: 0.000022 seconds.
  path: Assets/arena/saveScript.cs
  artifactKey: Guid(24a3bbdc3f46f264c8b8a7fba3283e09) Importer(815301076,1909f56bfc062723c751e8b465ee728b)
Start importing Assets/arena/saveScript.cs using Guid(24a3bbdc3f46f264c8b8a7fba3283e09) Importer(815301076,1909f56bfc062723c751e8b465ee728b) (PreviewImporter) -> (artifact id: '00000000000000000000000000000000') in 0.0009686 seconds
Import Error Code:(4)
Message: Build asset version error: assets/arena/savescript.cs in SourceAssetDB has modification time of '2026-04-09T15:25:57.438422Z' while content on disk has modification time of '2026-04-09T15:26:01.9706472Z'
  ERROR: Build asset version error: assets/arena/savescript.cs in SourceAssetDB has modification time of '2026-04-09T15:25:57.438422Z' while content on disk has modification time of '2026-04-09T15:26:01.9706472Z'
Number of updated asset objects reloaded before import = 0Number of asset objects unloaded after import = 0

========================================================================
Received Import Request.
  Time since last request: 0.000022 seconds.
  path: Assets/arena/saveScript.cs
  artifactKey: Guid(24a3bbdc3f46f264c8b8a7fba3283e09) Importer(815301076,1909f56bfc062723c751e8b465ee728b)
Start importing Assets/arena/saveScript.cs using Guid(24a3bbdc3f46f264c8b8a7fba3283e09) Importer(815301076,1909f56bfc062723c751e8b465ee728b) (PreviewImporter) -> (artifact id: '00000000000000000000000000000000') in 0.000792 seconds
Import Error Code:(4)
Message: Build asset version error: assets/arena/savescript.cs in SourceAssetDB has modification time of '2026-04-09T15:25:57.438422Z' while content on disk has modification time of '2026-04-09T15:26:01.9706472Z'
  ERROR: Build asset version error: assets/arena/savescript.cs in SourceAssetDB has modification time of '2026-04-09T15:25:57.438422Z' while content on disk has modification time of '2026-04-09T15:26:01.9706472Z'
Number of updated asset objects reloaded before import = 0Number of asset objects unloaded after import = 0

========================================================================
Received Import Request.
  Time since last request: 0.000025 seconds.
  path: Assets/arena/saveScript.cs
  artifactKey: Guid(24a3bbdc3f46f264c8b8a7fba3283e09) Importer(815301076,1909f56bfc062723c751e8b465ee728b)
Start importing Assets/arena/saveScript.cs using Guid(24a3bbdc3f46f264c8b8a7fba3283e09) Importer(815301076,1909f56bfc062723c751e8b465ee728b) (PreviewImporter) -> (artifact id: '00000000000000000000000000000000') in 0.0008065 seconds
Import Error Code:(4)
Message: Build asset version error: assets/arena/savescript.cs in SourceAssetDB has modification time of '2026-04-09T15:25:57.438422Z' while content on disk has modification time of '2026-04-09T15:26:01.9706472Z'
  ERROR: Build asset version error: assets/arena/savescript.cs in SourceAssetDB has modification time of '2026-04-09T15:25:57.438422Z' while content on disk has modification time of '2026-04-09T15:26:01.9706472Z'
Number of updated asset objects reloaded before import = 0Number of asset objects unloaded after import = 0

========================================================================
Received Import Request.
  Time since last request: 0.000035 seconds.
  path: Assets/arena/saveScript.cs
  artifactKey: Guid(24a3bbdc3f46f264c8b8a7fba3283e09) Importer(815301076,1909f56bfc062723c751e8b465ee728b)
Start importing Assets/arena/saveScript.cs using Guid(24a3bbdc3f46f264c8b8a7fba3283e09) Importer(815301076,1909f56bfc062723c751e8b465ee728b) (PreviewImporter) -> (artifact id: '00000000000000000000000000000000') in 0.0007399 seconds
Import Error Code:(4)
Message: Build asset version error: assets/arena/savescript.cs in SourceAssetDB has modification time of '2026-04-09T15:25:57.438422Z' while content on disk has modification time of '2026-04-09T15:26:01.9706472Z'
  ERROR: Build asset version error: assets/arena/savescript.cs in SourceAssetDB has modification time of '2026-04-09T15:25:57.438422Z' while content on disk has modification time of '2026-04-09T15:26:01.9706472Z'
Number of updated asset objects reloaded before import = 0Number of asset objects unloaded after import = 0

========================================================================
Received Import Request.
  Time since last request: 0.000022 seconds.
  path: Assets/arena/saveScript.cs
  artifactKey: Guid(24a3bbdc3f46f264c8b8a7fba3283e09) Importer(815301076,1909f56bfc062723c751e8b465ee728b)
Start importing Assets/arena/saveScript.cs using Guid(24a3bbdc3f46f264c8b8a7fba3283e09) Importer(815301076,1909f56bfc062723c751e8b465ee728b) (PreviewImporter) -> (artifact id: '00000000000000000000000000000000') in 0.0012363 seconds
Import Error Code:(4)
Message: Build asset version error: assets/arena/savescript.cs in SourceAssetDB has modification time of '2026-04-09T15:25:57.438422Z' while content on disk has modification time of '2026-04-09T15:26:01.9706472Z'
  ERROR: Build asset version error: assets/arena/savescript.cs in SourceAssetDB has modification time of '2026-04-09T15:25:57.438422Z' while content on disk has modification time of '2026-04-09T15:26:01.9706472Z'
Number of updated asset objects reloaded before import = 0Number of asset objects unloaded after import = 0

========================================================================
Received Import Request.
  Time since last request: 0.000021 seconds.
  path: Assets/arena/saveScript.cs
  artifactKey: Guid(24a3bbdc3f46f264c8b8a7fba3283e09) Importer(815301076,1909f56bfc062723c751e8b465ee728b)
Start importing Assets/arena/saveScript.cs using Guid(24a3bbdc3f46f264c8b8a7fba3283e09) Importer(815301076,1909f56bfc062723c751e8b465ee728b) (PreviewImporter) -> (artifact id: '00000000000000000000000000000000') in 0.0007668 seconds
Import Error Code:(4)
Message: Build asset version error: assets/arena/savescript.cs in SourceAssetDB has modification time of '2026-04-09T15:25:57.438422Z' while content on disk has modification time of '2026-04-09T15:26:01.9706472Z'
  ERROR: Build asset version error: assets/arena/savescript.cs in SourceAssetDB has modification time of '2026-04-09T15:25:57.438422Z' while content on disk has modification time of '2026-04-09T15:26:01.9706472Z'
Number of updated asset objects reloaded before import = 0Number of asset objects unloaded after import = 0

========================================================================
Received Import Request.
  Time since last request: 0.000021 seconds.
  path: Assets/arena/saveScript.cs
  artifactKey: Guid(24a3bbdc3f46f264c8b8a7fba3283e09) Importer(815301076,1909f56bfc062723c751e8b465ee728b)
Start importing Assets/arena/saveScript.cs using Guid(24a3bbdc3f46f264c8b8a7fba3283e09) Importer(815301076,1909f56bfc062723c751e8b465ee728b) (PreviewImporter) -> (artifact id: '00000000000000000000000000000000') in 0.00077 seconds
Import Error Code:(4)
Message: Build asset version error: assets/arena/savescript.cs in SourceAssetDB has modification time of '2026-04-09T15:25:57.438422Z' while content on disk has modification time of '2026-04-09T15:26:01.9706472Z'
  ERROR: Build asset version error: assets/arena/savescript.cs in SourceAssetDB has modification time of '2026-04-09T15:25:57.438422Z' while content on disk has modification time of '2026-04-09T15:26:01.9706472Z'
Number of updated asset objects reloaded before import = 0Number of asset objects unloaded after import = 0

========================================================================
Received Import Request.
  Time since last request: 0.000023 seconds.
  path: Assets/arena/saveScript.cs
  artifactKey: Guid(24a3bbdc3f46f264c8b8a7fba3283e09) Importer(815301076,1909f56bfc062723c751e8b465ee728b)
Start importing Assets/arena/saveScript.cs using Guid(24a3bbdc3f46f264c8b8a7fba3283e09) Importer(815301076,1909f56bfc062723c751e8b465ee728b) (PreviewImporter) -> (artifact id: '00000000000000000000000000000000') in 0.0009364 seconds
Import Error Code:(4)
Message: Build asset version error: assets/arena/savescript.cs in SourceAssetDB has modification time of '2026-04-09T15:25:57.438422Z' while content on disk has modification time of '2026-04-09T15:26:01.9706472Z'
  ERROR: Build asset version error: assets/arena/savescript.cs in SourceAssetDB has modification time of '2026-04-09T15:25:57.438422Z' while content on disk has modification time of '2026-04-09T15:26:01.9706472Z'
Number of updated asset objects reloaded before import = 0Number of asset objects unloaded after import = 0

========================================================================
Received Import Request.
  Time since last request: 0.000163 seconds.
  path: Assets/arena/saveScript.cs
  artifactKey: Guid(24a3bbdc3f46f264c8b8a7fba3283e09) Importer(815301076,1909f56bfc062723c751e8b465ee728b)
Start importing Assets/arena/saveScript.cs using Guid(24a3bbdc3f46f264c8b8a7fba3283e09) Importer(815301076,1909f56bfc062723c751e8b465ee728b) (PreviewImporter) -> (artifact id: '00000000000000000000000000000000') in 0.0009242 seconds
Import Error Code:(4)
Message: Build asset version error: assets/arena/savescript.cs in SourceAssetDB has modification time of '2026-04-09T15:25:57.438422Z' while content on disk has modification time of '2026-04-09T15:26:01.9706472Z'
  ERROR: Build asset version error: assets/arena/savescript.cs in SourceAssetDB has modification time of '2026-04-09T15:25:57.438422Z' while content on disk has modification time of '2026-04-09T15:26:01.9706472Z'
Number of updated asset objects reloaded before import = 0Number of asset objects unloaded after import = 0

========================================================================
Received Import Request.
  Time since last request: 0.000036 seconds.
  path: Assets/arena/saveScript.cs
  artifactKey: Guid(24a3bbdc3f46f264c8b8a7fba3283e09) Importer(815301076,1909f56bfc062723c751e8b465ee728b)
Start importing Assets/arena/saveScript.cs using Guid(24a3bbdc3f46f264c8b8a7fba3283e09) Importer(815301076,1909f56bfc062723c751e8b465ee728b) (PreviewImporter) -> (artifact id: '00000000000000000000000000000000') in 0.0007648 seconds
Import Error Code:(4)
Message: Build asset version error: assets/arena/savescript.cs in SourceAssetDB has modification time of '2026-04-09T15:25:57.438422Z' while content on disk has modification time of '2026-04-09T15:26:01.9706472Z'
  ERROR: Build asset version error: assets/arena/savescript.cs in SourceAssetDB has modification time of '2026-04-09T15:25:57.438422Z' while content on disk has modification time of '2026-04-09T15:26:01.9706472Z'
Number of updated asset objects reloaded before import = 0Number of asset objects unloaded after import = 0

========================================================================
Received Import Request.
  Time since last request: 0.000023 seconds.
  path: Assets/arena/saveScript.cs
  artifactKey: Guid(24a3bbdc3f46f264c8b8a7fba3283e09) Importer(815301076,1909f56bfc062723c751e8b465ee728b)
Start importing Assets/arena/saveScript.cs using Guid(24a3bbdc3f46f264c8b8a7fba3283e09) Importer(815301076,1909f56bfc062723c751e8b465ee728b) (PreviewImporter) -> (artifact id: '00000000000000000000000000000000') in 0.0008907 seconds
Import Error Code:(4)
Message: Build asset version error: assets/arena/savescript.cs in SourceAssetDB has modification time of '2026-04-09T15:25:57.438422Z' while content on disk has modification time of '2026-04-09T15:26:01.9706472Z'
  ERROR: Build asset version error: assets/arena/savescript.cs in SourceAssetDB has modification time of '2026-04-09T15:25:57.438422Z' while content on disk has modification time of '2026-04-09T15:26:01.9706472Z'
Number of updated asset objects reloaded before import = 0Number of asset objects unloaded after import = 0

========================================================================
Received Import Request.
  Time since last request: 0.000021 seconds.
  path: Assets/arena/saveScript.cs
  artifactKey: Guid(24a3bbdc3f46f264c8b8a7fba3283e09) Importer(815301076,1909f56bfc062723c751e8b465ee728b)
Start importing Assets/arena/saveScript.cs using Guid(24a3bbdc3f46f264c8b8a7fba3283e09) Importer(815301076,1909f56bfc062723c751e8b465ee728b) (PreviewImporter) -> (artifact id: '00000000000000000000000000000000') in 0.0007728 seconds
Import Error Code:(4)
Message: Build asset version error: assets/arena/savescript.cs in SourceAssetDB has modification time of '2026-04-09T15:25:57.438422Z' while content on disk has modification time of '2026-04-09T15:26:01.9706472Z'
  ERROR: Build asset version error: assets/arena/savescript.cs in SourceAssetDB has modification time of '2026-04-09T15:25:57.438422Z' while content on disk has modification time of '2026-04-09T15:26:01.9706472Z'
Number of updated asset objects reloaded before import = 0Number of asset objects unloaded after import = 0

========================================================================
Received Import Request.
  Time since last request: 0.000021 seconds.
  path: Assets/arena/saveScript.cs
  artifactKey: Guid(24a3bbdc3f46f264c8b8a7fba3283e09) Importer(815301076,1909f56bfc062723c751e8b465ee728b)
Start importing Assets/arena/saveScript.cs using Guid(24a3bbdc3f46f264c8b8a7fba3283e09) Importer(815301076,1909f56bfc062723c751e8b465ee728b) (PreviewImporter) -> (artifact id: '00000000000000000000000000000000') in 0.0007513 seconds
Import Error Code:(4)
Message: Build asset version error: assets/arena/savescript.cs in SourceAssetDB has modification time of '2026-04-09T15:25:57.438422Z' while content on disk has modification time of '2026-04-09T15:26:01.9706472Z'
  ERROR: Build asset version error: assets/arena/savescript.cs in SourceAssetDB has modification time of '2026-04-09T15:25:57.438422Z' while content on disk has modification time of '2026-04-09T15:26:01.9706472Z'
Number of updated asset objects reloaded before import = 0Number of asset objects unloaded after import = 0

========================================================================
Received Import Request.
  Time since last request: 0.000024 seconds.
  path: Assets/arena/saveScript.cs
  artifactKey: Guid(24a3bbdc3f46f264c8b8a7fba3283e09) Importer(815301076,1909f56bfc062723c751e8b465ee728b)
Start importing Assets/arena/saveScript.cs using Guid(24a3bbdc3f46f264c8b8a7fba3283e09) Importer(815301076,1909f56bfc062723c751e8b465ee728b) (PreviewImporter) -> (artifact id: '00000000000000000000000000000000') in 0.0009393 seconds
Import Error Code:(4)
Message: Build asset version error: assets/arena/savescript.cs in SourceAssetDB has modification time of '2026-04-09T15:25:57.438422Z' while content on disk has modification time of '2026-04-09T15:26:01.9706472Z'
  ERROR: Build asset version error: assets/arena/savescript.cs in SourceAssetDB has modification time of '2026-04-09T15:25:57.438422Z' while content on disk has modification time of '2026-04-09T15:26:01.9706472Z'
Number of updated asset objects reloaded before import = 0Number of asset objects unloaded after import = 0

========================================================================
Received Import Request.
  Time since last request: 0.000032 seconds.
  path: Assets/arena/saveScript.cs
  artifactKey: Guid(24a3bbdc3f46f264c8b8a7fba3283e09) Importer(815301076,1909f56bfc062723c751e8b465ee728b)
Start importing Assets/arena/saveScript.cs using Guid(24a3bbdc3f46f264c8b8a7fba3283e09) Importer(815301076,1909f56bfc062723c751e8b465ee728b) (PreviewImporter) -> (artifact id: '00000000000000000000000000000000') in 0.0007875 seconds
Import Error Code:(4)
Message: Build asset version error: assets/arena/savescript.cs in SourceAssetDB has modification time of '2026-04-09T15:25:57.438422Z' while content on disk has modification time of '2026-04-09T15:26:01.9706472Z'
  ERROR: Build asset version error: assets/arena/savescript.cs in SourceAssetDB has modification time of '2026-04-09T15:25:57.438422Z' while content on disk has modification time of '2026-04-09T15:26:01.9706472Z'
Number of updated asset objects reloaded before import = 0Number of asset objects unloaded after import = 0

========================================================================
Received Import Request.
  Time since last request: 0.000040 seconds.
  path: Assets/arena/saveScript.cs
  artifactKey: Guid(24a3bbdc3f46f264c8b8a7fba3283e09) Importer(815301076,1909f56bfc062723c751e8b465ee728b)
Start importing Assets/arena/saveScript.cs using Guid(24a3bbdc3f46f264c8b8a7fba3283e09) Importer(815301076,1909f56bfc062723c751e8b465ee728b) (PreviewImporter) -> (artifact id: '00000000000000000000000000000000') in 0.000796 seconds
Import Error Code:(4)
Message: Build asset version error: assets/arena/savescript.cs in SourceAssetDB has modification time of '2026-04-09T15:25:57.438422Z' while content on disk has modification time of '2026-04-09T15:26:01.9706472Z'
  ERROR: Build asset version error: assets/arena/savescript.cs in SourceAssetDB has modification time of '2026-04-09T15:25:57.438422Z' while content on disk has modification time of '2026-04-09T15:26:01.9706472Z'
Number of updated asset objects reloaded before import = 0Number of asset objects unloaded after import = 0

========================================================================
Received Import Request.
  Time since last request: 0.000025 seconds.
  path: Assets/arena/saveScript.cs
  artifactKey: Guid(24a3bbdc3f46f264c8b8a7fba3283e09) Importer(815301076,1909f56bfc062723c751e8b465ee728b)
Start importing Assets/arena/saveScript.cs using Guid(24a3bbdc3f46f264c8b8a7fba3283e09) Importer(815301076,1909f56bfc062723c751e8b465ee728b) (PreviewImporter) -> (artifact id: '00000000000000000000000000000000') in 0.0007766 seconds
Import Error Code:(4)
Message: Build asset version error: assets/arena/savescript.cs in SourceAssetDB has modification time of '2026-04-09T15:25:57.438422Z' while content on disk has modification time of '2026-04-09T15:26:01.9706472Z'
  ERROR: Build asset version error: assets/arena/savescript.cs in SourceAssetDB has modification time of '2026-04-09T15:25:57.438422Z' while content on disk has modification time of '2026-04-09T15:26:01.9706472Z'
Number of updated asset objects reloaded before import = 0Number of asset objects unloaded after import = 0

========================================================================
Received Import Request.
  Time since last request: 0.000021 seconds.
  path: Assets/arena/saveScript.cs
  artifactKey: Guid(24a3bbdc3f46f264c8b8a7fba3283e09) Importer(815301076,1909f56bfc062723c751e8b465ee728b)
Start importing Assets/arena/saveScript.cs using Guid(24a3bbdc3f46f264c8b8a7fba3283e09) Importer(815301076,1909f56bfc062723c751e8b465ee728b) (PreviewImporter) -> (artifact id: '00000000000000000000000000000000') in 0.0007727 seconds
Import Error Code:(4)
Message: Build asset version error: assets/arena/savescript.cs in SourceAssetDB has modification time of '2026-04-09T15:25:57.438422Z' while content on disk has modification time of '2026-04-09T15:26:01.9706472Z'
  ERROR: Build asset version error: assets/arena/savescript.cs in SourceAssetDB has modification time of '2026-04-09T15:25:57.438422Z' while content on disk has modification time of '2026-04-09T15:26:01.9706472Z'
Number of updated asset objects reloaded before import = 0Number of asset objects unloaded after import = 0

========================================================================
Received Import Request.
  Time since last request: 0.000021 seconds.
  path: Assets/arena/saveScript.cs
  artifactKey: Guid(24a3bbdc3f46f264c8b8a7fba3283e09) Importer(815301076,1909f56bfc062723c751e8b465ee728b)
Start importing Assets/arena/saveScript.cs using Guid(24a3bbdc3f46f264c8b8a7fba3283e09) Importer(815301076,1909f56bfc062723c751e8b465ee728b) (PreviewImporter) -> (artifact id: '00000000000000000000000000000000') in 0.0008059 seconds
Import Error Code:(4)
Message: Build asset version error: assets/arena/savescript.cs in SourceAssetDB has modification time of '2026-04-09T15:25:57.438422Z' while content on disk has modification time of '2026-04-09T15:26:01.9706472Z'
  ERROR: Build asset version error: assets/arena/savescript.cs in SourceAssetDB has modification time of '2026-04-09T15:25:57.438422Z' while content on disk has modification time of '2026-04-09T15:26:01.9706472Z'
Number of updated asset objects reloaded before import = 0Number of asset objects unloaded after import = 0

========================================================================
Received Import Request.
  Time since last request: 0.000022 seconds.
  path: Assets/arena/saveScript.cs
  artifactKey: Guid(24a3bbdc3f46f264c8b8a7fba3283e09) Importer(815301076,1909f56bfc062723c751e8b465ee728b)
Start importing Assets/arena/saveScript.cs using Guid(24a3bbdc3f46f264c8b8a7fba3283e09) Importer(815301076,1909f56bfc062723c751e8b465ee728b) (PreviewImporter) -> (artifact id: '00000000000000000000000000000000') in 0.0007719 seconds
Import Error Code:(4)
Message: Build asset version error: assets/arena/savescript.cs in SourceAssetDB has modification time of '2026-04-09T15:25:57.438422Z' while content on disk has modification time of '2026-04-09T15:26:01.9706472Z'
  ERROR: Build asset version error: assets/arena/savescript.cs in SourceAssetDB has modification time of '2026-04-09T15:25:57.438422Z' while content on disk has modification time of '2026-04-09T15:26:01.9706472Z'
Number of updated asset objects reloaded before import = 0Number of asset objects unloaded after import = 0

========================================================================
Received Import Request.
  Time since last request: 0.000025 seconds.
  path: Assets/arena/saveScript.cs
  artifactKey: Guid(24a3bbdc3f46f264c8b8a7fba3283e09) Importer(815301076,1909f56bfc062723c751e8b465ee728b)
Start importing Assets/arena/saveScript.cs using Guid(24a3bbdc3f46f264c8b8a7fba3283e09) Importer(815301076,1909f56bfc062723c751e8b465ee728b) (PreviewImporter) -> (artifact id: '00000000000000000000000000000000') in 0.0007792 seconds
Import Error Code:(4)
Message: Build asset version error: assets/arena/savescript.cs in SourceAssetDB has modification time of '2026-04-09T15:25:57.438422Z' while content on disk has modification time of '2026-04-09T15:26:01.9706472Z'
  ERROR: Build asset version error: assets/arena/savescript.cs in SourceAssetDB has modification time of '2026-04-09T15:25:57.438422Z' while content on disk has modification time of '2026-04-09T15:26:01.9706472Z'
Number of updated asset objects reloaded before import = 0Number of asset objects unloaded after import = 0

========================================================================
Received Import Request.
  Time since last request: 0.000036 seconds.
  path: Assets/arena/saveScript.cs
  artifactKey: Guid(24a3bbdc3f46f264c8b8a7fba3283e09) Importer(815301076,1909f56bfc062723c751e8b465ee728b)
Start importing Assets/arena/saveScript.cs using Guid(24a3bbdc3f46f264c8b8a7fba3283e09) Importer(815301076,1909f56bfc062723c751e8b465ee728b) (PreviewImporter) -> (artifact id: '00000000000000000000000000000000') in 0.0008153 seconds
Import Error Code:(4)
Message: Build asset version error: assets/arena/savescript.cs in SourceAssetDB has modification time of '2026-04-09T15:25:57.438422Z' while content on disk has modification time of '2026-04-09T15:26:01.9706472Z'
  ERROR: Build asset version error: assets/arena/savescript.cs in SourceAssetDB has modification time of '2026-04-09T15:25:57.438422Z' while content on disk has modification time of '2026-04-09T15:26:01.9706472Z'
Number of updated asset objects reloaded before import = 0Number of asset objects unloaded after import = 0

========================================================================
Received Import Request.
  Time since last request: 0.000021 seconds.
  path: Assets/arena/saveScript.cs
  artifactKey: Guid(24a3bbdc3f46f264c8b8a7fba3283e09) Importer(815301076,1909f56bfc062723c751e8b465ee728b)
Start importing Assets/arena/saveScript.cs using Guid(24a3bbdc3f46f264c8b8a7fba3283e09) Importer(815301076,1909f56bfc062723c751e8b465ee728b) (PreviewImporter) -> (artifact id: '00000000000000000000000000000000') in 0.0007636 seconds
Import Error Code:(4)
Message: Build asset version error: assets/arena/savescript.cs in SourceAssetDB has modification time of '2026-04-09T15:25:57.438422Z' while content on disk has modification time of '2026-04-09T15:26:01.9706472Z'
  ERROR: Build asset version error: assets/arena/savescript.cs in SourceAssetDB has modification time of '2026-04-09T15:25:57.438422Z' while content on disk has modification time of '2026-04-09T15:26:01.9706472Z'
Number of updated asset objects reloaded before import = 0Number of asset objects unloaded after import = 0

========================================================================
Received Import Request.
  Time since last request: 0.000022 seconds.
  path: Assets/arena/saveScript.cs
  artifactKey: Guid(24a3bbdc3f46f264c8b8a7fba3283e09) Importer(815301076,1909f56bfc062723c751e8b465ee728b)
Start importing Assets/arena/saveScript.cs using Guid(24a3bbdc3f46f264c8b8a7fba3283e09) Importer(815301076,1909f56bfc062723c751e8b465ee728b) (PreviewImporter) -> (artifact id: '00000000000000000000000000000000') in 0.0007925 seconds
Import Error Code:(4)
Message: Build asset version error: assets/arena/savescript.cs in SourceAssetDB has modification time of '2026-04-09T15:25:57.438422Z' while content on disk has modification time of '2026-04-09T15:26:01.9706472Z'
  ERROR: Build asset version error: assets/arena/savescript.cs in SourceAssetDB has modification time of '2026-04-09T15:25:57.438422Z' while content on disk has modification time of '2026-04-09T15:26:01.9706472Z'
Number of updated asset objects reloaded before import = 0Number of asset objects unloaded after import = 0

========================================================================
Received Import Request.
  Time since last request: 0.000022 seconds.
  path: Assets/arena/saveScript.cs
  artifactKey: Guid(24a3bbdc3f46f264c8b8a7fba3283e09) Importer(815301076,1909f56bfc062723c751e8b465ee728b)
Start importing Assets/arena/saveScript.cs using Guid(24a3bbdc3f46f264c8b8a7fba3283e09) Importer(815301076,1909f56bfc062723c751e8b465ee728b) (PreviewImporter) -> (artifact id: '00000000000000000000000000000000') in 0.0013072 seconds
Import Error Code:(4)
Message: Build asset version error: assets/arena/savescript.cs in SourceAssetDB has modification time of '2026-04-09T15:25:57.438422Z' while content on disk has modification time of '2026-04-09T15:26:01.9706472Z'
  ERROR: Build asset version error: assets/arena/savescript.cs in SourceAssetDB has modification time of '2026-04-09T15:25:57.438422Z' while content on disk has modification time of '2026-04-09T15:26:01.9706472Z'
Number of updated asset objects reloaded before import = 0Number of asset objects unloaded after import = 0

========================================================================
Received Import Request.
  Time since last request: 0.000027 seconds.
  path: Assets/arena/saveScript.cs
  artifactKey: Guid(24a3bbdc3f46f264c8b8a7fba3283e09) Importer(815301076,1909f56bfc062723c751e8b465ee728b)
Start importing Assets/arena/saveScript.cs using Guid(24a3bbdc3f46f264c8b8a7fba3283e09) Importer(815301076,1909f56bfc062723c751e8b465ee728b) (PreviewImporter) -> (artifact id: '00000000000000000000000000000000') in 0.000885 seconds
Import Error Code:(4)
Message: Build asset version error: assets/arena/savescript.cs in SourceAssetDB has modification time of '2026-04-09T15:25:57.438422Z' while content on disk has modification time of '2026-04-09T15:26:01.9706472Z'
  ERROR: Build asset version error: assets/arena/savescript.cs in SourceAssetDB has modification time of '2026-04-09T15:25:57.438422Z' while content on disk has modification time of '2026-04-09T15:26:01.9706472Z'
Number of updated asset objects reloaded before import = 0Number of asset objects unloaded after import = 0

========================================================================
Received Import Request.
  Time since last request: 0.000035 seconds.
  path: Assets/arena/saveScript.cs
  artifactKey: Guid(24a3bbdc3f46f264c8b8a7fba3283e09) Importer(815301076,1909f56bfc062723c751e8b465ee728b)
Start importing Assets/arena/saveScript.cs using Guid(24a3bbdc3f46f264c8b8a7fba3283e09) Importer(815301076,1909f56bfc062723c751e8b465ee728b) (PreviewImporter) -> (artifact id: '00000000000000000000000000000000') in 0.0008315 seconds
Import Error Code:(4)
Message: Build asset version error: assets/arena/savescript.cs in SourceAssetDB has modification time of '2026-04-09T15:25:57.438422Z' while content on disk has modification time of '2026-04-09T15:26:01.9706472Z'
  ERROR: Build asset version error: assets/arena/savescript.cs in SourceAssetDB has modification time of '2026-04-09T15:25:57.438422Z' while content on disk has modification time of '2026-04-09T15:26:01.9706472Z'
Number of updated asset objects reloaded before import = 0Number of asset objects unloaded after import = 0

========================================================================
Received Import Request.
  Time since last request: 0.000039 seconds.
  path: Assets/arena/saveScript.cs
  artifactKey: Guid(24a3bbdc3f46f264c8b8a7fba3283e09) Importer(815301076,1909f56bfc062723c751e8b465ee728b)
Start importing Assets/arena/saveScript.cs using Guid(24a3bbdc3f46f264c8b8a7fba3283e09) Importer(815301076,1909f56bfc062723c751e8b465ee728b) (PreviewImporter) -> (artifact id: '00000000000000000000000000000000') in 0.0008301 seconds
Import Error Code:(4)
Message: Build asset version error: assets/arena/savescript.cs in SourceAssetDB has modification time of '2026-04-09T15:25:57.438422Z' while content on disk has modification time of '2026-04-09T15:26:01.9706472Z'
  ERROR: Build asset version error: assets/arena/savescript.cs in SourceAssetDB has modification time of '2026-04-09T15:25:57.438422Z' while content on disk has modification time of '2026-04-09T15:26:01.9706472Z'
Number of updated asset objects reloaded before import = 0Number of asset objects unloaded after import = 0

========================================================================
Received Import Request.
  Time since last request: 0.000022 seconds.
  path: Assets/arena/saveScript.cs
  artifactKey: Guid(24a3bbdc3f46f264c8b8a7fba3283e09) Importer(815301076,1909f56bfc062723c751e8b465ee728b)
Start importing Assets/arena/saveScript.cs using Guid(24a3bbdc3f46f264c8b8a7fba3283e09) Importer(815301076,1909f56bfc062723c751e8b465ee728b) (PreviewImporter) -> (artifact id: '00000000000000000000000000000000') in 0.0008321 seconds
Import Error Code:(4)
Message: Build asset version error: assets/arena/savescript.cs in SourceAssetDB has modification time of '2026-04-09T15:25:57.438422Z' while content on disk has modification time of '2026-04-09T15:26:01.9706472Z'
  ERROR: Build asset version error: assets/arena/savescript.cs in SourceAssetDB has modification time of '2026-04-09T15:25:57.438422Z' while content on disk has modification time of '2026-04-09T15:26:01.9706472Z'
Number of updated asset objects reloaded before import = 0Number of asset objects unloaded after import = 0

========================================================================
Received Import Request.
  Time since last request: 0.000023 seconds.
  path: Assets/arena/saveScript.cs
  artifactKey: Guid(24a3bbdc3f46f264c8b8a7fba3283e09) Importer(815301076,1909f56bfc062723c751e8b465ee728b)
Start importing Assets/arena/saveScript.cs using Guid(24a3bbdc3f46f264c8b8a7fba3283e09) Importer(815301076,1909f56bfc062723c751e8b465ee728b) (PreviewImporter) -> (artifact id: '00000000000000000000000000000000') in 0.0008254 seconds
Import Error Code:(4)
Message: Build asset version error: assets/arena/savescript.cs in SourceAssetDB has modification time of '2026-04-09T15:25:57.438422Z' while content on disk has modification time of '2026-04-09T15:26:01.9706472Z'
  ERROR: Build asset version error: assets/arena/savescript.cs in SourceAssetDB has modification time of '2026-04-09T15:25:57.438422Z' while content on disk has modification time of '2026-04-09T15:26:01.9706472Z'
Number of updated asset objects reloaded before import = 0Number of asset objects unloaded after import = 0

========================================================================
Received Import Request.
  Time since last request: 0.000026 seconds.
  path: Assets/arena/saveScript.cs
  artifactKey: Guid(24a3bbdc3f46f264c8b8a7fba3283e09) Importer(815301076,1909f56bfc062723c751e8b465ee728b)
Start importing Assets/arena/saveScript.cs using Guid(24a3bbdc3f46f264c8b8a7fba3283e09) Importer(815301076,1909f56bfc062723c751e8b465ee728b) (PreviewImporter) -> (artifact id: '00000000000000000000000000000000') in 0.0008879 seconds
Import Error Code:(4)
Message: Build asset version error: assets/arena/savescript.cs in SourceAssetDB has modification time of '2026-04-09T15:25:57.438422Z' while content on disk has modification time of '2026-04-09T15:26:01.9706472Z'
  ERROR: Build asset version error: assets/arena/savescript.cs in SourceAssetDB has modification time of '2026-04-09T15:25:57.438422Z' while content on disk has modification time of '2026-04-09T15:26:01.9706472Z'
Number of updated asset objects reloaded before import = 0Number of asset objects unloaded after import = 0

========================================================================
Received Import Request.
  Time since last request: 0.000035 seconds.
  path: Assets/arena/saveScript.cs
  artifactKey: Guid(24a3bbdc3f46f264c8b8a7fba3283e09) Importer(815301076,1909f56bfc062723c751e8b465ee728b)
Start importing Assets/arena/saveScript.cs using Guid(24a3bbdc3f46f264c8b8a7fba3283e09) Importer(815301076,1909f56bfc062723c751e8b465ee728b) (PreviewImporter) -> (artifact id: '00000000000000000000000000000000') in 0.0007854 seconds
Import Error Code:(4)
Message: Build asset version error: assets/arena/savescript.cs in SourceAssetDB has modification time of '2026-04-09T15:25:57.438422Z' while content on disk has modification time of '2026-04-09T15:26:01.9706472Z'
  ERROR: Build asset version error: assets/arena/savescript.cs in SourceAssetDB has modification time of '2026-04-09T15:25:57.438422Z' while content on disk has modification time of '2026-04-09T15:26:01.9706472Z'
Number of updated asset objects reloaded before import = 0Number of asset objects unloaded after import = 0

========================================================================
Received Import Request.
  Time since last request: 0.000022 seconds.
  path: Assets/arena/saveScript.cs
  artifactKey: Guid(24a3bbdc3f46f264c8b8a7fba3283e09) Importer(815301076,1909f56bfc062723c751e8b465ee728b)
Start importing Assets/arena/saveScript.cs using Guid(24a3bbdc3f46f264c8b8a7fba3283e09) Importer(815301076,1909f56bfc062723c751e8b465ee728b) (PreviewImporter) -> (artifact id: '00000000000000000000000000000000') in 0.0007686 seconds
Import Error Code:(4)
Message: Build asset version error: assets/arena/savescript.cs in SourceAssetDB has modification time of '2026-04-09T15:25:57.438422Z' while content on disk has modification time of '2026-04-09T15:26:01.9706472Z'
  ERROR: Build asset version error: assets/arena/savescript.cs in SourceAssetDB has modification time of '2026-04-09T15:25:57.438422Z' while content on disk has modification time of '2026-04-09T15:26:01.9706472Z'
Number of updated asset objects reloaded before import = 0Number of asset objects unloaded after import = 0

========================================================================
Received Import Request.
  Time since last request: 0.000023 seconds.
  path: Assets/arena/saveScript.cs
  artifactKey: Guid(24a3bbdc3f46f264c8b8a7fba3283e09) Importer(815301076,1909f56bfc062723c751e8b465ee728b)
Start importing Assets/arena/saveScript.cs using Guid(24a3bbdc3f46f264c8b8a7fba3283e09) Importer(815301076,1909f56bfc062723c751e8b465ee728b) (PreviewImporter) -> (artifact id: '00000000000000000000000000000000') in 0.000831 seconds
Import Error Code:(4)
Message: Build asset version error: assets/arena/savescript.cs in SourceAssetDB has modification time of '2026-04-09T15:25:57.438422Z' while content on disk has modification time of '2026-04-09T15:26:01.9706472Z'
  ERROR: Build asset version error: assets/arena/savescript.cs in SourceAssetDB has modification time of '2026-04-09T15:25:57.438422Z' while content on disk has modification time of '2026-04-09T15:26:01.9706472Z'
Number of updated asset objects reloaded before import = 0Number of asset objects unloaded after import = 0

========================================================================
Received Import Request.
  Time since last request: 0.000027 seconds.
  path: Assets/arena/saveScript.cs
  artifactKey: Guid(24a3bbdc3f46f264c8b8a7fba3283e09) Importer(815301076,1909f56bfc062723c751e8b465ee728b)
Start importing Assets/arena/saveScript.cs using Guid(24a3bbdc3f46f264c8b8a7fba3283e09) Importer(815301076,1909f56bfc062723c751e8b465ee728b) (PreviewImporter) -> (artifact id: '00000000000000000000000000000000') in 0.0007488 seconds
Import Error Code:(4)
Message: Build asset version error: assets/arena/savescript.cs in SourceAssetDB has modification time of '2026-04-09T15:25:57.438422Z' while content on disk has modification time of '2026-04-09T15:26:01.9706472Z'
  ERROR: Build asset version error: assets/arena/savescript.cs in SourceAssetDB has modification time of '2026-04-09T15:25:57.438422Z' while content on disk has modification time of '2026-04-09T15:26:01.9706472Z'
Number of updated asset objects reloaded before import = 0Number of asset objects unloaded after import = 0

========================================================================
Received Import Request.
  Time since last request: 0.000022 seconds.
  path: Assets/arena/saveScript.cs
  artifactKey: Guid(24a3bbdc3f46f264c8b8a7fba3283e09) Importer(815301076,1909f56bfc062723c751e8b465ee728b)
Start importing Assets/arena/saveScript.cs using Guid(24a3bbdc3f46f264c8b8a7fba3283e09) Importer(815301076,1909f56bfc062723c751e8b465ee728b) (PreviewImporter) -> (artifact id: '00000000000000000000000000000000') in 0.0008591 seconds
Import Error Code:(4)
Message: Build asset version error: assets/arena/savescript.cs in SourceAssetDB has modification time of '2026-04-09T15:25:57.438422Z' while content on disk has modification time of '2026-04-09T15:26:01.9706472Z'
  ERROR: Build asset version error: assets/arena/savescript.cs in SourceAssetDB has modification time of '2026-04-09T15:25:57.438422Z' while content on disk has modification time of '2026-04-09T15:26:01.9706472Z'
Number of updated asset objects reloaded before import = 0Number of asset objects unloaded after import = 0

========================================================================
Received Import Request.
  Time since last request: 0.000027 seconds.
  path: Assets/arena/saveScript.cs
  artifactKey: Guid(24a3bbdc3f46f264c8b8a7fba3283e09) Importer(815301076,1909f56bfc062723c751e8b465ee728b)
Start importing Assets/arena/saveScript.cs using Guid(24a3bbdc3f46f264c8b8a7fba3283e09) Importer(815301076,1909f56bfc062723c751e8b465ee728b) (PreviewImporter) -> (artifact id: '00000000000000000000000000000000') in 0.0007848 seconds
Import Error Code:(4)
Message: Build asset version error: assets/arena/savescript.cs in SourceAssetDB has modification time of '2026-04-09T15:25:57.438422Z' while content on disk has modification time of '2026-04-09T15:26:01.9706472Z'
  ERROR: Build asset version error: assets/arena/savescript.cs in SourceAssetDB has modification time of '2026-04-09T15:25:57.438422Z' while content on disk has modification time of '2026-04-09T15:26:01.9706472Z'
Number of updated asset objects reloaded before import = 0Number of asset objects unloaded after import = 0

========================================================================
Received Import Request.
  Time since last request: 0.000033 seconds.
  path: Assets/arena/saveScript.cs
  artifactKey: Guid(24a3bbdc3f46f264c8b8a7fba3283e09) Importer(815301076,1909f56bfc062723c751e8b465ee728b)
Start importing Assets/arena/saveScript.cs using Guid(24a3bbdc3f46f264c8b8a7fba3283e09) Importer(815301076,1909f56bfc062723c751e8b465ee728b) (PreviewImporter) -> (artifact id: '00000000000000000000000000000000') in 0.0007548 seconds
Import Error Code:(4)
Message: Build asset version error: assets/arena/savescript.cs in SourceAssetDB has modification time of '2026-04-09T15:25:57.438422Z' while content on disk has modification time of '2026-04-09T15:26:01.9706472Z'
  ERROR: Build asset version error: assets/arena/savescript.cs in SourceAssetDB has modification time of '2026-04-09T15:25:57.438422Z' while content on disk has modification time of '2026-04-09T15:26:01.9706472Z'
Number of updated asset objects reloaded before import = 0Number of asset objects unloaded after import = 0

========================================================================
Received Import Request.
  Time since last request: 0.000020 seconds.
  path: Assets/arena/saveScript.cs
  artifactKey: Guid(24a3bbdc3f46f264c8b8a7fba3283e09) Importer(815301076,1909f56bfc062723c751e8b465ee728b)
Start importing Assets/arena/saveScript.cs using Guid(24a3bbdc3f46f264c8b8a7fba3283e09) Importer(815301076,1909f56bfc062723c751e8b465ee728b) (PreviewImporter) -> (artifact id: '00000000000000000000000000000000') in 0.0008275 seconds
Import Error Code:(4)
Message: Build asset version error: assets/arena/savescript.cs in SourceAssetDB has modification time of '2026-04-09T15:25:57.438422Z' while content on disk has modification time of '2026-04-09T15:26:01.9706472Z'
  ERROR: Build asset version error: assets/arena/savescript.cs in SourceAssetDB has modification time of '2026-04-09T15:25:57.438422Z' while content on disk has modification time of '2026-04-09T15:26:01.9706472Z'
Number of updated asset objects reloaded before import = 0Number of asset objects unloaded after import = 0

========================================================================
Received Import Request.
  Time since last request: 0.000023 seconds.
  path: Assets/arena/saveScript.cs
  artifactKey: Guid(24a3bbdc3f46f264c8b8a7fba3283e09) Importer(815301076,1909f56bfc062723c751e8b465ee728b)
Start importing Assets/arena/saveScript.cs using Guid(24a3bbdc3f46f264c8b8a7fba3283e09) Importer(815301076,1909f56bfc062723c751e8b465ee728b) (PreviewImporter) -> (artifact id: '00000000000000000000000000000000') in 0.0008272 seconds
Import Error Code:(4)
Message: Build asset version error: assets/arena/savescript.cs in SourceAssetDB has modification time of '2026-04-09T15:25:57.438422Z' while content on disk has modification time of '2026-04-09T15:26:01.9706472Z'
  ERROR: Build asset version error: assets/arena/savescript.cs in SourceAssetDB has modification time of '2026-04-09T15:25:57.438422Z' while content on disk has modification time of '2026-04-09T15:26:01.9706472Z'
Number of updated asset objects reloaded before import = 0Number of asset objects unloaded after import = 0

========================================================================
Received Import Request.
  Time since last request: 0.000023 seconds.
  path: Assets/arena/saveScript.cs
  artifactKey: Guid(24a3bbdc3f46f264c8b8a7fba3283e09) Importer(815301076,1909f56bfc062723c751e8b465ee728b)
Start importing Assets/arena/saveScript.cs using Guid(24a3bbdc3f46f264c8b8a7fba3283e09) Importer(815301076,1909f56bfc062723c751e8b465ee728b) (PreviewImporter) -> (artifact id: '00000000000000000000000000000000') in 0.0008404 seconds
Import Error Code:(4)
Message: Build asset version error: assets/arena/savescript.cs in SourceAssetDB has modification time of '2026-04-09T15:25:57.438422Z' while content on disk has modification time of '2026-04-09T15:26:01.9706472Z'
  ERROR: Build asset version error: assets/arena/savescript.cs in SourceAssetDB has modification time of '2026-04-09T15:25:57.438422Z' while content on disk has modification time of '2026-04-09T15:26:01.9706472Z'
Number of updated asset objects reloaded before import = 0Number of asset objects unloaded after import = 0

========================================================================
Received Import Request.
  Time since last request: 0.000028 seconds.
  path: Assets/arena/saveScript.cs
  artifactKey: Guid(24a3bbdc3f46f264c8b8a7fba3283e09) Importer(815301076,1909f56bfc062723c751e8b465ee728b)
Start importing Assets/arena/saveScript.cs using Guid(24a3bbdc3f46f264c8b8a7fba3283e09) Importer(815301076,1909f56bfc062723c751e8b465ee728b) (PreviewImporter) -> (artifact id: '00000000000000000000000000000000') in 0.0010454 seconds
Import Error Code:(4)
Message: Build asset version error: assets/arena/savescript.cs in SourceAssetDB has modification time of '2026-04-09T15:25:57.438422Z' while content on disk has modification time of '2026-04-09T15:26:01.9706472Z'
  ERROR: Build asset version error: assets/arena/savescript.cs in SourceAssetDB has modification time of '2026-04-09T15:25:57.438422Z' while content on disk has modification time of '2026-04-09T15:26:01.9706472Z'
Number of updated asset objects reloaded before import = 0Number of asset objects unloaded after import = 0

========================================================================
Received Import Request.
  Time since last request: 0.000027 seconds.
  path: Assets/arena/saveScript.cs
  artifactKey: Guid(24a3bbdc3f46f264c8b8a7fba3283e09) Importer(815301076,1909f56bfc062723c751e8b465ee728b)
Start importing Assets/arena/saveScript.cs using Guid(24a3bbdc3f46f264c8b8a7fba3283e09) Importer(815301076,1909f56bfc062723c751e8b465ee728b) (PreviewImporter) -> (artifact id: '00000000000000000000000000000000') in 0.000796 seconds
Import Error Code:(4)
Message: Build asset version error: assets/arena/savescript.cs in SourceAssetDB has modification time of '2026-04-09T15:25:57.438422Z' while content on disk has modification time of '2026-04-09T15:26:01.9706472Z'
  ERROR: Build asset version error: assets/arena/savescript.cs in SourceAssetDB has modification time of '2026-04-09T15:25:57.438422Z' while content on disk has modification time of '2026-04-09T15:26:01.9706472Z'
Number of updated asset objects reloaded before import = 0Number of asset objects unloaded after import = 0

========================================================================
Received Import Request.
  Time since last request: 0.000032 seconds.
  path: Assets/arena/saveScript.cs
  artifactKey: Guid(24a3bbdc3f46f264c8b8a7fba3283e09) Importer(815301076,1909f56bfc062723c751e8b465ee728b)
Start importing Assets/arena/saveScript.cs using Guid(24a3bbdc3f46f264c8b8a7fba3283e09) Importer(815301076,1909f56bfc062723c751e8b465ee728b) (PreviewImporter) -> (artifact id: '00000000000000000000000000000000') in 0.0008218 seconds
Import Error Code:(4)
Message: Build asset version error: assets/arena/savescript.cs in SourceAssetDB has modification time of '2026-04-09T15:25:57.438422Z' while content on disk has modification time of '2026-04-09T15:26:01.9706472Z'
  ERROR: Build asset version error: assets/arena/savescript.cs in SourceAssetDB has modification time of '2026-04-09T15:25:57.438422Z' while content on disk has modification time of '2026-04-09T15:26:01.9706472Z'
Number of updated asset objects reloaded before import = 0Number of asset objects unloaded after import = 0

========================================================================
Received Import Request.
  Time since last request: 0.000027 seconds.
  path: Assets/arena/saveScript.cs
  artifactKey: Guid(24a3bbdc3f46f264c8b8a7fba3283e09) Importer(815301076,1909f56bfc062723c751e8b465ee728b)
Start importing Assets/arena/saveScript.cs using Guid(24a3bbdc3f46f264c8b8a7fba3283e09) Importer(815301076,1909f56bfc062723c751e8b465ee728b) (PreviewImporter) -> (artifact id: '00000000000000000000000000000000') in 0.0008903 seconds
Import Error Code:(4)
Message: Build asset version error: assets/arena/savescript.cs in SourceAssetDB has modification time of '2026-04-09T15:25:57.438422Z' while content on disk has modification time of '2026-04-09T15:26:01.9706472Z'
  ERROR: Build asset version error: assets/arena/savescript.cs in SourceAssetDB has modification time of '2026-04-09T15:25:57.438422Z' while content on disk has modification time of '2026-04-09T15:26:01.9706472Z'
Number of updated asset objects reloaded before import = 0Number of asset objects unloaded after import = 0

========================================================================
Received Import Request.
  Time since last request: 0.000026 seconds.
  path: Assets/arena/saveScript.cs
  artifactKey: Guid(24a3bbdc3f46f264c8b8a7fba3283e09) Importer(815301076,1909f56bfc062723c751e8b465ee728b)
Start importing Assets/arena/saveScript.cs using Guid(24a3bbdc3f46f264c8b8a7fba3283e09) Importer(815301076,1909f56bfc062723c751e8b465ee728b) (PreviewImporter) -> (artifact id: '00000000000000000000000000000000') in 0.0008254 seconds
Import Error Code:(4)
Message: Build asset version error: assets/arena/savescript.cs in SourceAssetDB has modification time of '2026-04-09T15:25:57.438422Z' while content on disk has modification time of '2026-04-09T15:26:01.9706472Z'
  ERROR: Build asset version error: assets/arena/savescript.cs in SourceAssetDB has modification time of '2026-04-09T15:25:57.438422Z' while content on disk has modification time of '2026-04-09T15:26:01.9706472Z'
Number of updated asset objects reloaded before import = 0Number of asset objects unloaded after import = 0

========================================================================
Received Import Request.
  Time since last request: 0.000023 seconds.
  path: Assets/arena/saveScript.cs
  artifactKey: Guid(24a3bbdc3f46f264c8b8a7fba3283e09) Importer(815301076,1909f56bfc062723c751e8b465ee728b)
Start importing Assets/arena/saveScript.cs using Guid(24a3bbdc3f46f264c8b8a7fba3283e09) Importer(815301076,1909f56bfc062723c751e8b465ee728b) (PreviewImporter) -> (artifact id: '00000000000000000000000000000000') in 0.0007778 seconds
Import Error Code:(4)
Message: Build asset version error: assets/arena/savescript.cs in SourceAssetDB has modification time of '2026-04-09T15:25:57.438422Z' while content on disk has modification time of '2026-04-09T15:26:01.9706472Z'
  ERROR: Build asset version error: assets/arena/savescript.cs in SourceAssetDB has modification time of '2026-04-09T15:25:57.438422Z' while content on disk has modification time of '2026-04-09T15:26:01.9706472Z'
Number of updated asset objects reloaded before import = 0Number of asset objects unloaded after import = 0

========================================================================
Received Import Request.
  Time since last request: 0.000023 seconds.
  path: Assets/arena/saveScript.cs
  artifactKey: Guid(24a3bbdc3f46f264c8b8a7fba3283e09) Importer(815301076,1909f56bfc062723c751e8b465ee728b)
Start importing Assets/arena/saveScript.cs using Guid(24a3bbdc3f46f264c8b8a7fba3283e09) Importer(815301076,1909f56bfc062723c751e8b465ee728b) (PreviewImporter) -> (artifact id: '00000000000000000000000000000000') in 0.0008095 seconds
Import Error Code:(4)
Message: Build asset version error: assets/arena/savescript.cs in SourceAssetDB has modification time of '2026-04-09T15:25:57.438422Z' while content on disk has modification time of '2026-04-09T15:26:01.9706472Z'
  ERROR: Build asset version error: assets/arena/savescript.cs in SourceAssetDB has modification time of '2026-04-09T15:25:57.438422Z' while content on disk has modification time of '2026-04-09T15:26:01.9706472Z'
Number of updated asset objects reloaded before import = 0Number of asset objects unloaded after import = 0

========================================================================
Received Import Request.
  Time since last request: 0.000049 seconds.
  path: Assets/arena/saveScript.cs
  artifactKey: Guid(24a3bbdc3f46f264c8b8a7fba3283e09) Importer(815301076,1909f56bfc062723c751e8b465ee728b)
Start importing Assets/arena/saveScript.cs using Guid(24a3bbdc3f46f264c8b8a7fba3283e09) Importer(815301076,1909f56bfc062723c751e8b465ee728b) (PreviewImporter) -> (artifact id: '00000000000000000000000000000000') in 0.0008138 seconds
Import Error Code:(4)
Message: Build asset version error: assets/arena/savescript.cs in SourceAssetDB has modification time of '2026-04-09T15:25:57.438422Z' while content on disk has modification time of '2026-04-09T15:26:01.9706472Z'
  ERROR: Build asset version error: assets/arena/savescript.cs in SourceAssetDB has modification time of '2026-04-09T15:25:57.438422Z' while content on disk has modification time of '2026-04-09T15:26:01.9706472Z'
Number of updated asset objects reloaded before import = 0Number of asset objects unloaded after import = 0

========================================================================
Received Import Request.
  Time since last request: 0.000034 seconds.
  path: Assets/arena/saveScript.cs
  artifactKey: Guid(24a3bbdc3f46f264c8b8a7fba3283e09) Importer(815301076,1909f56bfc062723c751e8b465ee728b)
Start importing Assets/arena/saveScript.cs using Guid(24a3bbdc3f46f264c8b8a7fba3283e09) Importer(815301076,1909f56bfc062723c751e8b465ee728b) (PreviewImporter) -> (artifact id: '00000000000000000000000000000000') in 0.0008162 seconds
Import Error Code:(4)
Message: Build asset version error: assets/arena/savescript.cs in SourceAssetDB has modification time of '2026-04-09T15:25:57.438422Z' while content on disk has modification time of '2026-04-09T15:26:01.9706472Z'
  ERROR: Build asset version error: assets/arena/savescript.cs in SourceAssetDB has modification time of '2026-04-09T15:25:57.438422Z' while content on disk has modification time of '2026-04-09T15:26:01.9706472Z'
Number of updated asset objects reloaded before import = 0Number of asset objects unloaded after import = 0

========================================================================
Received Import Request.
  Time since last request: 0.000021 seconds.
  path: Assets/arena/saveScript.cs
  artifactKey: Guid(24a3bbdc3f46f264c8b8a7fba3283e09) Importer(815301076,1909f56bfc062723c751e8b465ee728b)
Start importing Assets/arena/saveScript.cs using Guid(24a3bbdc3f46f264c8b8a7fba3283e09) Importer(815301076,1909f56bfc062723c751e8b465ee728b) (PreviewImporter) -> (artifact id: '00000000000000000000000000000000') in 0.0007833 seconds
Import Error Code:(4)
Message: Build asset version error: assets/arena/savescript.cs in SourceAssetDB has modification time of '2026-04-09T15:25:57.438422Z' while content on disk has modification time of '2026-04-09T15:26:01.9706472Z'
  ERROR: Build asset version error: assets/arena/savescript.cs in SourceAssetDB has modification time of '2026-04-09T15:25:57.438422Z' while content on disk has modification time of '2026-04-09T15:26:01.9706472Z'
Number of updated asset objects reloaded before import = 0Number of asset objects unloaded after import = 0

========================================================================
Received Import Request.
  Time since last request: 0.000021 seconds.
  path: Assets/arena/saveScript.cs
  artifactKey: Guid(24a3bbdc3f46f264c8b8a7fba3283e09) Importer(815301076,1909f56bfc062723c751e8b465ee728b)
Start importing Assets/arena/saveScript.cs using Guid(24a3bbdc3f46f264c8b8a7fba3283e09) Importer(815301076,1909f56bfc062723c751e8b465ee728b) (PreviewImporter) -> (artifact id: '00000000000000000000000000000000') in 0.0007845 seconds
Import Error Code:(4)
Message: Build asset version error: assets/arena/savescript.cs in SourceAssetDB has modification time of '2026-04-09T15:25:57.438422Z' while content on disk has modification time of '2026-04-09T15:26:01.9706472Z'
  ERROR: Build asset version error: assets/arena/savescript.cs in SourceAssetDB has modification time of '2026-04-09T15:25:57.438422Z' while content on disk has modification time of '2026-04-09T15:26:01.9706472Z'
Number of updated asset objects reloaded before import = 0Number of asset objects unloaded after import = 0

========================================================================
Received Import Request.
  Time since last request: 0.000037 seconds.
  path: Assets/arena/saveScript.cs
  artifactKey: Guid(24a3bbdc3f46f264c8b8a7fba3283e09) Importer(815301076,1909f56bfc062723c751e8b465ee728b)
Start importing Assets/arena/saveScript.cs using Guid(24a3bbdc3f46f264c8b8a7fba3283e09) Importer(815301076,1909f56bfc062723c751e8b465ee728b) (PreviewImporter) -> (artifact id: '00000000000000000000000000000000') in 0.0008499 seconds
Import Error Code:(4)
Message: Build asset version error: assets/arena/savescript.cs in SourceAssetDB has modification time of '2026-04-09T15:25:57.438422Z' while content on disk has modification time of '2026-04-09T15:26:01.9706472Z'
  ERROR: Build asset version error: assets/arena/savescript.cs in SourceAssetDB has modification time of '2026-04-09T15:25:57.438422Z' while content on disk has modification time of '2026-04-09T15:26:01.9706472Z'
Number of updated asset objects reloaded before import = 0Number of asset objects unloaded after import = 0

========================================================================
Received Import Request.
  Time since last request: 0.000026 seconds.
  path: Assets/arena/saveScript.cs
  artifactKey: Guid(24a3bbdc3f46f264c8b8a7fba3283e09) Importer(815301076,1909f56bfc062723c751e8b465ee728b)
Start importing Assets/arena/saveScript.cs using Guid(24a3bbdc3f46f264c8b8a7fba3283e09) Importer(815301076,1909f56bfc062723c751e8b465ee728b) (PreviewImporter) -> (artifact id: '00000000000000000000000000000000') in 0.0007823 seconds
Import Error Code:(4)
Message: Build asset version error: assets/arena/savescript.cs in SourceAssetDB has modification time of '2026-04-09T15:25:57.438422Z' while content on disk has modification time of '2026-04-09T15:26:01.9706472Z'
  ERROR: Build asset version error: assets/arena/savescript.cs in SourceAssetDB has modification time of '2026-04-09T15:25:57.438422Z' while content on disk has modification time of '2026-04-09T15:26:01.9706472Z'
Number of updated asset objects reloaded before import = 0Number of asset objects unloaded after import = 0

========================================================================
Received Import Request.
  Time since last request: 0.000038 seconds.
  path: Assets/arena/saveScript.cs
  artifactKey: Guid(24a3bbdc3f46f264c8b8a7fba3283e09) Importer(815301076,1909f56bfc062723c751e8b465ee728b)
Start importing Assets/arena/saveScript.cs using Guid(24a3bbdc3f46f264c8b8a7fba3283e09) Importer(815301076,1909f56bfc062723c751e8b465ee728b) (PreviewImporter) -> (artifact id: '00000000000000000000000000000000') in 0.0007691 seconds
Import Error Code:(4)
Message: Build asset version error: assets/arena/savescript.cs in SourceAssetDB has modification time of '2026-04-09T15:25:57.438422Z' while content on disk has modification time of '2026-04-09T15:26:01.9706472Z'
  ERROR: Build asset version error: assets/arena/savescript.cs in SourceAssetDB has modification time of '2026-04-09T15:25:57.438422Z' while content on disk has modification time of '2026-04-09T15:26:01.9706472Z'
Number of updated asset objects reloaded before import = 0Number of asset objects unloaded after import = 0

========================================================================
Received Import Request.
  Time since last request: 0.000023 seconds.
  path: Assets/arena/saveScript.cs
  artifactKey: Guid(24a3bbdc3f46f264c8b8a7fba3283e09) Importer(815301076,1909f56bfc062723c751e8b465ee728b)
Start importing Assets/arena/saveScript.cs using Guid(24a3bbdc3f46f264c8b8a7fba3283e09) Importer(815301076,1909f56bfc062723c751e8b465ee728b) (PreviewImporter) -> (artifact id: '00000000000000000000000000000000') in 0.0009045 seconds
Import Error Code:(4)
Message: Build asset version error: assets/arena/savescript.cs in SourceAssetDB has modification time of '2026-04-09T15:25:57.438422Z' while content on disk has modification time of '2026-04-09T15:26:01.9706472Z'
  ERROR: Build asset version error: assets/arena/savescript.cs in SourceAssetDB has modification time of '2026-04-09T15:25:57.438422Z' while content on disk has modification time of '2026-04-09T15:26:01.9706472Z'
Number of updated asset objects reloaded before import = 0Number of asset objects unloaded after import = 0

========================================================================
Received Import Request.
  Time since last request: 0.000021 seconds.
  path: Assets/arena/saveScript.cs
  artifactKey: Guid(24a3bbdc3f46f264c8b8a7fba3283e09) Importer(815301076,1909f56bfc062723c751e8b465ee728b)
Start importing Assets/arena/saveScript.cs using Guid(24a3bbdc3f46f264c8b8a7fba3283e09) Importer(815301076,1909f56bfc062723c751e8b465ee728b) (PreviewImporter) -> (artifact id: '00000000000000000000000000000000') in 0.0008034 seconds
Import Error Code:(4)
Message: Build asset version error: assets/arena/savescript.cs in SourceAssetDB has modification time of '2026-04-09T15:25:57.438422Z' while content on disk has modification time of '2026-04-09T15:26:01.9706472Z'
  ERROR: Build asset version error: assets/arena/savescript.cs in SourceAssetDB has modification time of '2026-04-09T15:25:57.438422Z' while content on disk has modification time of '2026-04-09T15:26:01.9706472Z'
Number of updated asset objects reloaded before import = 0Number of asset objects unloaded after import = 0

========================================================================
Received Import Request.
  Time since last request: 0.000026 seconds.
  path: Assets/arena/saveScript.cs
  artifactKey: Guid(24a3bbdc3f46f264c8b8a7fba3283e09) Importer(815301076,1909f56bfc062723c751e8b465ee728b)
Start importing Assets/arena/saveScript.cs using Guid(24a3bbdc3f46f264c8b8a7fba3283e09) Importer(815301076,1909f56bfc062723c751e8b465ee728b) (PreviewImporter) -> (artifact id: '00000000000000000000000000000000') in 0.0007845 seconds
Import Error Code:(4)
Message: Build asset version error: assets/arena/savescript.cs in SourceAssetDB has modification time of '2026-04-09T15:25:57.438422Z' while content on disk has modification time of '2026-04-09T15:26:01.9706472Z'
  ERROR: Build asset version error: assets/arena/savescript.cs in SourceAssetDB has modification time of '2026-04-09T15:25:57.438422Z' while content on disk has modification time of '2026-04-09T15:26:01.9706472Z'
Number of updated asset objects reloaded before import = 0Number of asset objects unloaded after import = 0

========================================================================
Received Import Request.
  Time since last request: 0.000022 seconds.
  path: Assets/arena/saveScript.cs
  artifactKey: Guid(24a3bbdc3f46f264c8b8a7fba3283e09) Importer(815301076,1909f56bfc062723c751e8b465ee728b)
Start importing Assets/arena/saveScript.cs using Guid(24a3bbdc3f46f264c8b8a7fba3283e09) Importer(815301076,1909f56bfc062723c751e8b465ee728b) (PreviewImporter) -> (artifact id: '00000000000000000000000000000000') in 0.0007871 seconds
Import Error Code:(4)
Message: Build asset version error: assets/arena/savescript.cs in SourceAssetDB has modification time of '2026-04-09T15:25:57.438422Z' while content on disk has modification time of '2026-04-09T15:26:01.9706472Z'
  ERROR: Build asset version error: assets/arena/savescript.cs in SourceAssetDB has modification time of '2026-04-09T15:25:57.438422Z' while content on disk has modification time of '2026-04-09T15:26:01.9706472Z'
Number of updated asset objects reloaded before import = 0Number of asset objects unloaded after import = 0

========================================================================
Received Import Request.
  Time since last request: 0.000025 seconds.
  path: Assets/arena/saveScript.cs
  artifactKey: Guid(24a3bbdc3f46f264c8b8a7fba3283e09) Importer(815301076,1909f56bfc062723c751e8b465ee728b)
Start importing Assets/arena/saveScript.cs using Guid(24a3bbdc3f46f264c8b8a7fba3283e09) Importer(815301076,1909f56bfc062723c751e8b465ee728b) (PreviewImporter) -> (artifact id: '00000000000000000000000000000000') in 0.0008183 seconds
Import Error Code:(4)
Message: Build asset version error: assets/arena/savescript.cs in SourceAssetDB has modification time of '2026-04-09T15:25:57.438422Z' while content on disk has modification time of '2026-04-09T15:26:01.9706472Z'
  ERROR: Build asset version error: assets/arena/savescript.cs in SourceAssetDB has modification time of '2026-04-09T15:25:57.438422Z' while content on disk has modification time of '2026-04-09T15:26:01.9706472Z'
Number of updated asset objects reloaded before import = 0Number of asset objects unloaded after import = 0

========================================================================
Received Import Request.
  Time since last request: 0.000032 seconds.
  path: Assets/arena/saveScript.cs
  artifactKey: Guid(24a3bbdc3f46f264c8b8a7fba3283e09) Importer(815301076,1909f56bfc062723c751e8b465ee728b)
Start importing Assets/arena/saveScript.cs using Guid(24a3bbdc3f46f264c8b8a7fba3283e09) Importer(815301076,1909f56bfc062723c751e8b465ee728b) (PreviewImporter) -> (artifact id: '00000000000000000000000000000000') in 0.0007529 seconds
Import Error Code:(4)
Message: Build asset version error: assets/arena/savescript.cs in SourceAssetDB has modification time of '2026-04-09T15:25:57.438422Z' while content on disk has modification time of '2026-04-09T15:26:01.9706472Z'
  ERROR: Build asset version error: assets/arena/savescript.cs in SourceAssetDB has modification time of '2026-04-09T15:25:57.438422Z' while content on disk has modification time of '2026-04-09T15:26:01.9706472Z'
Number of updated asset objects reloaded before import = 0Number of asset objects unloaded after import = 0

========================================================================
Received Import Request.
  Time since last request: 0.000021 seconds.
  path: Assets/arena/saveScript.cs
  artifactKey: Guid(24a3bbdc3f46f264c8b8a7fba3283e09) Importer(815301076,1909f56bfc062723c751e8b465ee728b)
Start importing Assets/arena/saveScript.cs using Guid(24a3bbdc3f46f264c8b8a7fba3283e09) Importer(815301076,1909f56bfc062723c751e8b465ee728b) (PreviewImporter) -> (artifact id: '00000000000000000000000000000000') in 0.0007993 seconds
Import Error Code:(4)
Message: Build asset version error: assets/arena/savescript.cs in SourceAssetDB has modification time of '2026-04-09T15:25:57.438422Z' while content on disk has modification time of '2026-04-09T15:26:01.9706472Z'
  ERROR: Build asset version error: assets/arena/savescript.cs in SourceAssetDB has modification time of '2026-04-09T15:25:57.438422Z' while content on disk has modification time of '2026-04-09T15:26:01.9706472Z'
Number of updated asset objects reloaded before import = 0Number of asset objects unloaded after import = 0

========================================================================
Received Import Request.
  Time since last request: 0.000021 seconds.
  path: Assets/arena/saveScript.cs
  artifactKey: Guid(24a3bbdc3f46f264c8b8a7fba3283e09) Importer(815301076,1909f56bfc062723c751e8b465ee728b)
Start importing Assets/arena/saveScript.cs using Guid(24a3bbdc3f46f264c8b8a7fba3283e09) Importer(815301076,1909f56bfc062723c751e8b465ee728b) (PreviewImporter) -> (artifact id: '00000000000000000000000000000000') in 0.0007599 seconds
Import Error Code:(4)
Message: Build asset version error: assets/arena/savescript.cs in SourceAssetDB has modification time of '2026-04-09T15:25:57.438422Z' while content on disk has modification time of '2026-04-09T15:26:01.9706472Z'
  ERROR: Build asset version error: assets/arena/savescript.cs in SourceAssetDB has modification time of '2026-04-09T15:25:57.438422Z' while content on disk has modification time of '2026-04-09T15:26:01.9706472Z'
Number of updated asset objects reloaded before import = 0Number of asset objects unloaded after import = 0

========================================================================
Received Import Request.
  Time since last request: 0.000023 seconds.
  path: Assets/arena/saveScript.cs
  artifactKey: Guid(24a3bbdc3f46f264c8b8a7fba3283e09) Importer(815301076,1909f56bfc062723c751e8b465ee728b)
Start importing Assets/arena/saveScript.cs using Guid(24a3bbdc3f46f264c8b8a7fba3283e09) Importer(815301076,1909f56bfc062723c751e8b465ee728b) (PreviewImporter) -> (artifact id: '00000000000000000000000000000000') in 0.0007981 seconds
Import Error Code:(4)
Message: Build asset version error: assets/arena/savescript.cs in SourceAssetDB has modification time of '2026-04-09T15:25:57.438422Z' while content on disk has modification time of '2026-04-09T15:26:01.9706472Z'
  ERROR: Build asset version error: assets/arena/savescript.cs in SourceAssetDB has modification time of '2026-04-09T15:25:57.438422Z' while content on disk has modification time of '2026-04-09T15:26:01.9706472Z'
Number of updated asset objects reloaded before import = 0Number of asset objects unloaded after import = 0

========================================================================
Received Import Request.
  Time since last request: 0.000023 seconds.
  path: Assets/arena/saveScript.cs
  artifactKey: Guid(24a3bbdc3f46f264c8b8a7fba3283e09) Importer(815301076,1909f56bfc062723c751e8b465ee728b)
Start importing Assets/arena/saveScript.cs using Guid(24a3bbdc3f46f264c8b8a7fba3283e09) Importer(815301076,1909f56bfc062723c751e8b465ee728b) (PreviewImporter) -> (artifact id: '00000000000000000000000000000000') in 0.0007848 seconds
Import Error Code:(4)
Message: Build asset version error: assets/arena/savescript.cs in SourceAssetDB has modification time of '2026-04-09T15:25:57.438422Z' while content on disk has modification time of '2026-04-09T15:26:01.9706472Z'
  ERROR: Build asset version error: assets/arena/savescript.cs in SourceAssetDB has modification time of '2026-04-09T15:25:57.438422Z' while content on disk has modification time of '2026-04-09T15:26:01.9706472Z'
Number of updated asset objects reloaded before import = 0Number of asset objects unloaded after import = 0

========================================================================
Received Import Request.
  Time since last request: 0.000034 seconds.
  path: Assets/arena/saveScript.cs
  artifactKey: Guid(24a3bbdc3f46f264c8b8a7fba3283e09) Importer(815301076,1909f56bfc062723c751e8b465ee728b)
Start importing Assets/arena/saveScript.cs using Guid(24a3bbdc3f46f264c8b8a7fba3283e09) Importer(815301076,1909f56bfc062723c751e8b465ee728b) (PreviewImporter) -> (artifact id: '00000000000000000000000000000000') in 0.0008668 seconds
Import Error Code:(4)
Message: Build asset version error: assets/arena/savescript.cs in SourceAssetDB has modification time of '2026-04-09T15:25:57.438422Z' while content on disk has modification time of '2026-04-09T15:26:01.9706472Z'
  ERROR: Build asset version error: assets/arena/savescript.cs in SourceAssetDB has modification time of '2026-04-09T15:25:57.438422Z' while content on disk has modification time of '2026-04-09T15:26:01.9706472Z'
Number of updated asset objects reloaded before import = 0Number of asset objects unloaded after import = 0

========================================================================
Received Import Request.
  Time since last request: 0.000034 seconds.
  path: Assets/arena/saveScript.cs
  artifactKey: Guid(24a3bbdc3f46f264c8b8a7fba3283e09) Importer(815301076,1909f56bfc062723c751e8b465ee728b)
Start importing Assets/arena/saveScript.cs using Guid(24a3bbdc3f46f264c8b8a7fba3283e09) Importer(815301076,1909f56bfc062723c751e8b465ee728b) (PreviewImporter) -> (artifact id: '00000000000000000000000000000000') in 0.0007674 seconds
Import Error Code:(4)
Message: Build asset version error: assets/arena/savescript.cs in SourceAssetDB has modification time of '2026-04-09T15:25:57.438422Z' while content on disk has modification time of '2026-04-09T15:26:01.9706472Z'
  ERROR: Build asset version error: assets/arena/savescript.cs in SourceAssetDB has modification time of '2026-04-09T15:25:57.438422Z' while content on disk has modification time of '2026-04-09T15:26:01.9706472Z'
Number of updated asset objects reloaded before import = 0Number of asset objects unloaded after import = 0

========================================================================
Received Import Request.
  Time since last request: 0.000022 seconds.
  path: Assets/arena/saveScript.cs
  artifactKey: Guid(24a3bbdc3f46f264c8b8a7fba3283e09) Importer(815301076,1909f56bfc062723c751e8b465ee728b)
Start importing Assets/arena/saveScript.cs using Guid(24a3bbdc3f46f264c8b8a7fba3283e09) Importer(815301076,1909f56bfc062723c751e8b465ee728b) (PreviewImporter) -> (artifact id: '00000000000000000000000000000000') in 0.0008589 seconds
Import Error Code:(4)
Message: Build asset version error: assets/arena/savescript.cs in SourceAssetDB has modification time of '2026-04-09T15:25:57.438422Z' while content on disk has modification time of '2026-04-09T15:26:01.9706472Z'
  ERROR: Build asset version error: assets/arena/savescript.cs in SourceAssetDB has modification time of '2026-04-09T15:25:57.438422Z' while content on disk has modification time of '2026-04-09T15:26:01.9706472Z'
Number of updated asset objects reloaded before import = 0Number of asset objects unloaded after import = 0

========================================================================
Received Import Request.
  Time since last request: 0.000022 seconds.
  path: Assets/arena/saveScript.cs
  artifactKey: Guid(24a3bbdc3f46f264c8b8a7fba3283e09) Importer(815301076,1909f56bfc062723c751e8b465ee728b)
Start importing Assets/arena/saveScript.cs using Guid(24a3bbdc3f46f264c8b8a7fba3283e09) Importer(815301076,1909f56bfc062723c751e8b465ee728b) (PreviewImporter) -> (artifact id: '00000000000000000000000000000000') in 0.00078 seconds
Import Error Code:(4)
Message: Build asset version error: assets/arena/savescript.cs in SourceAssetDB has modification time of '2026-04-09T15:25:57.438422Z' while content on disk has modification time of '2026-04-09T15:26:01.9706472Z'
  ERROR: Build asset version error: assets/arena/savescript.cs in SourceAssetDB has modification time of '2026-04-09T15:25:57.438422Z' while content on disk has modification time of '2026-04-09T15:26:01.9706472Z'
Number of updated asset objects reloaded before import = 0Number of asset objects unloaded after import = 0

========================================================================
Received Import Request.
  Time since last request: 0.000022 seconds.
  path: Assets/arena/saveScript.cs
  artifactKey: Guid(24a3bbdc3f46f264c8b8a7fba3283e09) Importer(815301076,1909f56bfc062723c751e8b465ee728b)
Start importing Assets/arena/saveScript.cs using Guid(24a3bbdc3f46f264c8b8a7fba3283e09) Importer(815301076,1909f56bfc062723c751e8b465ee728b) (PreviewImporter) -> (artifact id: '00000000000000000000000000000000') in 0.000779 seconds
Import Error Code:(4)
Message: Build asset version error: assets/arena/savescript.cs in SourceAssetDB has modification time of '2026-04-09T15:25:57.438422Z' while content on disk has modification time of '2026-04-09T15:26:01.9706472Z'
  ERROR: Build asset version error: assets/arena/savescript.cs in SourceAssetDB has modification time of '2026-04-09T15:25:57.438422Z' while content on disk has modification time of '2026-04-09T15:26:01.9706472Z'
Number of updated asset objects reloaded before import = 0Number of asset objects unloaded after import = 0

========================================================================
Received Import Request.
  Time since last request: 0.000027 seconds.
  path: Assets/arena/saveScript.cs
  artifactKey: Guid(24a3bbdc3f46f264c8b8a7fba3283e09) Importer(815301076,1909f56bfc062723c751e8b465ee728b)
Start importing Assets/arena/saveScript.cs using Guid(24a3bbdc3f46f264c8b8a7fba3283e09) Importer(815301076,1909f56bfc062723c751e8b465ee728b) (PreviewImporter) -> (artifact id: '00000000000000000000000000000000') in 0.0007886 seconds
Import Error Code:(4)
Message: Build asset version error: assets/arena/savescript.cs in SourceAssetDB has modification time of '2026-04-09T15:25:57.438422Z' while content on disk has modification time of '2026-04-09T15:26:01.9706472Z'
  ERROR: Build asset version error: assets/arena/savescript.cs in SourceAssetDB has modification time of '2026-04-09T15:25:57.438422Z' while content on disk has modification time of '2026-04-09T15:26:01.9706472Z'
Number of updated asset objects reloaded before import = 0Number of asset objects unloaded after import = 0

========================================================================
Received Import Request.
  Time since last request: 0.000025 seconds.
  path: Assets/arena/saveScript.cs
  artifactKey: Guid(24a3bbdc3f46f264c8b8a7fba3283e09) Importer(815301076,1909f56bfc062723c751e8b465ee728b)
Start importing Assets/arena/saveScript.cs using Guid(24a3bbdc3f46f264c8b8a7fba3283e09) Importer(815301076,1909f56bfc062723c751e8b465ee728b) (PreviewImporter) -> (artifact id: '00000000000000000000000000000000') in 0.0007954 seconds
Import Error Code:(4)
Message: Build asset version error: assets/arena/savescript.cs in SourceAssetDB has modification time of '2026-04-09T15:25:57.438422Z' while content on disk has modification time of '2026-04-09T15:26:01.9706472Z'
  ERROR: Build asset version error: assets/arena/savescript.cs in SourceAssetDB has modification time of '2026-04-09T15:25:57.438422Z' while content on disk has modification time of '2026-04-09T15:26:01.9706472Z'
Number of updated asset objects reloaded before import = 0Number of asset objects unloaded after import = 0

========================================================================
Received Import Request.
  Time since last request: 0.000034 seconds.
  path: Assets/arena/saveScript.cs
  artifactKey: Guid(24a3bbdc3f46f264c8b8a7fba3283e09) Importer(815301076,1909f56bfc062723c751e8b465ee728b)
Start importing Assets/arena/saveScript.cs using Guid(24a3bbdc3f46f264c8b8a7fba3283e09) Importer(815301076,1909f56bfc062723c751e8b465ee728b) (PreviewImporter) -> (artifact id: '00000000000000000000000000000000') in 0.0008073 seconds
Import Error Code:(4)
Message: Build asset version error: assets/arena/savescript.cs in SourceAssetDB has modification time of '2026-04-09T15:25:57.438422Z' while content on disk has modification time of '2026-04-09T15:26:01.9706472Z'
  ERROR: Build asset version error: assets/arena/savescript.cs in SourceAssetDB has modification time of '2026-04-09T15:25:57.438422Z' while content on disk has modification time of '2026-04-09T15:26:01.9706472Z'
Number of updated asset objects reloaded before import = 0Number of asset objects unloaded after import = 0

========================================================================
Received Import Request.
  Time since last request: 0.000022 seconds.
  path: Assets/arena/saveScript.cs
  artifactKey: Guid(24a3bbdc3f46f264c8b8a7fba3283e09) Importer(815301076,1909f56bfc062723c751e8b465ee728b)
Start importing Assets/arena/saveScript.cs using Guid(24a3bbdc3f46f264c8b8a7fba3283e09) Importer(815301076,1909f56bfc062723c751e8b465ee728b) (PreviewImporter) -> (artifact id: '00000000000000000000000000000000') in 0.0007629 seconds
Import Error Code:(4)
Message: Build asset version error: assets/arena/savescript.cs in SourceAssetDB has modification time of '2026-04-09T15:25:57.438422Z' while content on disk has modification time of '2026-04-09T15:26:01.9706472Z'
  ERROR: Build asset version error: assets/arena/savescript.cs in SourceAssetDB has modification time of '2026-04-09T15:25:57.438422Z' while content on disk has modification time of '2026-04-09T15:26:01.9706472Z'
Number of updated asset objects reloaded before import = 0Number of asset objects unloaded after import = 0

========================================================================
Received Import Request.
  Time since last request: 0.000026 seconds.
  path: Assets/arena/saveScript.cs
  artifactKey: Guid(24a3bbdc3f46f264c8b8a7fba3283e09) Importer(815301076,1909f56bfc062723c751e8b465ee728b)
Start importing Assets/arena/saveScript.cs using Guid(24a3bbdc3f46f264c8b8a7fba3283e09) Importer(815301076,1909f56bfc062723c751e8b465ee728b) (PreviewImporter) -> (artifact id: '00000000000000000000000000000000') in 0.0008279 seconds
Import Error Code:(4)
Message: Build asset version error: assets/arena/savescript.cs in SourceAssetDB has modification time of '2026-04-09T15:25:57.438422Z' while content on disk has modification time of '2026-04-09T15:26:01.9706472Z'
  ERROR: Build asset version error: assets/arena/savescript.cs in SourceAssetDB has modification time of '2026-04-09T15:25:57.438422Z' while content on disk has modification time of '2026-04-09T15:26:01.9706472Z'
Number of updated asset objects reloaded before import = 0Number of asset objects unloaded after import = 0

========================================================================
Received Import Request.
  Time since last request: 0.000022 seconds.
  path: Assets/arena/saveScript.cs
  artifactKey: Guid(24a3bbdc3f46f264c8b8a7fba3283e09) Importer(815301076,1909f56bfc062723c751e8b465ee728b)
Start importing Assets/arena/saveScript.cs using Guid(24a3bbdc3f46f264c8b8a7fba3283e09) Importer(815301076,1909f56bfc062723c751e8b465ee728b) (PreviewImporter) -> (artifact id: '00000000000000000000000000000000') in 0.0007562 seconds
Import Error Code:(4)
Message: Build asset version error: assets/arena/savescript.cs in SourceAssetDB has modification time of '2026-04-09T15:25:57.438422Z' while content on disk has modification time of '2026-04-09T15:26:01.9706472Z'
  ERROR: Build asset version error: assets/arena/savescript.cs in SourceAssetDB has modification time of '2026-04-09T15:25:57.438422Z' while content on disk has modification time of '2026-04-09T15:26:01.9706472Z'
Number of updated asset objects reloaded before import = 0Number of asset objects unloaded after import = 0

========================================================================
Received Import Request.
  Time since last request: 0.000022 seconds.
  path: Assets/arena/saveScript.cs
  artifactKey: Guid(24a3bbdc3f46f264c8b8a7fba3283e09) Importer(815301076,1909f56bfc062723c751e8b465ee728b)
Start importing Assets/arena/saveScript.cs using Guid(24a3bbdc3f46f264c8b8a7fba3283e09) Importer(815301076,1909f56bfc062723c751e8b465ee728b) (PreviewImporter) -> (artifact id: '00000000000000000000000000000000') in 0.0007789 seconds
Import Error Code:(4)
Message: Build asset version error: assets/arena/savescript.cs in SourceAssetDB has modification time of '2026-04-09T15:25:57.438422Z' while content on disk has modification time of '2026-04-09T15:26:01.9706472Z'
  ERROR: Build asset version error: assets/arena/savescript.cs in SourceAssetDB has modification time of '2026-04-09T15:25:57.438422Z' while content on disk has modification time of '2026-04-09T15:26:01.9706472Z'
Number of updated asset objects reloaded before import = 0Number of asset objects unloaded after import = 0

========================================================================
Received Import Request.
  Time since last request: 0.000025 seconds.
  path: Assets/arena/saveScript.cs
  artifactKey: Guid(24a3bbdc3f46f264c8b8a7fba3283e09) Importer(815301076,1909f56bfc062723c751e8b465ee728b)
Start importing Assets/arena/saveScript.cs using Guid(24a3bbdc3f46f264c8b8a7fba3283e09) Importer(815301076,1909f56bfc062723c751e8b465ee728b) (PreviewImporter) -> (artifact id: '00000000000000000000000000000000') in 0.0007699 seconds
Import Error Code:(4)
Message: Build asset version error: assets/arena/savescript.cs in SourceAssetDB has modification time of '2026-04-09T15:25:57.438422Z' while content on disk has modification time of '2026-04-09T15:26:01.9706472Z'
  ERROR: Build asset version error: assets/arena/savescript.cs in SourceAssetDB has modification time of '2026-04-09T15:25:57.438422Z' while content on disk has modification time of '2026-04-09T15:26:01.9706472Z'
Number of updated asset objects reloaded before import = 0Number of asset objects unloaded after import = 0

========================================================================
Received Import Request.
  Time since last request: 0.000040 seconds.
  path: Assets/arena/saveScript.cs
  artifactKey: Guid(24a3bbdc3f46f264c8b8a7fba3283e09) Importer(815301076,1909f56bfc062723c751e8b465ee728b)
Start importing Assets/arena/saveScript.cs using Guid(24a3bbdc3f46f264c8b8a7fba3283e09) Importer(815301076,1909f56bfc062723c751e8b465ee728b) (PreviewImporter) -> (artifact id: '00000000000000000000000000000000') in 0.000816 seconds
Import Error Code:(4)
Message: Build asset version error: assets/arena/savescript.cs in SourceAssetDB has modification time of '2026-04-09T15:25:57.438422Z' while content on disk has modification time of '2026-04-09T15:26:01.9706472Z'
  ERROR: Build asset version error: assets/arena/savescript.cs in SourceAssetDB has modification time of '2026-04-09T15:25:57.438422Z' while content on disk has modification time of '2026-04-09T15:26:01.9706472Z'
Number of updated asset objects reloaded before import = 0Number of asset objects unloaded after import = 0

========================================================================
Received Import Request.
  Time since last request: 0.000023 seconds.
  path: Assets/arena/saveScript.cs
  artifactKey: Guid(24a3bbdc3f46f264c8b8a7fba3283e09) Importer(815301076,1909f56bfc062723c751e8b465ee728b)
Start importing Assets/arena/saveScript.cs using Guid(24a3bbdc3f46f264c8b8a7fba3283e09) Importer(815301076,1909f56bfc062723c751e8b465ee728b) (PreviewImporter) -> (artifact id: '00000000000000000000000000000000') in 0.0008117 seconds
Import Error Code:(4)
Message: Build asset version error: assets/arena/savescript.cs in SourceAssetDB has modification time of '2026-04-09T15:25:57.438422Z' while content on disk has modification time of '2026-04-09T15:26:01.9706472Z'
  ERROR: Build asset version error: assets/arena/savescript.cs in SourceAssetDB has modification time of '2026-04-09T15:25:57.438422Z' while content on disk has modification time of '2026-04-09T15:26:01.9706472Z'
Number of updated asset objects reloaded before import = 0Number of asset objects unloaded after import = 0

========================================================================
Received Import Request.
  Time since last request: 0.000021 seconds.
  path: Assets/arena/saveScript.cs
  artifactKey: Guid(24a3bbdc3f46f264c8b8a7fba3283e09) Importer(815301076,1909f56bfc062723c751e8b465ee728b)
Start importing Assets/arena/saveScript.cs using Guid(24a3bbdc3f46f264c8b8a7fba3283e09) Importer(815301076,1909f56bfc062723c751e8b465ee728b) (PreviewImporter) -> (artifact id: '00000000000000000000000000000000') in 0.0007699 seconds
Import Error Code:(4)
Message: Build asset version error: assets/arena/savescript.cs in SourceAssetDB has modification time of '2026-04-09T15:25:57.438422Z' while content on disk has modification time of '2026-04-09T15:26:01.9706472Z'
  ERROR: Build asset version error: assets/arena/savescript.cs in SourceAssetDB has modification time of '2026-04-09T15:25:57.438422Z' while content on disk has modification time of '2026-04-09T15:26:01.9706472Z'
Number of updated asset objects reloaded before import = 0Number of asset objects unloaded after import = 0

========================================================================
Received Import Request.
  Time since last request: 0.000021 seconds.
  path: Assets/arena/saveScript.cs
  artifactKey: Guid(24a3bbdc3f46f264c8b8a7fba3283e09) Importer(815301076,1909f56bfc062723c751e8b465ee728b)
Start importing Assets/arena/saveScript.cs using Guid(24a3bbdc3f46f264c8b8a7fba3283e09) Importer(815301076,1909f56bfc062723c751e8b465ee728b) (PreviewImporter) -> (artifact id: '00000000000000000000000000000000') in 0.0007822 seconds
Import Error Code:(4)
Message: Build asset version error: assets/arena/savescript.cs in SourceAssetDB has modification time of '2026-04-09T15:25:57.438422Z' while content on disk has modification time of '2026-04-09T15:26:01.9706472Z'
  ERROR: Build asset version error: assets/arena/savescript.cs in SourceAssetDB has modification time of '2026-04-09T15:25:57.438422Z' while content on disk has modification time of '2026-04-09T15:26:01.9706472Z'
Number of updated asset objects reloaded before import = 0Number of asset objects unloaded after import = 0

========================================================================
Received Import Request.
  Time since last request: 0.000023 seconds.
  path: Assets/arena/saveScript.cs
  artifactKey: Guid(24a3bbdc3f46f264c8b8a7fba3283e09) Importer(815301076,1909f56bfc062723c751e8b465ee728b)
Start importing Assets/arena/saveScript.cs using Guid(24a3bbdc3f46f264c8b8a7fba3283e09) Importer(815301076,1909f56bfc062723c751e8b465ee728b) (PreviewImporter) -> (artifact id: '00000000000000000000000000000000') in 0.0010325 seconds
Import Error Code:(4)
Message: Build asset version error: assets/arena/savescript.cs in SourceAssetDB has modification time of '2026-04-09T15:25:57.438422Z' while content on disk has modification time of '2026-04-09T15:26:01.9706472Z'
  ERROR: Build asset version error: assets/arena/savescript.cs in SourceAssetDB has modification time of '2026-04-09T15:25:57.438422Z' while content on disk has modification time of '2026-04-09T15:26:01.9706472Z'
Number of updated asset objects reloaded before import = 0Number of asset objects unloaded after import = 0

========================================================================
Received Import Request.
  Time since last request: 0.000032 seconds.
  path: Assets/arena/saveScript.cs
  artifactKey: Guid(24a3bbdc3f46f264c8b8a7fba3283e09) Importer(815301076,1909f56bfc062723c751e8b465ee728b)
Start importing Assets/arena/saveScript.cs using Guid(24a3bbdc3f46f264c8b8a7fba3283e09) Importer(815301076,1909f56bfc062723c751e8b465ee728b) (PreviewImporter) -> (artifact id: '00000000000000000000000000000000') in 0.0008352 seconds
Import Error Code:(4)
Message: Build asset version error: assets/arena/savescript.cs in SourceAssetDB has modification time of '2026-04-09T15:25:57.438422Z' while content on disk has modification time of '2026-04-09T15:26:01.9706472Z'
  ERROR: Build asset version error: assets/arena/savescript.cs in SourceAssetDB has modification time of '2026-04-09T15:25:57.438422Z' while content on disk has modification time of '2026-04-09T15:26:01.9706472Z'
Number of updated asset objects reloaded before import = 0Number of asset objects unloaded after import = 0

========================================================================
Received Import Request.
  Time since last request: 0.000035 seconds.
  path: Assets/arena/saveScript.cs
  artifactKey: Guid(24a3bbdc3f46f264c8b8a7fba3283e09) Importer(815301076,1909f56bfc062723c751e8b465ee728b)
Start importing Assets/arena/saveScript.cs using Guid(24a3bbdc3f46f264c8b8a7fba3283e09) Importer(815301076,1909f56bfc062723c751e8b465ee728b) (PreviewImporter) -> (artifact id: '00000000000000000000000000000000') in 0.0008275 seconds
Import Error Code:(4)
Message: Build asset version error: assets/arena/savescript.cs in SourceAssetDB has modification time of '2026-04-09T15:25:57.438422Z' while content on disk has modification time of '2026-04-09T15:26:01.9706472Z'
  ERROR: Build asset version error: assets/arena/savescript.cs in SourceAssetDB has modification time of '2026-04-09T15:25:57.438422Z' while content on disk has modification time of '2026-04-09T15:26:01.9706472Z'
Number of updated asset objects reloaded before import = 0Number of asset objects unloaded after import = 0

========================================================================
Received Import Request.
  Time since last request: 0.000024 seconds.
  path: Assets/arena/saveScript.cs
  artifactKey: Guid(24a3bbdc3f46f264c8b8a7fba3283e09) Importer(815301076,1909f56bfc062723c751e8b465ee728b)
Start importing Assets/arena/saveScript.cs using Guid(24a3bbdc3f46f264c8b8a7fba3283e09) Importer(815301076,1909f56bfc062723c751e8b465ee728b) (PreviewImporter) -> (artifact id: '00000000000000000000000000000000') in 0.0007754 seconds
Import Error Code:(4)
Message: Build asset version error: assets/arena/savescript.cs in SourceAssetDB has modification time of '2026-04-09T15:25:57.438422Z' while content on disk has modification time of '2026-04-09T15:26:01.9706472Z'
  ERROR: Build asset version error: assets/arena/savescript.cs in SourceAssetDB has modification time of '2026-04-09T15:25:57.438422Z' while content on disk has modification time of '2026-04-09T15:26:01.9706472Z'
Number of updated asset objects reloaded before import = 0Number of asset objects unloaded after import = 0

========================================================================
Received Import Request.
  Time since last request: 0.000021 seconds.
  path: Assets/arena/saveScript.cs
  artifactKey: Guid(24a3bbdc3f46f264c8b8a7fba3283e09) Importer(815301076,1909f56bfc062723c751e8b465ee728b)
Start importing Assets/arena/saveScript.cs using Guid(24a3bbdc3f46f264c8b8a7fba3283e09) Importer(815301076,1909f56bfc062723c751e8b465ee728b) (PreviewImporter) -> (artifact id: '00000000000000000000000000000000') in 0.0008446 seconds
Import Error Code:(4)
Message: Build asset version error: assets/arena/savescript.cs in SourceAssetDB has modification time of '2026-04-09T15:25:57.438422Z' while content on disk has modification time of '2026-04-09T15:26:01.9706472Z'
  ERROR: Build asset version error: assets/arena/savescript.cs in SourceAssetDB has modification time of '2026-04-09T15:25:57.438422Z' while content on disk has modification time of '2026-04-09T15:26:01.9706472Z'
Number of updated asset objects reloaded before import = 0Number of asset objects unloaded after import = 0

========================================================================
Received Import Request.
  Time since last request: 0.000022 seconds.
  path: Assets/arena/saveScript.cs
  artifactKey: Guid(24a3bbdc3f46f264c8b8a7fba3283e09) Importer(815301076,1909f56bfc062723c751e8b465ee728b)
Start importing Assets/arena/saveScript.cs using Guid(24a3bbdc3f46f264c8b8a7fba3283e09) Importer(815301076,1909f56bfc062723c751e8b465ee728b) (PreviewImporter) -> (artifact id: '00000000000000000000000000000000') in 0.0008087 seconds
Import Error Code:(4)
Message: Build asset version error: assets/arena/savescript.cs in SourceAssetDB has modification time of '2026-04-09T15:25:57.438422Z' while content on disk has modification time of '2026-04-09T15:26:01.9706472Z'
  ERROR: Build asset version error: assets/arena/savescript.cs in SourceAssetDB has modification time of '2026-04-09T15:25:57.438422Z' while content on disk has modification time of '2026-04-09T15:26:01.9706472Z'
Number of updated asset objects reloaded before import = 0Number of asset objects unloaded after import = 0

========================================================================
Received Import Request.
  Time since last request: 0.000022 seconds.
  path: Assets/arena/saveScript.cs
  artifactKey: Guid(24a3bbdc3f46f264c8b8a7fba3283e09) Importer(815301076,1909f56bfc062723c751e8b465ee728b)
Start importing Assets/arena/saveScript.cs using Guid(24a3bbdc3f46f264c8b8a7fba3283e09) Importer(815301076,1909f56bfc062723c751e8b465ee728b) (PreviewImporter) -> (artifact id: '00000000000000000000000000000000') in 0.0008143 seconds
Import Error Code:(4)
Message: Build asset version error: assets/arena/savescript.cs in SourceAssetDB has modification time of '2026-04-09T15:25:57.438422Z' while content on disk has modification time of '2026-04-09T15:26:01.9706472Z'
  ERROR: Build asset version error: assets/arena/savescript.cs in SourceAssetDB has modification time of '2026-04-09T15:25:57.438422Z' while content on disk has modification time of '2026-04-09T15:26:01.9706472Z'
Number of updated asset objects reloaded before import = 0Number of asset objects unloaded after import = 0

========================================================================
Received Import Request.
  Time since last request: 0.000026 seconds.
  path: Assets/arena/saveScript.cs
  artifactKey: Guid(24a3bbdc3f46f264c8b8a7fba3283e09) Importer(815301076,1909f56bfc062723c751e8b465ee728b)
Start importing Assets/arena/saveScript.cs using Guid(24a3bbdc3f46f264c8b8a7fba3283e09) Importer(815301076,1909f56bfc062723c751e8b465ee728b) (PreviewImporter) -> (artifact id: '00000000000000000000000000000000') in 0.0007815 seconds
Import Error Code:(4)
Message: Build asset version error: assets/arena/savescript.cs in SourceAssetDB has modification time of '2026-04-09T15:25:57.438422Z' while content on disk has modification time of '2026-04-09T15:26:01.9706472Z'
  ERROR: Build asset version error: assets/arena/savescript.cs in SourceAssetDB has modification time of '2026-04-09T15:25:57.438422Z' while content on disk has modification time of '2026-04-09T15:26:01.9706472Z'
Number of updated asset objects reloaded before import = 0Number of asset objects unloaded after import = 0

========================================================================
Received Import Request.
  Time since last request: 0.000048 seconds.
  path: Assets/arena/saveScript.cs
  artifactKey: Guid(24a3bbdc3f46f264c8b8a7fba3283e09) Importer(815301076,1909f56bfc062723c751e8b465ee728b)
Start importing Assets/arena/saveScript.cs using Guid(24a3bbdc3f46f264c8b8a7fba3283e09) Importer(815301076,1909f56bfc062723c751e8b465ee728b) (PreviewImporter) -> (artifact id: '00000000000000000000000000000000') in 0.0008555 seconds
Import Error Code:(4)
Message: Build asset version error: assets/arena/savescript.cs in SourceAssetDB has modification time of '2026-04-09T15:25:57.438422Z' while content on disk has modification time of '2026-04-09T15:26:01.9706472Z'
  ERROR: Build asset version error: assets/arena/savescript.cs in SourceAssetDB has modification time of '2026-04-09T15:25:57.438422Z' while content on disk has modification time of '2026-04-09T15:26:01.9706472Z'
Number of updated asset objects reloaded before import = 0Number of asset objects unloaded after import = 0

========================================================================
Received Import Request.
  Time since last request: 0.000021 seconds.
  path: Assets/arena/saveScript.cs
  artifactKey: Guid(24a3bbdc3f46f264c8b8a7fba3283e09) Importer(815301076,1909f56bfc062723c751e8b465ee728b)
Start importing Assets/arena/saveScript.cs using Guid(24a3bbdc3f46f264c8b8a7fba3283e09) Importer(815301076,1909f56bfc062723c751e8b465ee728b) (PreviewImporter) -> (artifact id: '00000000000000000000000000000000') in 0.0007852 seconds
Import Error Code:(4)
Message: Build asset version error: assets/arena/savescript.cs in SourceAssetDB has modification time of '2026-04-09T15:25:57.438422Z' while content on disk has modification time of '2026-04-09T15:26:01.9706472Z'
  ERROR: Build asset version error: assets/arena/savescript.cs in SourceAssetDB has modification time of '2026-04-09T15:25:57.438422Z' while content on disk has modification time of '2026-04-09T15:26:01.9706472Z'
Number of updated asset objects reloaded before import = 0Number of asset objects unloaded after import = 0

========================================================================
Received Import Request.
  Time since last request: 0.000021 seconds.
  path: Assets/arena/saveScript.cs
  artifactKey: Guid(24a3bbdc3f46f264c8b8a7fba3283e09) Importer(815301076,1909f56bfc062723c751e8b465ee728b)
Start importing Assets/arena/saveScript.cs using Guid(24a3bbdc3f46f264c8b8a7fba3283e09) Importer(815301076,1909f56bfc062723c751e8b465ee728b) (PreviewImporter) -> (artifact id: '00000000000000000000000000000000') in 0.000784 seconds
Import Error Code:(4)
Message: Build asset version error: assets/arena/savescript.cs in SourceAssetDB has modification time of '2026-04-09T15:25:57.438422Z' while content on disk has modification time of '2026-04-09T15:26:01.9706472Z'
  ERROR: Build asset version error: assets/arena/savescript.cs in SourceAssetDB has modification time of '2026-04-09T15:25:57.438422Z' while content on disk has modification time of '2026-04-09T15:26:01.9706472Z'
Number of updated asset objects reloaded before import = 0Number of asset objects unloaded after import = 0

========================================================================
Received Import Request.
  Time since last request: 0.000021 seconds.
  path: Assets/arena/saveScript.cs
  artifactKey: Guid(24a3bbdc3f46f264c8b8a7fba3283e09) Importer(815301076,1909f56bfc062723c751e8b465ee728b)
Start importing Assets/arena/saveScript.cs using Guid(24a3bbdc3f46f264c8b8a7fba3283e09) Importer(815301076,1909f56bfc062723c751e8b465ee728b) (PreviewImporter) -> (artifact id: '00000000000000000000000000000000') in 0.0007969 seconds
Import Error Code:(4)
Message: Build asset version error: assets/arena/savescript.cs in SourceAssetDB has modification time of '2026-04-09T15:25:57.438422Z' while content on disk has modification time of '2026-04-09T15:26:01.9706472Z'
  ERROR: Build asset version error: assets/arena/savescript.cs in SourceAssetDB has modification time of '2026-04-09T15:25:57.438422Z' while content on disk has modification time of '2026-04-09T15:26:01.9706472Z'
Number of updated asset objects reloaded before import = 0Number of asset objects unloaded after import = 0

========================================================================
Received Import Request.
  Time since last request: 0.000022 seconds.
  path: Assets/arena/saveScript.cs
  artifactKey: Guid(24a3bbdc3f46f264c8b8a7fba3283e09) Importer(815301076,1909f56bfc062723c751e8b465ee728b)
Start importing Assets/arena/saveScript.cs using Guid(24a3bbdc3f46f264c8b8a7fba3283e09) Importer(815301076,1909f56bfc062723c751e8b465ee728b) (PreviewImporter) -> (artifact id: '00000000000000000000000000000000') in 0.0007897 seconds
Import Error Code:(4)
Message: Build asset version error: assets/arena/savescript.cs in SourceAssetDB has modification time of '2026-04-09T15:25:57.438422Z' while content on disk has modification time of '2026-04-09T15:26:01.9706472Z'
  ERROR: Build asset version error: assets/arena/savescript.cs in SourceAssetDB has modification time of '2026-04-09T15:25:57.438422Z' while content on disk has modification time of '2026-04-09T15:26:01.9706472Z'
Number of updated asset objects reloaded before import = 0Number of asset objects unloaded after import = 0

========================================================================
Received Import Request.
  Time since last request: 0.000026 seconds.
  path: Assets/arena/saveScript.cs
  artifactKey: Guid(24a3bbdc3f46f264c8b8a7fba3283e09) Importer(815301076,1909f56bfc062723c751e8b465ee728b)
Start importing Assets/arena/saveScript.cs using Guid(24a3bbdc3f46f264c8b8a7fba3283e09) Importer(815301076,1909f56bfc062723c751e8b465ee728b) (PreviewImporter) -> (artifact id: '00000000000000000000000000000000') in 0.0008772 seconds
Import Error Code:(4)
Message: Build asset version error: assets/arena/savescript.cs in SourceAssetDB has modification time of '2026-04-09T15:25:57.438422Z' while content on disk has modification time of '2026-04-09T15:26:01.9706472Z'
  ERROR: Build asset version error: assets/arena/savescript.cs in SourceAssetDB has modification time of '2026-04-09T15:25:57.438422Z' while content on disk has modification time of '2026-04-09T15:26:01.9706472Z'
Number of updated asset objects reloaded before import = 0Number of asset objects unloaded after import = 0

========================================================================
Received Import Request.
  Time since last request: 0.000036 seconds.
  path: Assets/arena/saveScript.cs
  artifactKey: Guid(24a3bbdc3f46f264c8b8a7fba3283e09) Importer(815301076,1909f56bfc062723c751e8b465ee728b)
Start importing Assets/arena/saveScript.cs using Guid(24a3bbdc3f46f264c8b8a7fba3283e09) Importer(815301076,1909f56bfc062723c751e8b465ee728b) (PreviewImporter) -> (artifact id: '00000000000000000000000000000000') in 0.00076 seconds
Import Error Code:(4)
Message: Build asset version error: assets/arena/savescript.cs in SourceAssetDB has modification time of '2026-04-09T15:25:57.438422Z' while content on disk has modification time of '2026-04-09T15:26:01.9706472Z'
  ERROR: Build asset version error: assets/arena/savescript.cs in SourceAssetDB has modification time of '2026-04-09T15:25:57.438422Z' while content on disk has modification time of '2026-04-09T15:26:01.9706472Z'
Number of updated asset objects reloaded before import = 0Number of asset objects unloaded after import = 0

========================================================================
Received Import Request.
  Time since last request: 0.000021 seconds.
  path: Assets/arena/saveScript.cs
  artifactKey: Guid(24a3bbdc3f46f264c8b8a7fba3283e09) Importer(815301076,1909f56bfc062723c751e8b465ee728b)
Start importing Assets/arena/saveScript.cs using Guid(24a3bbdc3f46f264c8b8a7fba3283e09) Importer(815301076,1909f56bfc062723c751e8b465ee728b) (PreviewImporter) -> (artifact id: '00000000000000000000000000000000') in 0.0007826 seconds
Import Error Code:(4)
Message: Build asset version error: assets/arena/savescript.cs in SourceAssetDB has modification time of '2026-04-09T15:25:57.438422Z' while content on disk has modification time of '2026-04-09T15:26:01.9706472Z'
  ERROR: Build asset version error: assets/arena/savescript.cs in SourceAssetDB has modification time of '2026-04-09T15:25:57.438422Z' while content on disk has modification time of '2026-04-09T15:26:01.9706472Z'
Number of updated asset objects reloaded before import = 0Number of asset objects unloaded after import = 0

========================================================================
Received Import Request.
  Time since last request: 0.000021 seconds.
  path: Assets/arena/saveScript.cs
  artifactKey: Guid(24a3bbdc3f46f264c8b8a7fba3283e09) Importer(815301076,1909f56bfc062723c751e8b465ee728b)
Start importing Assets/arena/saveScript.cs using Guid(24a3bbdc3f46f264c8b8a7fba3283e09) Importer(815301076,1909f56bfc062723c751e8b465ee728b) (PreviewImporter) -> (artifact id: '00000000000000000000000000000000') in 0.0008042 seconds
Import Error Code:(4)
Message: Build asset version error: assets/arena/savescript.cs in SourceAssetDB has modification time of '2026-04-09T15:25:57.438422Z' while content on disk has modification time of '2026-04-09T15:26:01.9706472Z'
  ERROR: Build asset version error: assets/arena/savescript.cs in SourceAssetDB has modification time of '2026-04-09T15:25:57.438422Z' while content on disk has modification time of '2026-04-09T15:26:01.9706472Z'
Number of updated asset objects reloaded before import = 0Number of asset objects unloaded after import = 0

========================================================================
Received Import Request.
  Time since last request: 0.000023 seconds.
  path: Assets/arena/saveScript.cs
  artifactKey: Guid(24a3bbdc3f46f264c8b8a7fba3283e09) Importer(815301076,1909f56bfc062723c751e8b465ee728b)
Start importing Assets/arena/saveScript.cs using Guid(24a3bbdc3f46f264c8b8a7fba3283e09) Importer(815301076,1909f56bfc062723c751e8b465ee728b) (PreviewImporter) -> (artifact id: '00000000000000000000000000000000') in 0.0008169 seconds
Import Error Code:(4)
Message: Build asset version error: assets/arena/savescript.cs in SourceAssetDB has modification time of '2026-04-09T15:25:57.438422Z' while content on disk has modification time of '2026-04-09T15:26:01.9706472Z'
  ERROR: Build asset version error: assets/arena/savescript.cs in SourceAssetDB has modification time of '2026-04-09T15:25:57.438422Z' while content on disk has modification time of '2026-04-09T15:26:01.9706472Z'
Number of updated asset objects reloaded before import = 0Number of asset objects unloaded after import = 0

========================================================================
Received Import Request.
  Time since last request: 0.000025 seconds.
  path: Assets/arena/saveScript.cs
  artifactKey: Guid(24a3bbdc3f46f264c8b8a7fba3283e09) Importer(815301076,1909f56bfc062723c751e8b465ee728b)
Start importing Assets/arena/saveScript.cs using Guid(24a3bbdc3f46f264c8b8a7fba3283e09) Importer(815301076,1909f56bfc062723c751e8b465ee728b) (PreviewImporter) -> (artifact id: '00000000000000000000000000000000') in 0.0007672 seconds
Import Error Code:(4)
Message: Build asset version error: assets/arena/savescript.cs in SourceAssetDB has modification time of '2026-04-09T15:25:57.438422Z' while content on disk has modification time of '2026-04-09T15:26:01.9706472Z'
  ERROR: Build asset version error: assets/arena/savescript.cs in SourceAssetDB has modification time of '2026-04-09T15:25:57.438422Z' while content on disk has modification time of '2026-04-09T15:26:01.9706472Z'
Number of updated asset objects reloaded before import = 0Number of asset objects unloaded after import = 0

========================================================================
Received Import Request.
  Time since last request: 0.000025 seconds.
  path: Assets/arena/saveScript.cs
  artifactKey: Guid(24a3bbdc3f46f264c8b8a7fba3283e09) Importer(815301076,1909f56bfc062723c751e8b465ee728b)
Start importing Assets/arena/saveScript.cs using Guid(24a3bbdc3f46f264c8b8a7fba3283e09) Importer(815301076,1909f56bfc062723c751e8b465ee728b) (PreviewImporter) -> (artifact id: '00000000000000000000000000000000') in 0.0010348 seconds
Import Error Code:(4)
Message: Build asset version error: assets/arena/savescript.cs in SourceAssetDB has modification time of '2026-04-09T15:25:57.438422Z' while content on disk has modification time of '2026-04-09T15:26:01.9706472Z'
  ERROR: Build asset version error: assets/arena/savescript.cs in SourceAssetDB has modification time of '2026-04-09T15:25:57.438422Z' while content on disk has modification time of '2026-04-09T15:26:01.9706472Z'
Number of updated asset objects reloaded before import = 0Number of asset objects unloaded after import = 0

========================================================================
Received Import Request.
  Time since last request: 0.000035 seconds.
  path: Assets/arena/saveScript.cs
  artifactKey: Guid(24a3bbdc3f46f264c8b8a7fba3283e09) Importer(815301076,1909f56bfc062723c751e8b465ee728b)
Start importing Assets/arena/saveScript.cs using Guid(24a3bbdc3f46f264c8b8a7fba3283e09) Importer(815301076,1909f56bfc062723c751e8b465ee728b) (PreviewImporter) -> (artifact id: '00000000000000000000000000000000') in 0.0008082 seconds
Import Error Code:(4)
Message: Build asset version error: assets/arena/savescript.cs in SourceAssetDB has modification time of '2026-04-09T15:25:57.438422Z' while content on disk has modification time of '2026-04-09T15:26:01.9706472Z'
  ERROR: Build asset version error: assets/arena/savescript.cs in SourceAssetDB has modification time of '2026-04-09T15:25:57.438422Z' while content on disk has modification time of '2026-04-09T15:26:01.9706472Z'
Number of updated asset objects reloaded before import = 0Number of asset objects unloaded after import = 0

========================================================================
Received Import Request.
  Time since last request: 0.000021 seconds.
  path: Assets/arena/saveScript.cs
  artifactKey: Guid(24a3bbdc3f46f264c8b8a7fba3283e09) Importer(815301076,1909f56bfc062723c751e8b465ee728b)
Start importing Assets/arena/saveScript.cs using Guid(24a3bbdc3f46f264c8b8a7fba3283e09) Importer(815301076,1909f56bfc062723c751e8b465ee728b) (PreviewImporter) -> (artifact id: '00000000000000000000000000000000') in 0.0008146 seconds
Import Error Code:(4)
Message: Build asset version error: assets/arena/savescript.cs in SourceAssetDB has modification time of '2026-04-09T15:25:57.438422Z' while content on disk has modification time of '2026-04-09T15:26:01.9706472Z'
  ERROR: Build asset version error: assets/arena/savescript.cs in SourceAssetDB has modification time of '2026-04-09T15:25:57.438422Z' while content on disk has modification time of '2026-04-09T15:26:01.9706472Z'
Number of updated asset objects reloaded before import = 0Number of asset objects unloaded after import = 0

========================================================================
Received Import Request.
  Time since last request: 0.000021 seconds.
  path: Assets/arena/saveScript.cs
  artifactKey: Guid(24a3bbdc3f46f264c8b8a7fba3283e09) Importer(815301076,1909f56bfc062723c751e8b465ee728b)
Start importing Assets/arena/saveScript.cs using Guid(24a3bbdc3f46f264c8b8a7fba3283e09) Importer(815301076,1909f56bfc062723c751e8b465ee728b) (PreviewImporter) -> (artifact id: '00000000000000000000000000000000') in 0.0008641 seconds
Import Error Code:(4)
Message: Build asset version error: assets/arena/savescript.cs in SourceAssetDB has modification time of '2026-04-09T15:25:57.438422Z' while content on disk has modification time of '2026-04-09T15:26:01.9706472Z'
  ERROR: Build asset version error: assets/arena/savescript.cs in SourceAssetDB has modification time of '2026-04-09T15:25:57.438422Z' while content on disk has modification time of '2026-04-09T15:26:01.9706472Z'
Number of updated asset objects reloaded before import = 0Number of asset objects unloaded after import = 0

========================================================================
Received Import Request.
  Time since last request: 0.000022 seconds.
  path: Assets/arena/saveScript.cs
  artifactKey: Guid(24a3bbdc3f46f264c8b8a7fba3283e09) Importer(815301076,1909f56bfc062723c751e8b465ee728b)
Start importing Assets/arena/saveScript.cs using Guid(24a3bbdc3f46f264c8b8a7fba3283e09) Importer(815301076,1909f56bfc062723c751e8b465ee728b) (PreviewImporter) -> (artifact id: '00000000000000000000000000000000') in 0.0009552 seconds
Import Error Code:(4)
Message: Build asset version error: assets/arena/savescript.cs in SourceAssetDB has modification time of '2026-04-09T15:25:57.438422Z' while content on disk has modification time of '2026-04-09T15:26:01.9706472Z'
  ERROR: Build asset version error: assets/arena/savescript.cs in SourceAssetDB has modification time of '2026-04-09T15:25:57.438422Z' while content on disk has modification time of '2026-04-09T15:26:01.9706472Z'
Number of updated asset objects reloaded before import = 0Number of asset objects unloaded after import = 0

========================================================================
Received Import Request.
  Time since last request: 0.000021 seconds.
  path: Assets/arena/saveScript.cs
  artifactKey: Guid(24a3bbdc3f46f264c8b8a7fba3283e09) Importer(815301076,1909f56bfc062723c751e8b465ee728b)
Start importing Assets/arena/saveScript.cs using Guid(24a3bbdc3f46f264c8b8a7fba3283e09) Importer(815301076,1909f56bfc062723c751e8b465ee728b) (PreviewImporter) -> (artifact id: '00000000000000000000000000000000') in 0.0008674 seconds
Import Error Code:(4)
Message: Build asset version error: assets/arena/savescript.cs in SourceAssetDB has modification time of '2026-04-09T15:25:57.438422Z' while content on disk has modification time of '2026-04-09T15:26:01.9706472Z'
  ERROR: Build asset version error: assets/arena/savescript.cs in SourceAssetDB has modification time of '2026-04-09T15:25:57.438422Z' while content on disk has modification time of '2026-04-09T15:26:01.9706472Z'
Number of updated asset objects reloaded before import = 0Number of asset objects unloaded after import = 0

========================================================================
Received Import Request.
  Time since last request: 0.000025 seconds.
  path: Assets/arena/saveScript.cs
  artifactKey: Guid(24a3bbdc3f46f264c8b8a7fba3283e09) Importer(815301076,1909f56bfc062723c751e8b465ee728b)
Start importing Assets/arena/saveScript.cs using Guid(24a3bbdc3f46f264c8b8a7fba3283e09) Importer(815301076,1909f56bfc062723c751e8b465ee728b) (PreviewImporter) -> (artifact id: '00000000000000000000000000000000') in 0.0008212 seconds
Import Error Code:(4)
Message: Build asset version error: assets/arena/savescript.cs in SourceAssetDB has modification time of '2026-04-09T15:25:57.438422Z' while content on disk has modification time of '2026-04-09T15:26:01.9706472Z'
  ERROR: Build asset version error: assets/arena/savescript.cs in SourceAssetDB has modification time of '2026-04-09T15:25:57.438422Z' while content on disk has modification time of '2026-04-09T15:26:01.9706472Z'
Number of updated asset objects reloaded before import = 0Number of asset objects unloaded after import = 0

========================================================================
Received Import Request.
  Time since last request: 0.000036 seconds.
  path: Assets/arena/saveScript.cs
  artifactKey: Guid(24a3bbdc3f46f264c8b8a7fba3283e09) Importer(815301076,1909f56bfc062723c751e8b465ee728b)
Start importing Assets/arena/saveScript.cs using Guid(24a3bbdc3f46f264c8b8a7fba3283e09) Importer(815301076,1909f56bfc062723c751e8b465ee728b) (PreviewImporter) -> (artifact id: '00000000000000000000000000000000') in 0.0008643 seconds
Import Error Code:(4)
Message: Build asset version error: assets/arena/savescript.cs in SourceAssetDB has modification time of '2026-04-09T15:25:57.438422Z' while content on disk has modification time of '2026-04-09T15:26:01.9706472Z'
  ERROR: Build asset version error: assets/arena/savescript.cs in SourceAssetDB has modification time of '2026-04-09T15:25:57.438422Z' while content on disk has modification time of '2026-04-09T15:26:01.9706472Z'
Number of updated asset objects reloaded before import = 0Number of asset objects unloaded after import = 0

========================================================================
Received Import Request.
  Time since last request: 0.000022 seconds.
  path: Assets/arena/saveScript.cs
  artifactKey: Guid(24a3bbdc3f46f264c8b8a7fba3283e09) Importer(815301076,1909f56bfc062723c751e8b465ee728b)
Start importing Assets/arena/saveScript.cs using Guid(24a3bbdc3f46f264c8b8a7fba3283e09) Importer(815301076,1909f56bfc062723c751e8b465ee728b) (PreviewImporter) -> (artifact id: '00000000000000000000000000000000') in 0.0008434 seconds
Import Error Code:(4)
Message: Build asset version error: assets/arena/savescript.cs in SourceAssetDB has modification time of '2026-04-09T15:25:57.438422Z' while content on disk has modification time of '2026-04-09T15:26:01.9706472Z'
  ERROR: Build asset version error: assets/arena/savescript.cs in SourceAssetDB has modification time of '2026-04-09T15:25:57.438422Z' while content on disk has modification time of '2026-04-09T15:26:01.9706472Z'
Number of updated asset objects reloaded before import = 0Number of asset objects unloaded after import = 0

========================================================================
Received Import Request.
  Time since last request: 0.000022 seconds.
  path: Assets/arena/saveScript.cs
  artifactKey: Guid(24a3bbdc3f46f264c8b8a7fba3283e09) Importer(815301076,1909f56bfc062723c751e8b465ee728b)
Start importing Assets/arena/saveScript.cs using Guid(24a3bbdc3f46f264c8b8a7fba3283e09) Importer(815301076,1909f56bfc062723c751e8b465ee728b) (PreviewImporter) -> (artifact id: '00000000000000000000000000000000') in 0.0008291 seconds
Import Error Code:(4)
Message: Build asset version error: assets/arena/savescript.cs in SourceAssetDB has modification time of '2026-04-09T15:25:57.438422Z' while content on disk has modification time of '2026-04-09T15:26:01.9706472Z'
  ERROR: Build asset version error: assets/arena/savescript.cs in SourceAssetDB has modification time of '2026-04-09T15:25:57.438422Z' while content on disk has modification time of '2026-04-09T15:26:01.9706472Z'
Number of updated asset objects reloaded before import = 0Number of asset objects unloaded after import = 0

========================================================================
Received Import Request.
  Time since last request: 0.000030 seconds.
  path: Assets/arena/saveScript.cs
  artifactKey: Guid(24a3bbdc3f46f264c8b8a7fba3283e09) Importer(815301076,1909f56bfc062723c751e8b465ee728b)
Start importing Assets/arena/saveScript.cs using Guid(24a3bbdc3f46f264c8b8a7fba3283e09) Importer(815301076,1909f56bfc062723c751e8b465ee728b) (PreviewImporter) -> (artifact id: '00000000000000000000000000000000') in 0.0007922 seconds
Import Error Code:(4)
Message: Build asset version error: assets/arena/savescript.cs in SourceAssetDB has modification time of '2026-04-09T15:25:57.438422Z' while content on disk has modification time of '2026-04-09T15:26:01.9706472Z'
  ERROR: Build asset version error: assets/arena/savescript.cs in SourceAssetDB has modification time of '2026-04-09T15:25:57.438422Z' while content on disk has modification time of '2026-04-09T15:26:01.9706472Z'
Number of updated asset objects reloaded before import = 0Number of asset objects unloaded after import = 0

========================================================================
Received Import Request.
  Time since last request: 0.000022 seconds.
  path: Assets/arena/saveScript.cs
  artifactKey: Guid(24a3bbdc3f46f264c8b8a7fba3283e09) Importer(815301076,1909f56bfc062723c751e8b465ee728b)
Start importing Assets/arena/saveScript.cs using Guid(24a3bbdc3f46f264c8b8a7fba3283e09) Importer(815301076,1909f56bfc062723c751e8b465ee728b) (PreviewImporter) -> (artifact id: '00000000000000000000000000000000') in 0.0007689 seconds
Import Error Code:(4)
Message: Build asset version error: assets/arena/savescript.cs in SourceAssetDB has modification time of '2026-04-09T15:25:57.438422Z' while content on disk has modification time of '2026-04-09T15:26:01.9706472Z'
  ERROR: Build asset version error: assets/arena/savescript.cs in SourceAssetDB has modification time of '2026-04-09T15:25:57.438422Z' while content on disk has modification time of '2026-04-09T15:26:01.9706472Z'
Number of updated asset objects reloaded before import = 0Number of asset objects unloaded after import = 0

========================================================================
Received Import Request.
  Time since last request: 0.000029 seconds.
  path: Assets/arena/saveScript.cs
  artifactKey: Guid(24a3bbdc3f46f264c8b8a7fba3283e09) Importer(815301076,1909f56bfc062723c751e8b465ee728b)
Start importing Assets/arena/saveScript.cs using Guid(24a3bbdc3f46f264c8b8a7fba3283e09) Importer(815301076,1909f56bfc062723c751e8b465ee728b) (PreviewImporter) -> (artifact id: '00000000000000000000000000000000') in 0.0007861 seconds
Import Error Code:(4)
Message: Build asset version error: assets/arena/savescript.cs in SourceAssetDB has modification time of '2026-04-09T15:25:57.438422Z' while content on disk has modification time of '2026-04-09T15:26:01.9706472Z'
  ERROR: Build asset version error: assets/arena/savescript.cs in SourceAssetDB has modification time of '2026-04-09T15:25:57.438422Z' while content on disk has modification time of '2026-04-09T15:26:01.9706472Z'
Number of updated asset objects reloaded before import = 0Number of asset objects unloaded after import = 0

========================================================================
Received Import Request.
  Time since last request: 0.000035 seconds.
  path: Assets/arena/saveScript.cs
  artifactKey: Guid(24a3bbdc3f46f264c8b8a7fba3283e09) Importer(815301076,1909f56bfc062723c751e8b465ee728b)
Start importing Assets/arena/saveScript.cs using Guid(24a3bbdc3f46f264c8b8a7fba3283e09) Importer(815301076,1909f56bfc062723c751e8b465ee728b) (PreviewImporter) -> (artifact id: '00000000000000000000000000000000') in 0.0008578 seconds
Import Error Code:(4)
Message: Build asset version error: assets/arena/savescript.cs in SourceAssetDB has modification time of '2026-04-09T15:25:57.438422Z' while content on disk has modification time of '2026-04-09T15:26:01.9706472Z'
  ERROR: Build asset version error: assets/arena/savescript.cs in SourceAssetDB has modification time of '2026-04-09T15:25:57.438422Z' while content on disk has modification time of '2026-04-09T15:26:01.9706472Z'
Number of updated asset objects reloaded before import = 0Number of asset objects unloaded after import = 0

========================================================================
Received Import Request.
  Time since last request: 0.000036 seconds.
  path: Assets/arena/saveScript.cs
  artifactKey: Guid(24a3bbdc3f46f264c8b8a7fba3283e09) Importer(815301076,1909f56bfc062723c751e8b465ee728b)
Start importing Assets/arena/saveScript.cs using Guid(24a3bbdc3f46f264c8b8a7fba3283e09) Importer(815301076,1909f56bfc062723c751e8b465ee728b) (PreviewImporter) -> (artifact id: '00000000000000000000000000000000') in 0.0008793 seconds
Import Error Code:(4)
Message: Build asset version error: assets/arena/savescript.cs in SourceAssetDB has modification time of '2026-04-09T15:25:57.438422Z' while content on disk has modification time of '2026-04-09T15:26:01.9706472Z'
  ERROR: Build asset version error: assets/arena/savescript.cs in SourceAssetDB has modification time of '2026-04-09T15:25:57.438422Z' while content on disk has modification time of '2026-04-09T15:26:01.9706472Z'
Number of updated asset objects reloaded before import = 0Number of asset objects unloaded after import = 0

========================================================================
Received Import Request.
  Time since last request: 0.000025 seconds.
  path: Assets/arena/saveScript.cs
  artifactKey: Guid(24a3bbdc3f46f264c8b8a7fba3283e09) Importer(815301076,1909f56bfc062723c751e8b465ee728b)
Start importing Assets/arena/saveScript.cs using Guid(24a3bbdc3f46f264c8b8a7fba3283e09) Importer(815301076,1909f56bfc062723c751e8b465ee728b) (PreviewImporter) -> (artifact id: '00000000000000000000000000000000') in 0.0008033 seconds
Import Error Code:(4)
Message: Build asset version error: assets/arena/savescript.cs in SourceAssetDB has modification time of '2026-04-09T15:25:57.438422Z' while content on disk has modification time of '2026-04-09T15:26:01.9706472Z'
  ERROR: Build asset version error: assets/arena/savescript.cs in SourceAssetDB has modification time of '2026-04-09T15:25:57.438422Z' while content on disk has modification time of '2026-04-09T15:26:01.9706472Z'
Number of updated asset objects reloaded before import = 0Number of asset objects unloaded after import = 0

========================================================================
Received Import Request.
  Time since last request: 0.000025 seconds.
  path: Assets/arena/saveScript.cs
  artifactKey: Guid(24a3bbdc3f46f264c8b8a7fba3283e09) Importer(815301076,1909f56bfc062723c751e8b465ee728b)
Start importing Assets/arena/saveScript.cs using Guid(24a3bbdc3f46f264c8b8a7fba3283e09) Importer(815301076,1909f56bfc062723c751e8b465ee728b) (PreviewImporter) -> (artifact id: '00000000000000000000000000000000') in 0.0007447 seconds
Import Error Code:(4)
Message: Build asset version error: assets/arena/savescript.cs in SourceAssetDB has modification time of '2026-04-09T15:25:57.438422Z' while content on disk has modification time of '2026-04-09T15:26:01.9706472Z'
  ERROR: Build asset version error: assets/arena/savescript.cs in SourceAssetDB has modification time of '2026-04-09T15:25:57.438422Z' while content on disk has modification time of '2026-04-09T15:26:01.9706472Z'
Number of updated asset objects reloaded before import = 0Number of asset objects unloaded after import = 0

========================================================================
Received Import Request.
  Time since last request: 0.000029 seconds.
  path: Assets/arena/saveScript.cs
  artifactKey: Guid(24a3bbdc3f46f264c8b8a7fba3283e09) Importer(815301076,1909f56bfc062723c751e8b465ee728b)
Start importing Assets/arena/saveScript.cs using Guid(24a3bbdc3f46f264c8b8a7fba3283e09) Importer(815301076,1909f56bfc062723c751e8b465ee728b) (PreviewImporter) -> (artifact id: '00000000000000000000000000000000') in 0.0008102 seconds
Import Error Code:(4)
Message: Build asset version error: assets/arena/savescript.cs in SourceAssetDB has modification time of '2026-04-09T15:25:57.438422Z' while content on disk has modification time of '2026-04-09T15:26:01.9706472Z'
  ERROR: Build asset version error: assets/arena/savescript.cs in SourceAssetDB has modification time of '2026-04-09T15:25:57.438422Z' while content on disk has modification time of '2026-04-09T15:26:01.9706472Z'
Number of updated asset objects reloaded before import = 0Number of asset objects unloaded after import = 0

========================================================================
Received Import Request.
  Time since last request: 0.000035 seconds.
  path: Assets/arena/saveScript.cs
  artifactKey: Guid(24a3bbdc3f46f264c8b8a7fba3283e09) Importer(815301076,1909f56bfc062723c751e8b465ee728b)
Start importing Assets/arena/saveScript.cs using Guid(24a3bbdc3f46f264c8b8a7fba3283e09) Importer(815301076,1909f56bfc062723c751e8b465ee728b) (PreviewImporter) -> (artifact id: '00000000000000000000000000000000') in 0.0007565 seconds
Import Error Code:(4)
Message: Build asset version error: assets/arena/savescript.cs in SourceAssetDB has modification time of '2026-04-09T15:25:57.438422Z' while content on disk has modification time of '2026-04-09T15:26:01.9706472Z'
  ERROR: Build asset version error: assets/arena/savescript.cs in SourceAssetDB has modification time of '2026-04-09T15:25:57.438422Z' while content on disk has modification time of '2026-04-09T15:26:01.9706472Z'
Number of updated asset objects reloaded before import = 0Number of asset objects unloaded after import = 0

========================================================================
Received Import Request.
  Time since last request: 0.000023 seconds.
  path: Assets/arena/saveScript.cs
  artifactKey: Guid(24a3bbdc3f46f264c8b8a7fba3283e09) Importer(815301076,1909f56bfc062723c751e8b465ee728b)
Start importing Assets/arena/saveScript.cs using Guid(24a3bbdc3f46f264c8b8a7fba3283e09) Importer(815301076,1909f56bfc062723c751e8b465ee728b) (PreviewImporter) -> (artifact id: '00000000000000000000000000000000') in 0.000824 seconds
Import Error Code:(4)
Message: Build asset version error: assets/arena/savescript.cs in SourceAssetDB has modification time of '2026-04-09T15:25:57.438422Z' while content on disk has modification time of '2026-04-09T15:26:01.9706472Z'
  ERROR: Build asset version error: assets/arena/savescript.cs in SourceAssetDB has modification time of '2026-04-09T15:25:57.438422Z' while content on disk has modification time of '2026-04-09T15:26:01.9706472Z'
Number of updated asset objects reloaded before import = 0Number of asset objects unloaded after import = 0

========================================================================
Received Import Request.
  Time since last request: 0.000027 seconds.
  path: Assets/arena/saveScript.cs
  artifactKey: Guid(24a3bbdc3f46f264c8b8a7fba3283e09) Importer(815301076,1909f56bfc062723c751e8b465ee728b)
Start importing Assets/arena/saveScript.cs using Guid(24a3bbdc3f46f264c8b8a7fba3283e09) Importer(815301076,1909f56bfc062723c751e8b465ee728b) (PreviewImporter) -> (artifact id: '00000000000000000000000000000000') in 0.0008264 seconds
Import Error Code:(4)
Message: Build asset version error: assets/arena/savescript.cs in SourceAssetDB has modification time of '2026-04-09T15:25:57.438422Z' while content on disk has modification time of '2026-04-09T15:26:01.9706472Z'
  ERROR: Build asset version error: assets/arena/savescript.cs in SourceAssetDB has modification time of '2026-04-09T15:25:57.438422Z' while content on disk has modification time of '2026-04-09T15:26:01.9706472Z'
Number of updated asset objects reloaded before import = 0Number of asset objects unloaded after import = 0

========================================================================
Received Import Request.
  Time since last request: 0.000024 seconds.
  path: Assets/arena/saveScript.cs
  artifactKey: Guid(24a3bbdc3f46f264c8b8a7fba3283e09) Importer(815301076,1909f56bfc062723c751e8b465ee728b)
Start importing Assets/arena/saveScript.cs using Guid(24a3bbdc3f46f264c8b8a7fba3283e09) Importer(815301076,1909f56bfc062723c751e8b465ee728b) (PreviewImporter) -> (artifact id: '00000000000000000000000000000000') in 0.0008308 seconds
Import Error Code:(4)
Message: Build asset version error: assets/arena/savescript.cs in SourceAssetDB has modification time of '2026-04-09T15:25:57.438422Z' while content on disk has modification time of '2026-04-09T15:26:01.9706472Z'
  ERROR: Build asset version error: assets/arena/savescript.cs in SourceAssetDB has modification time of '2026-04-09T15:25:57.438422Z' while content on disk has modification time of '2026-04-09T15:26:01.9706472Z'
Number of updated asset objects reloaded before import = 0Number of asset objects unloaded after import = 0

========================================================================
Received Import Request.
  Time since last request: 0.000025 seconds.
  path: Assets/arena/saveScript.cs
  artifactKey: Guid(24a3bbdc3f46f264c8b8a7fba3283e09) Importer(815301076,1909f56bfc062723c751e8b465ee728b)
Start importing Assets/arena/saveScript.cs using Guid(24a3bbdc3f46f264c8b8a7fba3283e09) Importer(815301076,1909f56bfc062723c751e8b465ee728b) (PreviewImporter) -> (artifact id: '00000000000000000000000000000000') in 0.0007655 seconds
Import Error Code:(4)
Message: Build asset version error: assets/arena/savescript.cs in SourceAssetDB has modification time of '2026-04-09T15:25:57.438422Z' while content on disk has modification time of '2026-04-09T15:26:01.9706472Z'
  ERROR: Build asset version error: assets/arena/savescript.cs in SourceAssetDB has modification time of '2026-04-09T15:25:57.438422Z' while content on disk has modification time of '2026-04-09T15:26:01.9706472Z'
Number of updated asset objects reloaded before import = 0Number of asset objects unloaded after import = 0

========================================================================
Received Import Request.
  Time since last request: 0.000034 seconds.
  path: Assets/arena/saveScript.cs
  artifactKey: Guid(24a3bbdc3f46f264c8b8a7fba3283e09) Importer(815301076,1909f56bfc062723c751e8b465ee728b)
Start importing Assets/arena/saveScript.cs using Guid(24a3bbdc3f46f264c8b8a7fba3283e09) Importer(815301076,1909f56bfc062723c751e8b465ee728b) (PreviewImporter) -> (artifact id: '00000000000000000000000000000000') in 0.0010119 seconds
Import Error Code:(4)
Message: Build asset version error: assets/arena/savescript.cs in SourceAssetDB has modification time of '2026-04-09T15:25:57.438422Z' while content on disk has modification time of '2026-04-09T15:26:01.9706472Z'
  ERROR: Build asset version error: assets/arena/savescript.cs in SourceAssetDB has modification time of '2026-04-09T15:25:57.438422Z' while content on disk has modification time of '2026-04-09T15:26:01.9706472Z'
Number of updated asset objects reloaded before import = 0Number of asset objects unloaded after import = 0

========================================================================
Received Import Request.
  Time since last request: 0.000021 seconds.
  path: Assets/arena/saveScript.cs
  artifactKey: Guid(24a3bbdc3f46f264c8b8a7fba3283e09) Importer(815301076,1909f56bfc062723c751e8b465ee728b)
Start importing Assets/arena/saveScript.cs using Guid(24a3bbdc3f46f264c8b8a7fba3283e09) Importer(815301076,1909f56bfc062723c751e8b465ee728b) (PreviewImporter) -> (artifact id: '00000000000000000000000000000000') in 0.0008009 seconds
Import Error Code:(4)
Message: Build asset version error: assets/arena/savescript.cs in SourceAssetDB has modification time of '2026-04-09T15:25:57.438422Z' while content on disk has modification time of '2026-04-09T15:26:01.9706472Z'
  ERROR: Build asset version error: assets/arena/savescript.cs in SourceAssetDB has modification time of '2026-04-09T15:25:57.438422Z' while content on disk has modification time of '2026-04-09T15:26:01.9706472Z'
Number of updated asset objects reloaded before import = 0Number of asset objects unloaded after import = 0

========================================================================
Received Import Request.
  Time since last request: 0.000021 seconds.
  path: Assets/arena/saveScript.cs
  artifactKey: Guid(24a3bbdc3f46f264c8b8a7fba3283e09) Importer(815301076,1909f56bfc062723c751e8b465ee728b)
Start importing Assets/arena/saveScript.cs using Guid(24a3bbdc3f46f264c8b8a7fba3283e09) Importer(815301076,1909f56bfc062723c751e8b465ee728b) (PreviewImporter) -> (artifact id: '00000000000000000000000000000000') in 0.0008744 seconds
Import Error Code:(4)
Message: Build asset version error: assets/arena/savescript.cs in SourceAssetDB has modification time of '2026-04-09T15:25:57.438422Z' while content on disk has modification time of '2026-04-09T15:26:01.9706472Z'
  ERROR: Build asset version error: assets/arena/savescript.cs in SourceAssetDB has modification time of '2026-04-09T15:25:57.438422Z' while content on disk has modification time of '2026-04-09T15:26:01.9706472Z'
Number of updated asset objects reloaded before import = 0Number of asset objects unloaded after import = 0

========================================================================
Received Import Request.
  Time since last request: 0.000027 seconds.
  path: Assets/arena/saveScript.cs
  artifactKey: Guid(24a3bbdc3f46f264c8b8a7fba3283e09) Importer(815301076,1909f56bfc062723c751e8b465ee728b)
Start importing Assets/arena/saveScript.cs using Guid(24a3bbdc3f46f264c8b8a7fba3283e09) Importer(815301076,1909f56bfc062723c751e8b465ee728b) (PreviewImporter) -> (artifact id: '00000000000000000000000000000000') in 0.0009961 seconds
Import Error Code:(4)
Message: Build asset version error: assets/arena/savescript.cs in SourceAssetDB has modification time of '2026-04-09T15:25:57.438422Z' while content on disk has modification time of '2026-04-09T15:26:01.9706472Z'
  ERROR: Build asset version error: assets/arena/savescript.cs in SourceAssetDB has modification time of '2026-04-09T15:25:57.438422Z' while content on disk has modification time of '2026-04-09T15:26:01.9706472Z'
Number of updated asset objects reloaded before import = 0Number of asset objects unloaded after import = 0

========================================================================
Received Import Request.
  Time since last request: 0.000025 seconds.
  path: Assets/arena/saveScript.cs
  artifactKey: Guid(24a3bbdc3f46f264c8b8a7fba3283e09) Importer(815301076,1909f56bfc062723c751e8b465ee728b)
Start importing Assets/arena/saveScript.cs using Guid(24a3bbdc3f46f264c8b8a7fba3283e09) Importer(815301076,1909f56bfc062723c751e8b465ee728b) (PreviewImporter) -> (artifact id: '00000000000000000000000000000000') in 0.0009099 seconds
Import Error Code:(4)
Message: Build asset version error: assets/arena/savescript.cs in SourceAssetDB has modification time of '2026-04-09T15:25:57.438422Z' while content on disk has modification time of '2026-04-09T15:26:01.9706472Z'
  ERROR: Build asset version error: assets/arena/savescript.cs in SourceAssetDB has modification time of '2026-04-09T15:25:57.438422Z' while content on disk has modification time of '2026-04-09T15:26:01.9706472Z'
Number of updated asset objects reloaded before import = 0Number of asset objects unloaded after import = 0

========================================================================
Received Import Request.
  Time since last request: 0.000037 seconds.
  path: Assets/arena/saveScript.cs
  artifactKey: Guid(24a3bbdc3f46f264c8b8a7fba3283e09) Importer(815301076,1909f56bfc062723c751e8b465ee728b)
Start importing Assets/arena/saveScript.cs using Guid(24a3bbdc3f46f264c8b8a7fba3283e09) Importer(815301076,1909f56bfc062723c751e8b465ee728b) (PreviewImporter) -> (artifact id: '00000000000000000000000000000000') in 0.0007773 seconds
Import Error Code:(4)
Message: Build asset version error: assets/arena/savescript.cs in SourceAssetDB has modification time of '2026-04-09T15:25:57.438422Z' while content on disk has modification time of '2026-04-09T15:26:01.9706472Z'
  ERROR: Build asset version error: assets/arena/savescript.cs in SourceAssetDB has modification time of '2026-04-09T15:25:57.438422Z' while content on disk has modification time of '2026-04-09T15:26:01.9706472Z'
Number of updated asset objects reloaded before import = 0Number of asset objects unloaded after import = 0

========================================================================
Received Import Request.
  Time since last request: 0.000023 seconds.
  path: Assets/arena/saveScript.cs
  artifactKey: Guid(24a3bbdc3f46f264c8b8a7fba3283e09) Importer(815301076,1909f56bfc062723c751e8b465ee728b)
Start importing Assets/arena/saveScript.cs using Guid(24a3bbdc3f46f264c8b8a7fba3283e09) Importer(815301076,1909f56bfc062723c751e8b465ee728b) (PreviewImporter) -> (artifact id: '00000000000000000000000000000000') in 0.0007804 seconds
Import Error Code:(4)
Message: Build asset version error: assets/arena/savescript.cs in SourceAssetDB has modification time of '2026-04-09T15:25:57.438422Z' while content on disk has modification time of '2026-04-09T15:26:01.9706472Z'
  ERROR: Build asset version error: assets/arena/savescript.cs in SourceAssetDB has modification time of '2026-04-09T15:25:57.438422Z' while content on disk has modification time of '2026-04-09T15:26:01.9706472Z'
Number of updated asset objects reloaded before import = 0Number of asset objects unloaded after import = 0

========================================================================
Received Import Request.
  Time since last request: 0.000023 seconds.
  path: Assets/arena/saveScript.cs
  artifactKey: Guid(24a3bbdc3f46f264c8b8a7fba3283e09) Importer(815301076,1909f56bfc062723c751e8b465ee728b)
Start importing Assets/arena/saveScript.cs using Guid(24a3bbdc3f46f264c8b8a7fba3283e09) Importer(815301076,1909f56bfc062723c751e8b465ee728b) (PreviewImporter) -> (artifact id: '00000000000000000000000000000000') in 0.0007474 seconds
Import Error Code:(4)
Message: Build asset version error: assets/arena/savescript.cs in SourceAssetDB has modification time of '2026-04-09T15:25:57.438422Z' while content on disk has modification time of '2026-04-09T15:26:01.9706472Z'
  ERROR: Build asset version error: assets/arena/savescript.cs in SourceAssetDB has modification time of '2026-04-09T15:25:57.438422Z' while content on disk has modification time of '2026-04-09T15:26:01.9706472Z'
Number of updated asset objects reloaded before import = 0Number of asset objects unloaded after import = 0

========================================================================
Received Import Request.
  Time since last request: 0.000023 seconds.
  path: Assets/arena/saveScript.cs
  artifactKey: Guid(24a3bbdc3f46f264c8b8a7fba3283e09) Importer(815301076,1909f56bfc062723c751e8b465ee728b)
Start importing Assets/arena/saveScript.cs using Guid(24a3bbdc3f46f264c8b8a7fba3283e09) Importer(815301076,1909f56bfc062723c751e8b465ee728b) (PreviewImporter) -> (artifact id: '00000000000000000000000000000000') in 0.0008374 seconds
Import Error Code:(4)
Message: Build asset version error: assets/arena/savescript.cs in SourceAssetDB has modification time of '2026-04-09T15:25:57.438422Z' while content on disk has modification time of '2026-04-09T15:26:01.9706472Z'
  ERROR: Build asset version error: assets/arena/savescript.cs in SourceAssetDB has modification time of '2026-04-09T15:25:57.438422Z' while content on disk has modification time of '2026-04-09T15:26:01.9706472Z'
Number of updated asset objects reloaded before import = 0Number of asset objects unloaded after import = 0

========================================================================
Received Import Request.
  Time since last request: 0.000022 seconds.
  path: Assets/arena/saveScript.cs
  artifactKey: Guid(24a3bbdc3f46f264c8b8a7fba3283e09) Importer(815301076,1909f56bfc062723c751e8b465ee728b)
Start importing Assets/arena/saveScript.cs using Guid(24a3bbdc3f46f264c8b8a7fba3283e09) Importer(815301076,1909f56bfc062723c751e8b465ee728b) (PreviewImporter) -> (artifact id: '00000000000000000000000000000000') in 0.0007629 seconds
Import Error Code:(4)
Message: Build asset version error: assets/arena/savescript.cs in SourceAssetDB has modification time of '2026-04-09T15:25:57.438422Z' while content on disk has modification time of '2026-04-09T15:26:01.9706472Z'
  ERROR: Build asset version error: assets/arena/savescript.cs in SourceAssetDB has modification time of '2026-04-09T15:25:57.438422Z' while content on disk has modification time of '2026-04-09T15:26:01.9706472Z'
Number of updated asset objects reloaded before import = 0Number of asset objects unloaded after import = 0

========================================================================
Received Import Request.
  Time since last request: 0.000024 seconds.
  path: Assets/arena/saveScript.cs
  artifactKey: Guid(24a3bbdc3f46f264c8b8a7fba3283e09) Importer(815301076,1909f56bfc062723c751e8b465ee728b)
Start importing Assets/arena/saveScript.cs using Guid(24a3bbdc3f46f264c8b8a7fba3283e09) Importer(815301076,1909f56bfc062723c751e8b465ee728b) (PreviewImporter) -> (artifact id: '00000000000000000000000000000000') in 0.000818 seconds
Import Error Code:(4)
Message: Build asset version error: assets/arena/savescript.cs in SourceAssetDB has modification time of '2026-04-09T15:25:57.438422Z' while content on disk has modification time of '2026-04-09T15:26:01.9706472Z'
  ERROR: Build asset version error: assets/arena/savescript.cs in SourceAssetDB has modification time of '2026-04-09T15:25:57.438422Z' while content on disk has modification time of '2026-04-09T15:26:01.9706472Z'
Number of updated asset objects reloaded before import = 0Number of asset objects unloaded after import = 0

========================================================================
Received Import Request.
  Time since last request: 0.000035 seconds.
  path: Assets/arena/saveScript.cs
  artifactKey: Guid(24a3bbdc3f46f264c8b8a7fba3283e09) Importer(815301076,1909f56bfc062723c751e8b465ee728b)
Start importing Assets/arena/saveScript.cs using Guid(24a3bbdc3f46f264c8b8a7fba3283e09) Importer(815301076,1909f56bfc062723c751e8b465ee728b) (PreviewImporter) -> (artifact id: '00000000000000000000000000000000') in 0.0007897 seconds
Import Error Code:(4)
Message: Build asset version error: assets/arena/savescript.cs in SourceAssetDB has modification time of '2026-04-09T15:25:57.438422Z' while content on disk has modification time of '2026-04-09T15:26:01.9706472Z'
  ERROR: Build asset version error: assets/arena/savescript.cs in SourceAssetDB has modification time of '2026-04-09T15:25:57.438422Z' while content on disk has modification time of '2026-04-09T15:26:01.9706472Z'
Number of updated asset objects reloaded before import = 0Number of asset objects unloaded after import = 0

========================================================================
Received Import Request.
  Time since last request: 0.000022 seconds.
  path: Assets/arena/saveScript.cs
  artifactKey: Guid(24a3bbdc3f46f264c8b8a7fba3283e09) Importer(815301076,1909f56bfc062723c751e8b465ee728b)
Start importing Assets/arena/saveScript.cs using Guid(24a3bbdc3f46f264c8b8a7fba3283e09) Importer(815301076,1909f56bfc062723c751e8b465ee728b) (PreviewImporter) -> (artifact id: '00000000000000000000000000000000') in 0.000766 seconds
Import Error Code:(4)
Message: Build asset version error: assets/arena/savescript.cs in SourceAssetDB has modification time of '2026-04-09T15:25:57.438422Z' while content on disk has modification time of '2026-04-09T15:26:01.9706472Z'
  ERROR: Build asset version error: assets/arena/savescript.cs in SourceAssetDB has modification time of '2026-04-09T15:25:57.438422Z' while content on disk has modification time of '2026-04-09T15:26:01.9706472Z'
Number of updated asset objects reloaded before import = 0Number of asset objects unloaded after import = 0

========================================================================
Received Import Request.
  Time since last request: 0.000022 seconds.
  path: Assets/arena/saveScript.cs
  artifactKey: Guid(24a3bbdc3f46f264c8b8a7fba3283e09) Importer(815301076,1909f56bfc062723c751e8b465ee728b)
Start importing Assets/arena/saveScript.cs using Guid(24a3bbdc3f46f264c8b8a7fba3283e09) Importer(815301076,1909f56bfc062723c751e8b465ee728b) (PreviewImporter) -> (artifact id: '00000000000000000000000000000000') in 0.0007684 seconds
Import Error Code:(4)
Message: Build asset version error: assets/arena/savescript.cs in SourceAssetDB has modification time of '2026-04-09T15:25:57.438422Z' while content on disk has modification time of '2026-04-09T15:26:01.9706472Z'
  ERROR: Build asset version error: assets/arena/savescript.cs in SourceAssetDB has modification time of '2026-04-09T15:25:57.438422Z' while content on disk has modification time of '2026-04-09T15:26:01.9706472Z'
Number of updated asset objects reloaded before import = 0Number of asset objects unloaded after import = 0

========================================================================
Received Import Request.
  Time since last request: 0.000023 seconds.
  path: Assets/arena/saveScript.cs
  artifactKey: Guid(24a3bbdc3f46f264c8b8a7fba3283e09) Importer(815301076,1909f56bfc062723c751e8b465ee728b)
Start importing Assets/arena/saveScript.cs using Guid(24a3bbdc3f46f264c8b8a7fba3283e09) Importer(815301076,1909f56bfc062723c751e8b465ee728b) (PreviewImporter) -> (artifact id: '00000000000000000000000000000000') in 0.0008027 seconds
Import Error Code:(4)
Message: Build asset version error: assets/arena/savescript.cs in SourceAssetDB has modification time of '2026-04-09T15:25:57.438422Z' while content on disk has modification time of '2026-04-09T15:26:01.9706472Z'
  ERROR: Build asset version error: assets/arena/savescript.cs in SourceAssetDB has modification time of '2026-04-09T15:25:57.438422Z' while content on disk has modification time of '2026-04-09T15:26:01.9706472Z'
Number of updated asset objects reloaded before import = 0Number of asset objects unloaded after import = 0

========================================================================
Received Import Request.
  Time since last request: 0.000024 seconds.
  path: Assets/arena/saveScript.cs
  artifactKey: Guid(24a3bbdc3f46f264c8b8a7fba3283e09) Importer(815301076,1909f56bfc062723c751e8b465ee728b)
Start importing Assets/arena/saveScript.cs using Guid(24a3bbdc3f46f264c8b8a7fba3283e09) Importer(815301076,1909f56bfc062723c751e8b465ee728b) (PreviewImporter) -> (artifact id: '00000000000000000000000000000000') in 0.000765 seconds
Import Error Code:(4)
Message: Build asset version error: assets/arena/savescript.cs in SourceAssetDB has modification time of '2026-04-09T15:25:57.438422Z' while content on disk has modification time of '2026-04-09T15:26:01.9706472Z'
  ERROR: Build asset version error: assets/arena/savescript.cs in SourceAssetDB has modification time of '2026-04-09T15:25:57.438422Z' while content on disk has modification time of '2026-04-09T15:26:01.9706472Z'
Number of updated asset objects reloaded before import = 0Number of asset objects unloaded after import = 0

========================================================================
Received Import Request.
  Time since last request: 0.000031 seconds.
  path: Assets/arena/saveScript.cs
  artifactKey: Guid(24a3bbdc3f46f264c8b8a7fba3283e09) Importer(815301076,1909f56bfc062723c751e8b465ee728b)
Start importing Assets/arena/saveScript.cs using Guid(24a3bbdc3f46f264c8b8a7fba3283e09) Importer(815301076,1909f56bfc062723c751e8b465ee728b) (PreviewImporter) -> (artifact id: '00000000000000000000000000000000') in 0.000764 seconds
Import Error Code:(4)
Message: Build asset version error: assets/arena/savescript.cs in SourceAssetDB has modification time of '2026-04-09T15:25:57.438422Z' while content on disk has modification time of '2026-04-09T15:26:01.9706472Z'
  ERROR: Build asset version error: assets/arena/savescript.cs in SourceAssetDB has modification time of '2026-04-09T15:25:57.438422Z' while content on disk has modification time of '2026-04-09T15:26:01.9706472Z'
Number of updated asset objects reloaded before import = 0Number of asset objects unloaded after import = 0

========================================================================
Received Import Request.
  Time since last request: 0.000034 seconds.
  path: Assets/arena/saveScript.cs
  artifactKey: Guid(24a3bbdc3f46f264c8b8a7fba3283e09) Importer(815301076,1909f56bfc062723c751e8b465ee728b)
Start importing Assets/arena/saveScript.cs using Guid(24a3bbdc3f46f264c8b8a7fba3283e09) Importer(815301076,1909f56bfc062723c751e8b465ee728b) (PreviewImporter) -> (artifact id: '00000000000000000000000000000000') in 0.0009269 seconds
Import Error Code:(4)
Message: Build asset version error: assets/arena/savescript.cs in SourceAssetDB has modification time of '2026-04-09T15:25:57.438422Z' while content on disk has modification time of '2026-04-09T15:26:01.9706472Z'
  ERROR: Build asset version error: assets/arena/savescript.cs in SourceAssetDB has modification time of '2026-04-09T15:25:57.438422Z' while content on disk has modification time of '2026-04-09T15:26:01.9706472Z'
Number of updated asset objects reloaded before import = 0Number of asset objects unloaded after import = 0

========================================================================
Received Import Request.
  Time since last request: 0.000023 seconds.
  path: Assets/arena/saveScript.cs
  artifactKey: Guid(24a3bbdc3f46f264c8b8a7fba3283e09) Importer(815301076,1909f56bfc062723c751e8b465ee728b)
Start importing Assets/arena/saveScript.cs using Guid(24a3bbdc3f46f264c8b8a7fba3283e09) Importer(815301076,1909f56bfc062723c751e8b465ee728b) (PreviewImporter) -> (artifact id: '00000000000000000000000000000000') in 0.0007576 seconds
Import Error Code:(4)
Message: Build asset version error: assets/arena/savescript.cs in SourceAssetDB has modification time of '2026-04-09T15:25:57.438422Z' while content on disk has modification time of '2026-04-09T15:26:01.9706472Z'
  ERROR: Build asset version error: assets/arena/savescript.cs in SourceAssetDB has modification time of '2026-04-09T15:25:57.438422Z' while content on disk has modification time of '2026-04-09T15:26:01.9706472Z'
Number of updated asset objects reloaded before import = 0Number of asset objects unloaded after import = 0

========================================================================
Received Import Request.
  Time since last request: 0.000023 seconds.
  path: Assets/arena/saveScript.cs
  artifactKey: Guid(24a3bbdc3f46f264c8b8a7fba3283e09) Importer(815301076,1909f56bfc062723c751e8b465ee728b)
Start importing Assets/arena/saveScript.cs using Guid(24a3bbdc3f46f264c8b8a7fba3283e09) Importer(815301076,1909f56bfc062723c751e8b465ee728b) (PreviewImporter) -> (artifact id: '00000000000000000000000000000000') in 0.000835 seconds
Import Error Code:(4)
Message: Build asset version error: assets/arena/savescript.cs in SourceAssetDB has modification time of '2026-04-09T15:25:57.438422Z' while content on disk has modification time of '2026-04-09T15:26:01.9706472Z'
  ERROR: Build asset version error: assets/arena/savescript.cs in SourceAssetDB has modification time of '2026-04-09T15:25:57.438422Z' while content on disk has modification time of '2026-04-09T15:26:01.9706472Z'
Number of updated asset objects reloaded before import = 0Number of asset objects unloaded after import = 0

========================================================================
Received Import Request.
  Time since last request: 0.000022 seconds.
  path: Assets/arena/saveScript.cs
  artifactKey: Guid(24a3bbdc3f46f264c8b8a7fba3283e09) Importer(815301076,1909f56bfc062723c751e8b465ee728b)
Start importing Assets/arena/saveScript.cs using Guid(24a3bbdc3f46f264c8b8a7fba3283e09) Importer(815301076,1909f56bfc062723c751e8b465ee728b) (PreviewImporter) -> (artifact id: '00000000000000000000000000000000') in 0.0007513 seconds
Import Error Code:(4)
Message: Build asset version error: assets/arena/savescript.cs in SourceAssetDB has modification time of '2026-04-09T15:25:57.438422Z' while content on disk has modification time of '2026-04-09T15:26:01.9706472Z'
  ERROR: Build asset version error: assets/arena/savescript.cs in SourceAssetDB has modification time of '2026-04-09T15:25:57.438422Z' while content on disk has modification time of '2026-04-09T15:26:01.9706472Z'
Number of updated asset objects reloaded before import = 0Number of asset objects unloaded after import = 0

========================================================================
Received Import Request.
  Time since last request: 0.000022 seconds.
  path: Assets/arena/saveScript.cs
  artifactKey: Guid(24a3bbdc3f46f264c8b8a7fba3283e09) Importer(815301076,1909f56bfc062723c751e8b465ee728b)
Start importing Assets/arena/saveScript.cs using Guid(24a3bbdc3f46f264c8b8a7fba3283e09) Importer(815301076,1909f56bfc062723c751e8b465ee728b) (PreviewImporter) -> (artifact id: '00000000000000000000000000000000') in 0.0009133 seconds
Import Error Code:(4)
Message: Build asset version error: assets/arena/savescript.cs in SourceAssetDB has modification time of '2026-04-09T15:25:57.438422Z' while content on disk has modification time of '2026-04-09T15:26:01.9706472Z'
  ERROR: Build asset version error: assets/arena/savescript.cs in SourceAssetDB has modification time of '2026-04-09T15:25:57.438422Z' while content on disk has modification time of '2026-04-09T15:26:01.9706472Z'
Number of updated asset objects reloaded before import = 0Number of asset objects unloaded after import = 0

========================================================================
Received Import Request.
  Time since last request: 0.000026 seconds.
  path: Assets/arena/saveScript.cs
  artifactKey: Guid(24a3bbdc3f46f264c8b8a7fba3283e09) Importer(815301076,1909f56bfc062723c751e8b465ee728b)
Start importing Assets/arena/saveScript.cs using Guid(24a3bbdc3f46f264c8b8a7fba3283e09) Importer(815301076,1909f56bfc062723c751e8b465ee728b) (PreviewImporter) -> (artifact id: '00000000000000000000000000000000') in 0.0009965 seconds
Import Error Code:(4)
Message: Build asset version error: assets/arena/savescript.cs in SourceAssetDB has modification time of '2026-04-09T15:25:57.438422Z' while content on disk has modification time of '2026-04-09T15:26:01.9706472Z'
  ERROR: Build asset version error: assets/arena/savescript.cs in SourceAssetDB has modification time of '2026-04-09T15:25:57.438422Z' while content on disk has modification time of '2026-04-09T15:26:01.9706472Z'
Number of updated asset objects reloaded before import = 0Number of asset objects unloaded after import = 0

========================================================================
Received Import Request.
  Time since last request: 0.000037 seconds.
  path: Assets/arena/saveScript.cs
  artifactKey: Guid(24a3bbdc3f46f264c8b8a7fba3283e09) Importer(815301076,1909f56bfc062723c751e8b465ee728b)
Start importing Assets/arena/saveScript.cs using Guid(24a3bbdc3f46f264c8b8a7fba3283e09) Importer(815301076,1909f56bfc062723c751e8b465ee728b) (PreviewImporter) -> (artifact id: '00000000000000000000000000000000') in 0.0008116 seconds
Import Error Code:(4)
Message: Build asset version error: assets/arena/savescript.cs in SourceAssetDB has modification time of '2026-04-09T15:25:57.438422Z' while content on disk has modification time of '2026-04-09T15:26:01.9706472Z'
  ERROR: Build asset version error: assets/arena/savescript.cs in SourceAssetDB has modification time of '2026-04-09T15:25:57.438422Z' while content on disk has modification time of '2026-04-09T15:26:01.9706472Z'
Number of updated asset objects reloaded before import = 0Number of asset objects unloaded after import = 0

========================================================================
Received Import Request.
  Time since last request: 0.000023 seconds.
  path: Assets/arena/saveScript.cs
  artifactKey: Guid(24a3bbdc3f46f264c8b8a7fba3283e09) Importer(815301076,1909f56bfc062723c751e8b465ee728b)
Start importing Assets/arena/saveScript.cs using Guid(24a3bbdc3f46f264c8b8a7fba3283e09) Importer(815301076,1909f56bfc062723c751e8b465ee728b) (PreviewImporter) -> (artifact id: '00000000000000000000000000000000') in 0.0008301 seconds
Import Error Code:(4)
Message: Build asset version error: assets/arena/savescript.cs in SourceAssetDB has modification time of '2026-04-09T15:25:57.438422Z' while content on disk has modification time of '2026-04-09T15:26:01.9706472Z'
  ERROR: Build asset version error: assets/arena/savescript.cs in SourceAssetDB has modification time of '2026-04-09T15:25:57.438422Z' while content on disk has modification time of '2026-04-09T15:26:01.9706472Z'
Number of updated asset objects reloaded before import = 0Number of asset objects unloaded after import = 0

========================================================================
Received Import Request.
  Time since last request: 0.000021 seconds.
  path: Assets/arena/saveScript.cs
  artifactKey: Guid(24a3bbdc3f46f264c8b8a7fba3283e09) Importer(815301076,1909f56bfc062723c751e8b465ee728b)
Start importing Assets/arena/saveScript.cs using Guid(24a3bbdc3f46f264c8b8a7fba3283e09) Importer(815301076,1909f56bfc062723c751e8b465ee728b) (PreviewImporter) -> (artifact id: '00000000000000000000000000000000') in 0.0008139 seconds
Import Error Code:(4)
Message: Build asset version error: assets/arena/savescript.cs in SourceAssetDB has modification time of '2026-04-09T15:25:57.438422Z' while content on disk has modification time of '2026-04-09T15:26:01.9706472Z'
  ERROR: Build asset version error: assets/arena/savescript.cs in SourceAssetDB has modification time of '2026-04-09T15:25:57.438422Z' while content on disk has modification time of '2026-04-09T15:26:01.9706472Z'
Number of updated asset objects reloaded before import = 0Number of asset objects unloaded after import = 0

========================================================================
Received Import Request.
  Time since last request: 0.000022 seconds.
  path: Assets/arena/saveScript.cs
  artifactKey: Guid(24a3bbdc3f46f264c8b8a7fba3283e09) Importer(815301076,1909f56bfc062723c751e8b465ee728b)
Start importing Assets/arena/saveScript.cs using Guid(24a3bbdc3f46f264c8b8a7fba3283e09) Importer(815301076,1909f56bfc062723c751e8b465ee728b) (PreviewImporter) -> (artifact id: '00000000000000000000000000000000') in 0.000823 seconds
Import Error Code:(4)
Message: Build asset version error: assets/arena/savescript.cs in SourceAssetDB has modification time of '2026-04-09T15:25:57.438422Z' while content on disk has modification time of '2026-04-09T15:26:01.9706472Z'
  ERROR: Build asset version error: assets/arena/savescript.cs in SourceAssetDB has modification time of '2026-04-09T15:25:57.438422Z' while content on disk has modification time of '2026-04-09T15:26:01.9706472Z'
Number of updated asset objects reloaded before import = 0Number of asset objects unloaded after import = 0

========================================================================
Received Import Request.
  Time since last request: 0.000021 seconds.
  path: Assets/arena/saveScript.cs
  artifactKey: Guid(24a3bbdc3f46f264c8b8a7fba3283e09) Importer(815301076,1909f56bfc062723c751e8b465ee728b)
Start importing Assets/arena/saveScript.cs using Guid(24a3bbdc3f46f264c8b8a7fba3283e09) Importer(815301076,1909f56bfc062723c751e8b465ee728b) (PreviewImporter) -> (artifact id: '00000000000000000000000000000000') in 0.0008039 seconds
Import Error Code:(4)
Message: Build asset version error: assets/arena/savescript.cs in SourceAssetDB has modification time of '2026-04-09T15:25:57.438422Z' while content on disk has modification time of '2026-04-09T15:26:01.9706472Z'
  ERROR: Build asset version error: assets/arena/savescript.cs in SourceAssetDB has modification time of '2026-04-09T15:25:57.438422Z' while content on disk has modification time of '2026-04-09T15:26:01.9706472Z'
Number of updated asset objects reloaded before import = 0Number of asset objects unloaded after import = 0

========================================================================
Received Import Request.
  Time since last request: 0.000027 seconds.
  path: Assets/arena/saveScript.cs
  artifactKey: Guid(24a3bbdc3f46f264c8b8a7fba3283e09) Importer(815301076,1909f56bfc062723c751e8b465ee728b)
Start importing Assets/arena/saveScript.cs using Guid(24a3bbdc3f46f264c8b8a7fba3283e09) Importer(815301076,1909f56bfc062723c751e8b465ee728b) (PreviewImporter) -> (artifact id: '00000000000000000000000000000000') in 0.000822 seconds
Import Error Code:(4)
Message: Build asset version error: assets/arena/savescript.cs in SourceAssetDB has modification time of '2026-04-09T15:25:57.438422Z' while content on disk has modification time of '2026-04-09T15:26:01.9706472Z'
  ERROR: Build asset version error: assets/arena/savescript.cs in SourceAssetDB has modification time of '2026-04-09T15:25:57.438422Z' while content on disk has modification time of '2026-04-09T15:26:01.9706472Z'
Number of updated asset objects reloaded before import = 0Number of asset objects unloaded after import = 0

========================================================================
Received Import Request.
  Time since last request: 0.000034 seconds.
  path: Assets/arena/saveScript.cs
  artifactKey: Guid(24a3bbdc3f46f264c8b8a7fba3283e09) Importer(815301076,1909f56bfc062723c751e8b465ee728b)
Start importing Assets/arena/saveScript.cs using Guid(24a3bbdc3f46f264c8b8a7fba3283e09) Importer(815301076,1909f56bfc062723c751e8b465ee728b) (PreviewImporter) -> (artifact id: '00000000000000000000000000000000') in 0.0007844 seconds
Import Error Code:(4)
Message: Build asset version error: assets/arena/savescript.cs in SourceAssetDB has modification time of '2026-04-09T15:25:57.438422Z' while content on disk has modification time of '2026-04-09T15:26:01.9706472Z'
  ERROR: Build asset version error: assets/arena/savescript.cs in SourceAssetDB has modification time of '2026-04-09T15:25:57.438422Z' while content on disk has modification time of '2026-04-09T15:26:01.9706472Z'
Number of updated asset objects reloaded before import = 0Number of asset objects unloaded after import = 0

========================================================================
Received Import Request.
  Time since last request: 0.000022 seconds.
  path: Assets/arena/saveScript.cs
  artifactKey: Guid(24a3bbdc3f46f264c8b8a7fba3283e09) Importer(815301076,1909f56bfc062723c751e8b465ee728b)
Start importing Assets/arena/saveScript.cs using Guid(24a3bbdc3f46f264c8b8a7fba3283e09) Importer(815301076,1909f56bfc062723c751e8b465ee728b) (PreviewImporter) -> (artifact id: '00000000000000000000000000000000') in 0.0007898 seconds
Import Error Code:(4)
Message: Build asset version error: assets/arena/savescript.cs in SourceAssetDB has modification time of '2026-04-09T15:25:57.438422Z' while content on disk has modification time of '2026-04-09T15:26:01.9706472Z'
  ERROR: Build asset version error: assets/arena/savescript.cs in SourceAssetDB has modification time of '2026-04-09T15:25:57.438422Z' while content on disk has modification time of '2026-04-09T15:26:01.9706472Z'
Number of updated asset objects reloaded before import = 0Number of asset objects unloaded after import = 0

========================================================================
Received Import Request.
  Time since last request: 0.000023 seconds.
  path: Assets/arena/saveScript.cs
  artifactKey: Guid(24a3bbdc3f46f264c8b8a7fba3283e09) Importer(815301076,1909f56bfc062723c751e8b465ee728b)
Start importing Assets/arena/saveScript.cs using Guid(24a3bbdc3f46f264c8b8a7fba3283e09) Importer(815301076,1909f56bfc062723c751e8b465ee728b) (PreviewImporter) -> (artifact id: '00000000000000000000000000000000') in 0.0009544 seconds
Import Error Code:(4)
Message: Build asset version error: assets/arena/savescript.cs in SourceAssetDB has modification time of '2026-04-09T15:25:57.438422Z' while content on disk has modification time of '2026-04-09T15:26:01.9706472Z'
  ERROR: Build asset version error: assets/arena/savescript.cs in SourceAssetDB has modification time of '2026-04-09T15:25:57.438422Z' while content on disk has modification time of '2026-04-09T15:26:01.9706472Z'
Number of updated asset objects reloaded before import = 0Number of asset objects unloaded after import = 0

========================================================================
Received Import Request.
  Time since last request: 0.000021 seconds.
  path: Assets/arena/saveScript.cs
  artifactKey: Guid(24a3bbdc3f46f264c8b8a7fba3283e09) Importer(815301076,1909f56bfc062723c751e8b465ee728b)
Start importing Assets/arena/saveScript.cs using Guid(24a3bbdc3f46f264c8b8a7fba3283e09) Importer(815301076,1909f56bfc062723c751e8b465ee728b) (PreviewImporter) -> (artifact id: '00000000000000000000000000000000') in 0.0007743 seconds
Import Error Code:(4)
Message: Build asset version error: assets/arena/savescript.cs in SourceAssetDB has modification time of '2026-04-09T15:25:57.438422Z' while content on disk has modification time of '2026-04-09T15:26:01.9706472Z'
  ERROR: Build asset version error: assets/arena/savescript.cs in SourceAssetDB has modification time of '2026-04-09T15:25:57.438422Z' while content on disk has modification time of '2026-04-09T15:26:01.9706472Z'
Number of updated asset objects reloaded before import = 0Number of asset objects unloaded after import = 0

========================================================================
Received Import Request.
  Time since last request: 0.000025 seconds.
  path: Assets/arena/saveScript.cs
  artifactKey: Guid(24a3bbdc3f46f264c8b8a7fba3283e09) Importer(815301076,1909f56bfc062723c751e8b465ee728b)
Start importing Assets/arena/saveScript.cs using Guid(24a3bbdc3f46f264c8b8a7fba3283e09) Importer(815301076,1909f56bfc062723c751e8b465ee728b) (PreviewImporter) -> (artifact id: '00000000000000000000000000000000') in 0.0007446 seconds
Import Error Code:(4)
Message: Build asset version error: assets/arena/savescript.cs in SourceAssetDB has modification time of '2026-04-09T15:25:57.438422Z' while content on disk has modification time of '2026-04-09T15:26:01.9706472Z'
  ERROR: Build asset version error: assets/arena/savescript.cs in SourceAssetDB has modification time of '2026-04-09T15:25:57.438422Z' while content on disk has modification time of '2026-04-09T15:26:01.9706472Z'
Number of updated asset objects reloaded before import = 0Number of asset objects unloaded after import = 0

========================================================================
Received Import Request.
  Time since last request: 0.000036 seconds.
  path: Assets/arena/saveScript.cs
  artifactKey: Guid(24a3bbdc3f46f264c8b8a7fba3283e09) Importer(815301076,1909f56bfc062723c751e8b465ee728b)
Start importing Assets/arena/saveScript.cs using Guid(24a3bbdc3f46f264c8b8a7fba3283e09) Importer(815301076,1909f56bfc062723c751e8b465ee728b) (PreviewImporter) -> (artifact id: '00000000000000000000000000000000') in 0.0008077 seconds
Import Error Code:(4)
Message: Build asset version error: assets/arena/savescript.cs in SourceAssetDB has modification time of '2026-04-09T15:25:57.438422Z' while content on disk has modification time of '2026-04-09T15:26:01.9706472Z'
  ERROR: Build asset version error: assets/arena/savescript.cs in SourceAssetDB has modification time of '2026-04-09T15:25:57.438422Z' while content on disk has modification time of '2026-04-09T15:26:01.9706472Z'
Number of updated asset objects reloaded before import = 0Number of asset objects unloaded after import = 0

========================================================================
Received Import Request.
  Time since last request: 0.000022 seconds.
  path: Assets/arena/saveScript.cs
  artifactKey: Guid(24a3bbdc3f46f264c8b8a7fba3283e09) Importer(815301076,1909f56bfc062723c751e8b465ee728b)
Start importing Assets/arena/saveScript.cs using Guid(24a3bbdc3f46f264c8b8a7fba3283e09) Importer(815301076,1909f56bfc062723c751e8b465ee728b) (PreviewImporter) -> (artifact id: '00000000000000000000000000000000') in 0.0008019 seconds
Import Error Code:(4)
Message: Build asset version error: assets/arena/savescript.cs in SourceAssetDB has modification time of '2026-04-09T15:25:57.438422Z' while content on disk has modification time of '2026-04-09T15:26:01.9706472Z'
  ERROR: Build asset version error: assets/arena/savescript.cs in SourceAssetDB has modification time of '2026-04-09T15:25:57.438422Z' while content on disk has modification time of '2026-04-09T15:26:01.9706472Z'
Number of updated asset objects reloaded before import = 0Number of asset objects unloaded after import = 0

========================================================================
Received Import Request.
  Time since last request: 0.000022 seconds.
  path: Assets/arena/saveScript.cs
  artifactKey: Guid(24a3bbdc3f46f264c8b8a7fba3283e09) Importer(815301076,1909f56bfc062723c751e8b465ee728b)
Start importing Assets/arena/saveScript.cs using Guid(24a3bbdc3f46f264c8b8a7fba3283e09) Importer(815301076,1909f56bfc062723c751e8b465ee728b) (PreviewImporter) -> (artifact id: '00000000000000000000000000000000') in 0.000763 seconds
Import Error Code:(4)
Message: Build asset version error: assets/arena/savescript.cs in SourceAssetDB has modification time of '2026-04-09T15:25:57.438422Z' while content on disk has modification time of '2026-04-09T15:26:01.9706472Z'
  ERROR: Build asset version error: assets/arena/savescript.cs in SourceAssetDB has modification time of '2026-04-09T15:25:57.438422Z' while content on disk has modification time of '2026-04-09T15:26:01.9706472Z'
Number of updated asset objects reloaded before import = 0Number of asset objects unloaded after import = 0

========================================================================
Received Import Request.
  Time since last request: 0.000023 seconds.
  path: Assets/arena/saveScript.cs
  artifactKey: Guid(24a3bbdc3f46f264c8b8a7fba3283e09) Importer(815301076,1909f56bfc062723c751e8b465ee728b)
Start importing Assets/arena/saveScript.cs using Guid(24a3bbdc3f46f264c8b8a7fba3283e09) Importer(815301076,1909f56bfc062723c751e8b465ee728b) (PreviewImporter) -> (artifact id: '00000000000000000000000000000000') in 0.0007849 seconds
Import Error Code:(4)
Message: Build asset version error: assets/arena/savescript.cs in SourceAssetDB has modification time of '2026-04-09T15:25:57.438422Z' while content on disk has modification time of '2026-04-09T15:26:01.9706472Z'
  ERROR: Build asset version error: assets/arena/savescript.cs in SourceAssetDB has modification time of '2026-04-09T15:25:57.438422Z' while content on disk has modification time of '2026-04-09T15:26:01.9706472Z'
Number of updated asset objects reloaded before import = 0Number of asset objects unloaded after import = 0

========================================================================
Received Import Request.
  Time since last request: 0.000021 seconds.
  path: Assets/arena/saveScript.cs
  artifactKey: Guid(24a3bbdc3f46f264c8b8a7fba3283e09) Importer(815301076,1909f56bfc062723c751e8b465ee728b)
Start importing Assets/arena/saveScript.cs using Guid(24a3bbdc3f46f264c8b8a7fba3283e09) Importer(815301076,1909f56bfc062723c751e8b465ee728b) (PreviewImporter) -> (artifact id: '00000000000000000000000000000000') in 0.0007636 seconds
Import Error Code:(4)
Message: Build asset version error: assets/arena/savescript.cs in SourceAssetDB has modification time of '2026-04-09T15:25:57.438422Z' while content on disk has modification time of '2026-04-09T15:26:01.9706472Z'
  ERROR: Build asset version error: assets/arena/savescript.cs in SourceAssetDB has modification time of '2026-04-09T15:25:57.438422Z' while content on disk has modification time of '2026-04-09T15:26:01.9706472Z'
Number of updated asset objects reloaded before import = 0Number of asset objects unloaded after import = 0

========================================================================
Received Import Request.
  Time since last request: 0.000035 seconds.
  path: Assets/arena/saveScript.cs
  artifactKey: Guid(24a3bbdc3f46f264c8b8a7fba3283e09) Importer(815301076,1909f56bfc062723c751e8b465ee728b)
Start importing Assets/arena/saveScript.cs using Guid(24a3bbdc3f46f264c8b8a7fba3283e09) Importer(815301076,1909f56bfc062723c751e8b465ee728b) (PreviewImporter) -> (artifact id: '00000000000000000000000000000000') in 0.0016658 seconds
Import Error Code:(4)
Message: Build asset version error: assets/arena/savescript.cs in SourceAssetDB has modification time of '2026-04-09T15:25:57.438422Z' while content on disk has modification time of '2026-04-09T15:26:01.9706472Z'
  ERROR: Build asset version error: assets/arena/savescript.cs in SourceAssetDB has modification time of '2026-04-09T15:25:57.438422Z' while content on disk has modification time of '2026-04-09T15:26:01.9706472Z'
Number of updated asset objects reloaded before import = 0Number of asset objects unloaded after import = 0

========================================================================
Received Import Request.
  Time since last request: 0.000033 seconds.
  path: Assets/arena/saveScript.cs
  artifactKey: Guid(24a3bbdc3f46f264c8b8a7fba3283e09) Importer(815301076,1909f56bfc062723c751e8b465ee728b)
Start importing Assets/arena/saveScript.cs using Guid(24a3bbdc3f46f264c8b8a7fba3283e09) Importer(815301076,1909f56bfc062723c751e8b465ee728b) (PreviewImporter) -> (artifact id: '00000000000000000000000000000000') in 0.0008173 seconds
Import Error Code:(4)
Message: Build asset version error: assets/arena/savescript.cs in SourceAssetDB has modification time of '2026-04-09T15:25:57.438422Z' while content on disk has modification time of '2026-04-09T15:26:01.9706472Z'
  ERROR: Build asset version error: assets/arena/savescript.cs in SourceAssetDB has modification time of '2026-04-09T15:25:57.438422Z' while content on disk has modification time of '2026-04-09T15:26:01.9706472Z'
Number of updated asset objects reloaded before import = 0Number of asset objects unloaded after import = 0

========================================================================
Received Import Request.
  Time since last request: 0.000024 seconds.
  path: Assets/arena/saveScript.cs
  artifactKey: Guid(24a3bbdc3f46f264c8b8a7fba3283e09) Importer(815301076,1909f56bfc062723c751e8b465ee728b)
Start importing Assets/arena/saveScript.cs using Guid(24a3bbdc3f46f264c8b8a7fba3283e09) Importer(815301076,1909f56bfc062723c751e8b465ee728b) (PreviewImporter) -> (artifact id: '00000000000000000000000000000000') in 0.0008713 seconds
Import Error Code:(4)
Message: Build asset version error: assets/arena/savescript.cs in SourceAssetDB has modification time of '2026-04-09T15:25:57.438422Z' while content on disk has modification time of '2026-04-09T15:26:01.9706472Z'
  ERROR: Build asset version error: assets/arena/savescript.cs in SourceAssetDB has modification time of '2026-04-09T15:25:57.438422Z' while content on disk has modification time of '2026-04-09T15:26:01.9706472Z'
Number of updated asset objects reloaded before import = 0Number of asset objects unloaded after import = 0

========================================================================
Received Import Request.
  Time since last request: 0.000021 seconds.
  path: Assets/arena/saveScript.cs
  artifactKey: Guid(24a3bbdc3f46f264c8b8a7fba3283e09) Importer(815301076,1909f56bfc062723c751e8b465ee728b)
Start importing Assets/arena/saveScript.cs using Guid(24a3bbdc3f46f264c8b8a7fba3283e09) Importer(815301076,1909f56bfc062723c751e8b465ee728b) (PreviewImporter) -> (artifact id: '00000000000000000000000000000000') in 0.0007813 seconds
Import Error Code:(4)
Message: Build asset version error: assets/arena/savescript.cs in SourceAssetDB has modification time of '2026-04-09T15:25:57.438422Z' while content on disk has modification time of '2026-04-09T15:26:01.9706472Z'
  ERROR: Build asset version error: assets/arena/savescript.cs in SourceAssetDB has modification time of '2026-04-09T15:25:57.438422Z' while content on disk has modification time of '2026-04-09T15:26:01.9706472Z'
Number of updated asset objects reloaded before import = 0Number of asset objects unloaded after import = 0

========================================================================
Received Import Request.
  Time since last request: 0.000022 seconds.
  path: Assets/arena/saveScript.cs
  artifactKey: Guid(24a3bbdc3f46f264c8b8a7fba3283e09) Importer(815301076,1909f56bfc062723c751e8b465ee728b)
Start importing Assets/arena/saveScript.cs using Guid(24a3bbdc3f46f264c8b8a7fba3283e09) Importer(815301076,1909f56bfc062723c751e8b465ee728b) (PreviewImporter) -> (artifact id: '00000000000000000000000000000000') in 0.0008552 seconds
Import Error Code:(4)
Message: Build asset version error: assets/arena/savescript.cs in SourceAssetDB has modification time of '2026-04-09T15:25:57.438422Z' while content on disk has modification time of '2026-04-09T15:26:01.9706472Z'
  ERROR: Build asset version error: assets/arena/savescript.cs in SourceAssetDB has modification time of '2026-04-09T15:25:57.438422Z' while content on disk has modification time of '2026-04-09T15:26:01.9706472Z'
Number of updated asset objects reloaded before import = 0Number of asset objects unloaded after import = 0

========================================================================
Received Import Request.
  Time since last request: 0.000021 seconds.
  path: Assets/arena/saveScript.cs
  artifactKey: Guid(24a3bbdc3f46f264c8b8a7fba3283e09) Importer(815301076,1909f56bfc062723c751e8b465ee728b)
Start importing Assets/arena/saveScript.cs using Guid(24a3bbdc3f46f264c8b8a7fba3283e09) Importer(815301076,1909f56bfc062723c751e8b465ee728b) (PreviewImporter) -> (artifact id: '00000000000000000000000000000000') in 0.0007849 seconds
Import Error Code:(4)
Message: Build asset version error: assets/arena/savescript.cs in SourceAssetDB has modification time of '2026-04-09T15:25:57.438422Z' while content on disk has modification time of '2026-04-09T15:26:01.9706472Z'
  ERROR: Build asset version error: assets/arena/savescript.cs in SourceAssetDB has modification time of '2026-04-09T15:25:57.438422Z' while content on disk has modification time of '2026-04-09T15:26:01.9706472Z'
Number of updated asset objects reloaded before import = 0Number of asset objects unloaded after import = 0

========================================================================
Received Import Request.
  Time since last request: 0.000026 seconds.
  path: Assets/arena/saveScript.cs
  artifactKey: Guid(24a3bbdc3f46f264c8b8a7fba3283e09) Importer(815301076,1909f56bfc062723c751e8b465ee728b)
Start importing Assets/arena/saveScript.cs using Guid(24a3bbdc3f46f264c8b8a7fba3283e09) Importer(815301076,1909f56bfc062723c751e8b465ee728b) (PreviewImporter) -> (artifact id: '00000000000000000000000000000000') in 0.0007643 seconds
Import Error Code:(4)
Message: Build asset version error: assets/arena/savescript.cs in SourceAssetDB has modification time of '2026-04-09T15:25:57.438422Z' while content on disk has modification time of '2026-04-09T15:26:01.9706472Z'
  ERROR: Build asset version error: assets/arena/savescript.cs in SourceAssetDB has modification time of '2026-04-09T15:25:57.438422Z' while content on disk has modification time of '2026-04-09T15:26:01.9706472Z'
Number of updated asset objects reloaded before import = 0Number of asset objects unloaded after import = 0

========================================================================
Received Import Request.
  Time since last request: 0.000032 seconds.
  path: Assets/arena/saveScript.cs
  artifactKey: Guid(24a3bbdc3f46f264c8b8a7fba3283e09) Importer(815301076,1909f56bfc062723c751e8b465ee728b)
Start importing Assets/arena/saveScript.cs using Guid(24a3bbdc3f46f264c8b8a7fba3283e09) Importer(815301076,1909f56bfc062723c751e8b465ee728b) (PreviewImporter) -> (artifact id: '00000000000000000000000000000000') in 0.0007791 seconds
Import Error Code:(4)
Message: Build asset version error: assets/arena/savescript.cs in SourceAssetDB has modification time of '2026-04-09T15:25:57.438422Z' while content on disk has modification time of '2026-04-09T15:26:01.9706472Z'
  ERROR: Build asset version error: assets/arena/savescript.cs in SourceAssetDB has modification time of '2026-04-09T15:25:57.438422Z' while content on disk has modification time of '2026-04-09T15:26:01.9706472Z'
Number of updated asset objects reloaded before import = 0Number of asset objects unloaded after import = 0

========================================================================
Received Import Request.
  Time since last request: 0.000022 seconds.
  path: Assets/arena/saveScript.cs
  artifactKey: Guid(24a3bbdc3f46f264c8b8a7fba3283e09) Importer(815301076,1909f56bfc062723c751e8b465ee728b)
Start importing Assets/arena/saveScript.cs using Guid(24a3bbdc3f46f264c8b8a7fba3283e09) Importer(815301076,1909f56bfc062723c751e8b465ee728b) (PreviewImporter) -> (artifact id: '00000000000000000000000000000000') in 0.0007526 seconds
Import Error Code:(4)
Message: Build asset version error: assets/arena/savescript.cs in SourceAssetDB has modification time of '2026-04-09T15:25:57.438422Z' while content on disk has modification time of '2026-04-09T15:26:01.9706472Z'
  ERROR: Build asset version error: assets/arena/savescript.cs in SourceAssetDB has modification time of '2026-04-09T15:25:57.438422Z' while content on disk has modification time of '2026-04-09T15:26:01.9706472Z'
Number of updated asset objects reloaded before import = 0Number of asset objects unloaded after import = 0

========================================================================
Received Import Request.
  Time since last request: 0.000022 seconds.
  path: Assets/arena/saveScript.cs
  artifactKey: Guid(24a3bbdc3f46f264c8b8a7fba3283e09) Importer(815301076,1909f56bfc062723c751e8b465ee728b)
Start importing Assets/arena/saveScript.cs using Guid(24a3bbdc3f46f264c8b8a7fba3283e09) Importer(815301076,1909f56bfc062723c751e8b465ee728b) (PreviewImporter) -> (artifact id: '00000000000000000000000000000000') in 0.0007973 seconds
Import Error Code:(4)
Message: Build asset version error: assets/arena/savescript.cs in SourceAssetDB has modification time of '2026-04-09T15:25:57.438422Z' while content on disk has modification time of '2026-04-09T15:26:01.9706472Z'
  ERROR: Build asset version error: assets/arena/savescript.cs in SourceAssetDB has modification time of '2026-04-09T15:25:57.438422Z' while content on disk has modification time of '2026-04-09T15:26:01.9706472Z'
Number of updated asset objects reloaded before import = 0Number of asset objects unloaded after import = 0

========================================================================
Received Import Request.
  Time since last request: 0.000026 seconds.
  path: Assets/arena/saveScript.cs
  artifactKey: Guid(24a3bbdc3f46f264c8b8a7fba3283e09) Importer(815301076,1909f56bfc062723c751e8b465ee728b)
Start importing Assets/arena/saveScript.cs using Guid(24a3bbdc3f46f264c8b8a7fba3283e09) Importer(815301076,1909f56bfc062723c751e8b465ee728b) (PreviewImporter) -> (artifact id: '00000000000000000000000000000000') in 0.0008163 seconds
Import Error Code:(4)
Message: Build asset version error: assets/arena/savescript.cs in SourceAssetDB has modification time of '2026-04-09T15:25:57.438422Z' while content on disk has modification time of '2026-04-09T15:26:01.9706472Z'
  ERROR: Build asset version error: assets/arena/savescript.cs in SourceAssetDB has modification time of '2026-04-09T15:25:57.438422Z' while content on disk has modification time of '2026-04-09T15:26:01.9706472Z'
Number of updated asset objects reloaded before import = 0Number of asset objects unloaded after import = 0

========================================================================
Received Import Request.
  Time since last request: 0.000023 seconds.
  path: Assets/arena/saveScript.cs
  artifactKey: Guid(24a3bbdc3f46f264c8b8a7fba3283e09) Importer(815301076,1909f56bfc062723c751e8b465ee728b)
Start importing Assets/arena/saveScript.cs using Guid(24a3bbdc3f46f264c8b8a7fba3283e09) Importer(815301076,1909f56bfc062723c751e8b465ee728b) (PreviewImporter) -> (artifact id: '00000000000000000000000000000000') in 0.0007764 seconds
Import Error Code:(4)
Message: Build asset version error: assets/arena/savescript.cs in SourceAssetDB has modification time of '2026-04-09T15:25:57.438422Z' while content on disk has modification time of '2026-04-09T15:26:01.9706472Z'
  ERROR: Build asset version error: assets/arena/savescript.cs in SourceAssetDB has modification time of '2026-04-09T15:25:57.438422Z' while content on disk has modification time of '2026-04-09T15:26:01.9706472Z'
Number of updated asset objects reloaded before import = 0Number of asset objects unloaded after import = 0

========================================================================
Received Import Request.
  Time since last request: 0.000036 seconds.
  path: Assets/arena/saveScript.cs
  artifactKey: Guid(24a3bbdc3f46f264c8b8a7fba3283e09) Importer(815301076,1909f56bfc062723c751e8b465ee728b)
Start importing Assets/arena/saveScript.cs using Guid(24a3bbdc3f46f264c8b8a7fba3283e09) Importer(815301076,1909f56bfc062723c751e8b465ee728b) (PreviewImporter) -> (artifact id: '00000000000000000000000000000000') in 0.0008592 seconds
Import Error Code:(4)
Message: Build asset version error: assets/arena/savescript.cs in SourceAssetDB has modification time of '2026-04-09T15:25:57.438422Z' while content on disk has modification time of '2026-04-09T15:26:01.9706472Z'
  ERROR: Build asset version error: assets/arena/savescript.cs in SourceAssetDB has modification time of '2026-04-09T15:25:57.438422Z' while content on disk has modification time of '2026-04-09T15:26:01.9706472Z'
Number of updated asset objects reloaded before import = 0Number of asset objects unloaded after import = 0

========================================================================
Received Import Request.
  Time since last request: 0.000023 seconds.
  path: Assets/arena/saveScript.cs
  artifactKey: Guid(24a3bbdc3f46f264c8b8a7fba3283e09) Importer(815301076,1909f56bfc062723c751e8b465ee728b)
Start importing Assets/arena/saveScript.cs using Guid(24a3bbdc3f46f264c8b8a7fba3283e09) Importer(815301076,1909f56bfc062723c751e8b465ee728b) (PreviewImporter) -> (artifact id: '00000000000000000000000000000000') in 0.0007709 seconds
Import Error Code:(4)
Message: Build asset version error: assets/arena/savescript.cs in SourceAssetDB has modification time of '2026-04-09T15:25:57.438422Z' while content on disk has modification time of '2026-04-09T15:26:01.9706472Z'
  ERROR: Build asset version error: assets/arena/savescript.cs in SourceAssetDB has modification time of '2026-04-09T15:25:57.438422Z' while content on disk has modification time of '2026-04-09T15:26:01.9706472Z'
Number of updated asset objects reloaded before import = 0Number of asset objects unloaded after import = 0

========================================================================
Received Import Request.
  Time since last request: 0.000021 seconds.
  path: Assets/arena/saveScript.cs
  artifactKey: Guid(24a3bbdc3f46f264c8b8a7fba3283e09) Importer(815301076,1909f56bfc062723c751e8b465ee728b)
Start importing Assets/arena/saveScript.cs using Guid(24a3bbdc3f46f264c8b8a7fba3283e09) Importer(815301076,1909f56bfc062723c751e8b465ee728b) (PreviewImporter) -> (artifact id: '00000000000000000000000000000000') in 0.000792 seconds
Import Error Code:(4)
Message: Build asset version error: assets/arena/savescript.cs in SourceAssetDB has modification time of '2026-04-09T15:25:57.438422Z' while content on disk has modification time of '2026-04-09T15:26:01.9706472Z'
  ERROR: Build asset version error: assets/arena/savescript.cs in SourceAssetDB has modification time of '2026-04-09T15:25:57.438422Z' while content on disk has modification time of '2026-04-09T15:26:01.9706472Z'
Number of updated asset objects reloaded before import = 0Number of asset objects unloaded after import = 0

========================================================================
Received Import Request.
  Time since last request: 0.000039 seconds.
  path: Assets/arena/saveScript.cs
  artifactKey: Guid(24a3bbdc3f46f264c8b8a7fba3283e09) Importer(815301076,1909f56bfc062723c751e8b465ee728b)
Start importing Assets/arena/saveScript.cs using Guid(24a3bbdc3f46f264c8b8a7fba3283e09) Importer(815301076,1909f56bfc062723c751e8b465ee728b) (PreviewImporter) -> (artifact id: '00000000000000000000000000000000') in 0.000832 seconds
Import Error Code:(4)
Message: Build asset version error: assets/arena/savescript.cs in SourceAssetDB has modification time of '2026-04-09T15:25:57.438422Z' while content on disk has modification time of '2026-04-09T15:26:01.9706472Z'
  ERROR: Build asset version error: assets/arena/savescript.cs in SourceAssetDB has modification time of '2026-04-09T15:25:57.438422Z' while content on disk has modification time of '2026-04-09T15:26:01.9706472Z'
Number of updated asset objects reloaded before import = 0Number of asset objects unloaded after import = 0

========================================================================
Received Import Request.
  Time since last request: 0.000022 seconds.
  path: Assets/arena/saveScript.cs
  artifactKey: Guid(24a3bbdc3f46f264c8b8a7fba3283e09) Importer(815301076,1909f56bfc062723c751e8b465ee728b)
Start importing Assets/arena/saveScript.cs using Guid(24a3bbdc3f46f264c8b8a7fba3283e09) Importer(815301076,1909f56bfc062723c751e8b465ee728b) (PreviewImporter) -> (artifact id: '00000000000000000000000000000000') in 0.0007776 seconds
Import Error Code:(4)
Message: Build asset version error: assets/arena/savescript.cs in SourceAssetDB has modification time of '2026-04-09T15:25:57.438422Z' while content on disk has modification time of '2026-04-09T15:26:01.9706472Z'
  ERROR: Build asset version error: assets/arena/savescript.cs in SourceAssetDB has modification time of '2026-04-09T15:25:57.438422Z' while content on disk has modification time of '2026-04-09T15:26:01.9706472Z'
Number of updated asset objects reloaded before import = 0Number of asset objects unloaded after import = 0

========================================================================
Received Import Request.
  Time since last request: 0.000025 seconds.
  path: Assets/arena/saveScript.cs
  artifactKey: Guid(24a3bbdc3f46f264c8b8a7fba3283e09) Importer(815301076,1909f56bfc062723c751e8b465ee728b)
Start importing Assets/arena/saveScript.cs using Guid(24a3bbdc3f46f264c8b8a7fba3283e09) Importer(815301076,1909f56bfc062723c751e8b465ee728b) (PreviewImporter) -> (artifact id: '00000000000000000000000000000000') in 0.0007951 seconds
Import Error Code:(4)
Message: Build asset version error: assets/arena/savescript.cs in SourceAssetDB has modification time of '2026-04-09T15:25:57.438422Z' while content on disk has modification time of '2026-04-09T15:26:01.9706472Z'
  ERROR: Build asset version error: assets/arena/savescript.cs in SourceAssetDB has modification time of '2026-04-09T15:25:57.438422Z' while content on disk has modification time of '2026-04-09T15:26:01.9706472Z'
Number of updated asset objects reloaded before import = 0Number of asset objects unloaded after import = 0

========================================================================
Received Import Request.
  Time since last request: 0.000039 seconds.
  path: Assets/arena/saveScript.cs
  artifactKey: Guid(24a3bbdc3f46f264c8b8a7fba3283e09) Importer(815301076,1909f56bfc062723c751e8b465ee728b)
Start importing Assets/arena/saveScript.cs using Guid(24a3bbdc3f46f264c8b8a7fba3283e09) Importer(815301076,1909f56bfc062723c751e8b465ee728b) (PreviewImporter) -> (artifact id: '00000000000000000000000000000000') in 0.0007605 seconds
Import Error Code:(4)
Message: Build asset version error: assets/arena/savescript.cs in SourceAssetDB has modification time of '2026-04-09T15:25:57.438422Z' while content on disk has modification time of '2026-04-09T15:26:01.9706472Z'
  ERROR: Build asset version error: assets/arena/savescript.cs in SourceAssetDB has modification time of '2026-04-09T15:25:57.438422Z' while content on disk has modification time of '2026-04-09T15:26:01.9706472Z'
Number of updated asset objects reloaded before import = 0Number of asset objects unloaded after import = 0

========================================================================
Received Import Request.
  Time since last request: 0.000022 seconds.
  path: Assets/arena/saveScript.cs
  artifactKey: Guid(24a3bbdc3f46f264c8b8a7fba3283e09) Importer(815301076,1909f56bfc062723c751e8b465ee728b)
Start importing Assets/arena/saveScript.cs using Guid(24a3bbdc3f46f264c8b8a7fba3283e09) Importer(815301076,1909f56bfc062723c751e8b465ee728b) (PreviewImporter) -> (artifact id: '00000000000000000000000000000000') in 0.0007836 seconds
Import Error Code:(4)
Message: Build asset version error: assets/arena/savescript.cs in SourceAssetDB has modification time of '2026-04-09T15:25:57.438422Z' while content on disk has modification time of '2026-04-09T15:26:01.9706472Z'
  ERROR: Build asset version error: assets/arena/savescript.cs in SourceAssetDB has modification time of '2026-04-09T15:25:57.438422Z' while content on disk has modification time of '2026-04-09T15:26:01.9706472Z'
Number of updated asset objects reloaded before import = 0Number of asset objects unloaded after import = 0

========================================================================
Received Import Request.
  Time since last request: 0.000021 seconds.
  path: Assets/arena/saveScript.cs
  artifactKey: Guid(24a3bbdc3f46f264c8b8a7fba3283e09) Importer(815301076,1909f56bfc062723c751e8b465ee728b)
Start importing Assets/arena/saveScript.cs using Guid(24a3bbdc3f46f264c8b8a7fba3283e09) Importer(815301076,1909f56bfc062723c751e8b465ee728b) (PreviewImporter) -> (artifact id: '00000000000000000000000000000000') in 0.0007764 seconds
Import Error Code:(4)
Message: Build asset version error: assets/arena/savescript.cs in SourceAssetDB has modification time of '2026-04-09T15:25:57.438422Z' while content on disk has modification time of '2026-04-09T15:26:01.9706472Z'
  ERROR: Build asset version error: assets/arena/savescript.cs in SourceAssetDB has modification time of '2026-04-09T15:25:57.438422Z' while content on disk has modification time of '2026-04-09T15:26:01.9706472Z'
Number of updated asset objects reloaded before import = 0Number of asset objects unloaded after import = 0

========================================================================
Received Import Request.
  Time since last request: 0.000023 seconds.
  path: Assets/arena/saveScript.cs
  artifactKey: Guid(24a3bbdc3f46f264c8b8a7fba3283e09) Importer(815301076,1909f56bfc062723c751e8b465ee728b)
Start importing Assets/arena/saveScript.cs using Guid(24a3bbdc3f46f264c8b8a7fba3283e09) Importer(815301076,1909f56bfc062723c751e8b465ee728b) (PreviewImporter) -> (artifact id: '00000000000000000000000000000000') in 0.0009297 seconds
Import Error Code:(4)
Message: Build asset version error: assets/arena/savescript.cs in SourceAssetDB has modification time of '2026-04-09T15:25:57.438422Z' while content on disk has modification time of '2026-04-09T15:26:01.9706472Z'
  ERROR: Build asset version error: assets/arena/savescript.cs in SourceAssetDB has modification time of '2026-04-09T15:25:57.438422Z' while content on disk has modification time of '2026-04-09T15:26:01.9706472Z'
Number of updated asset objects reloaded before import = 0Number of asset objects unloaded after import = 0

========================================================================
Received Import Request.
  Time since last request: 0.000027 seconds.
  path: Assets/arena/saveScript.cs
  artifactKey: Guid(24a3bbdc3f46f264c8b8a7fba3283e09) Importer(815301076,1909f56bfc062723c751e8b465ee728b)
Start importing Assets/arena/saveScript.cs using Guid(24a3bbdc3f46f264c8b8a7fba3283e09) Importer(815301076,1909f56bfc062723c751e8b465ee728b) (PreviewImporter) -> (artifact id: '00000000000000000000000000000000') in 0.0007959 seconds
Import Error Code:(4)
Message: Build asset version error: assets/arena/savescript.cs in SourceAssetDB has modification time of '2026-04-09T15:25:57.438422Z' while content on disk has modification time of '2026-04-09T15:26:01.9706472Z'
  ERROR: Build asset version error: assets/arena/savescript.cs in SourceAssetDB has modification time of '2026-04-09T15:25:57.438422Z' while content on disk has modification time of '2026-04-09T15:26:01.9706472Z'
Number of updated asset objects reloaded before import = 0Number of asset objects unloaded after import = 0

========================================================================
Received Import Request.
  Time since last request: 0.000045 seconds.
  path: Assets/arena/saveScript.cs
  artifactKey: Guid(24a3bbdc3f46f264c8b8a7fba3283e09) Importer(815301076,1909f56bfc062723c751e8b465ee728b)
Start importing Assets/arena/saveScript.cs using Guid(24a3bbdc3f46f264c8b8a7fba3283e09) Importer(815301076,1909f56bfc062723c751e8b465ee728b) (PreviewImporter) -> (artifact id: '00000000000000000000000000000000') in 0.0008566 seconds
Import Error Code:(4)
Message: Build asset version error: assets/arena/savescript.cs in SourceAssetDB has modification time of '2026-04-09T15:25:57.438422Z' while content on disk has modification time of '2026-04-09T15:26:01.9706472Z'
  ERROR: Build asset version error: assets/arena/savescript.cs in SourceAssetDB has modification time of '2026-04-09T15:25:57.438422Z' while content on disk has modification time of '2026-04-09T15:26:01.9706472Z'
Number of updated asset objects reloaded before import = 0Number of asset objects unloaded after import = 0

========================================================================
Received Import Request.
  Time since last request: 0.000020 seconds.
  path: Assets/arena/saveScript.cs
  artifactKey: Guid(24a3bbdc3f46f264c8b8a7fba3283e09) Importer(815301076,1909f56bfc062723c751e8b465ee728b)
Start importing Assets/arena/saveScript.cs using Guid(24a3bbdc3f46f264c8b8a7fba3283e09) Importer(815301076,1909f56bfc062723c751e8b465ee728b) (PreviewImporter) -> (artifact id: '00000000000000000000000000000000') in 0.0007492 seconds
Import Error Code:(4)
Message: Build asset version error: assets/arena/savescript.cs in SourceAssetDB has modification time of '2026-04-09T15:25:57.438422Z' while content on disk has modification time of '2026-04-09T15:26:01.9706472Z'
  ERROR: Build asset version error: assets/arena/savescript.cs in SourceAssetDB has modification time of '2026-04-09T15:25:57.438422Z' while content on disk has modification time of '2026-04-09T15:26:01.9706472Z'
Number of updated asset objects reloaded before import = 0Number of asset objects unloaded after import = 0

========================================================================
Received Import Request.
  Time since last request: 0.000032 seconds.
  path: Assets/arena/saveScript.cs
  artifactKey: Guid(24a3bbdc3f46f264c8b8a7fba3283e09) Importer(815301076,1909f56bfc062723c751e8b465ee728b)
Start importing Assets/arena/saveScript.cs using Guid(24a3bbdc3f46f264c8b8a7fba3283e09) Importer(815301076,1909f56bfc062723c751e8b465ee728b) (PreviewImporter) -> (artifact id: '00000000000000000000000000000000') in 0.0008889 seconds
Import Error Code:(4)
Message: Build asset version error: assets/arena/savescript.cs in SourceAssetDB has modification time of '2026-04-09T15:25:57.438422Z' while content on disk has modification time of '2026-04-09T15:26:01.9706472Z'
  ERROR: Build asset version error: assets/arena/savescript.cs in SourceAssetDB has modification time of '2026-04-09T15:25:57.438422Z' while content on disk has modification time of '2026-04-09T15:26:01.9706472Z'
Number of updated asset objects reloaded before import = 0Number of asset objects unloaded after import = 0

========================================================================
Received Import Request.
  Time since last request: 0.000022 seconds.
  path: Assets/arena/saveScript.cs
  artifactKey: Guid(24a3bbdc3f46f264c8b8a7fba3283e09) Importer(815301076,1909f56bfc062723c751e8b465ee728b)
Start importing Assets/arena/saveScript.cs using Guid(24a3bbdc3f46f264c8b8a7fba3283e09) Importer(815301076,1909f56bfc062723c751e8b465ee728b) (PreviewImporter) -> (artifact id: '00000000000000000000000000000000') in 0.0009037 seconds
Import Error Code:(4)
Message: Build asset version error: assets/arena/savescript.cs in SourceAssetDB has modification time of '2026-04-09T15:25:57.438422Z' while content on disk has modification time of '2026-04-09T15:26:01.9706472Z'
  ERROR: Build asset version error: assets/arena/savescript.cs in SourceAssetDB has modification time of '2026-04-09T15:25:57.438422Z' while content on disk has modification time of '2026-04-09T15:26:01.9706472Z'
Number of updated asset objects reloaded before import = 0Number of asset objects unloaded after import = 0

========================================================================
Received Import Request.
  Time since last request: 0.000022 seconds.
  path: Assets/arena/saveScript.cs
  artifactKey: Guid(24a3bbdc3f46f264c8b8a7fba3283e09) Importer(815301076,1909f56bfc062723c751e8b465ee728b)
Start importing Assets/arena/saveScript.cs using Guid(24a3bbdc3f46f264c8b8a7fba3283e09) Importer(815301076,1909f56bfc062723c751e8b465ee728b) (PreviewImporter) -> (artifact id: '00000000000000000000000000000000') in 0.0009094 seconds
Import Error Code:(4)
Message: Build asset version error: assets/arena/savescript.cs in SourceAssetDB has modification time of '2026-04-09T15:25:57.438422Z' while content on disk has modification time of '2026-04-09T15:26:01.9706472Z'
  ERROR: Build asset version error: assets/arena/savescript.cs in SourceAssetDB has modification time of '2026-04-09T15:25:57.438422Z' while content on disk has modification time of '2026-04-09T15:26:01.9706472Z'
Number of updated asset objects reloaded before import = 0Number of asset objects unloaded after import = 0

========================================================================
Received Import Request.
  Time since last request: 0.000026 seconds.
  path: Assets/arena/saveScript.cs
  artifactKey: Guid(24a3bbdc3f46f264c8b8a7fba3283e09) Importer(815301076,1909f56bfc062723c751e8b465ee728b)
Start importing Assets/arena/saveScript.cs using Guid(24a3bbdc3f46f264c8b8a7fba3283e09) Importer(815301076,1909f56bfc062723c751e8b465ee728b) (PreviewImporter) -> (artifact id: '00000000000000000000000000000000') in 0.0007847 seconds
Import Error Code:(4)
Message: Build asset version error: assets/arena/savescript.cs in SourceAssetDB has modification time of '2026-04-09T15:25:57.438422Z' while content on disk has modification time of '2026-04-09T15:26:01.9706472Z'
  ERROR: Build asset version error: assets/arena/savescript.cs in SourceAssetDB has modification time of '2026-04-09T15:25:57.438422Z' while content on disk has modification time of '2026-04-09T15:26:01.9706472Z'
Number of updated asset objects reloaded before import = 0Number of asset objects unloaded after import = 0

========================================================================
Received Import Request.
  Time since last request: 0.000034 seconds.
  path: Assets/arena/saveScript.cs
  artifactKey: Guid(24a3bbdc3f46f264c8b8a7fba3283e09) Importer(815301076,1909f56bfc062723c751e8b465ee728b)
Start importing Assets/arena/saveScript.cs using Guid(24a3bbdc3f46f264c8b8a7fba3283e09) Importer(815301076,1909f56bfc062723c751e8b465ee728b) (PreviewImporter) -> (artifact id: '00000000000000000000000000000000') in 0.0007628 seconds
Import Error Code:(4)
Message: Build asset version error: assets/arena/savescript.cs in SourceAssetDB has modification time of '2026-04-09T15:25:57.438422Z' while content on disk has modification time of '2026-04-09T15:26:01.9706472Z'
  ERROR: Build asset version error: assets/arena/savescript.cs in SourceAssetDB has modification time of '2026-04-09T15:25:57.438422Z' while content on disk has modification time of '2026-04-09T15:26:01.9706472Z'
Number of updated asset objects reloaded before import = 0Number of asset objects unloaded after import = 0

========================================================================
Received Import Request.
  Time since last request: 0.000021 seconds.
  path: Assets/arena/saveScript.cs
  artifactKey: Guid(24a3bbdc3f46f264c8b8a7fba3283e09) Importer(815301076,1909f56bfc062723c751e8b465ee728b)
Start importing Assets/arena/saveScript.cs using Guid(24a3bbdc3f46f264c8b8a7fba3283e09) Importer(815301076,1909f56bfc062723c751e8b465ee728b) (PreviewImporter) -> (artifact id: '00000000000000000000000000000000') in 0.000757 seconds
Import Error Code:(4)
Message: Build asset version error: assets/arena/savescript.cs in SourceAssetDB has modification time of '2026-04-09T15:25:57.438422Z' while content on disk has modification time of '2026-04-09T15:26:01.9706472Z'
  ERROR: Build asset version error: assets/arena/savescript.cs in SourceAssetDB has modification time of '2026-04-09T15:25:57.438422Z' while content on disk has modification time of '2026-04-09T15:26:01.9706472Z'
Number of updated asset objects reloaded before import = 0Number of asset objects unloaded after import = 0

========================================================================
Received Import Request.
  Time since last request: 0.000023 seconds.
  path: Assets/arena/saveScript.cs
  artifactKey: Guid(24a3bbdc3f46f264c8b8a7fba3283e09) Importer(815301076,1909f56bfc062723c751e8b465ee728b)
Start importing Assets/arena/saveScript.cs using Guid(24a3bbdc3f46f264c8b8a7fba3283e09) Importer(815301076,1909f56bfc062723c751e8b465ee728b) (PreviewImporter) -> (artifact id: '00000000000000000000000000000000') in 0.0008822 seconds
Import Error Code:(4)
Message: Build asset version error: assets/arena/savescript.cs in SourceAssetDB has modification time of '2026-04-09T15:25:57.438422Z' while content on disk has modification time of '2026-04-09T15:26:01.9706472Z'
  ERROR: Build asset version error: assets/arena/savescript.cs in SourceAssetDB has modification time of '2026-04-09T15:25:57.438422Z' while content on disk has modification time of '2026-04-09T15:26:01.9706472Z'
Number of updated asset objects reloaded before import = 0Number of asset objects unloaded after import = 0

========================================================================
Received Import Request.
  Time since last request: 0.000023 seconds.
  path: Assets/arena/saveScript.cs
  artifactKey: Guid(24a3bbdc3f46f264c8b8a7fba3283e09) Importer(815301076,1909f56bfc062723c751e8b465ee728b)
Start importing Assets/arena/saveScript.cs using Guid(24a3bbdc3f46f264c8b8a7fba3283e09) Importer(815301076,1909f56bfc062723c751e8b465ee728b) (PreviewImporter) -> (artifact id: '00000000000000000000000000000000') in 0.0007697 seconds
Import Error Code:(4)
Message: Build asset version error: assets/arena/savescript.cs in SourceAssetDB has modification time of '2026-04-09T15:25:57.438422Z' while content on disk has modification time of '2026-04-09T15:26:01.9706472Z'
  ERROR: Build asset version error: assets/arena/savescript.cs in SourceAssetDB has modification time of '2026-04-09T15:25:57.438422Z' while content on disk has modification time of '2026-04-09T15:26:01.9706472Z'
Number of updated asset objects reloaded before import = 0Number of asset objects unloaded after import = 0

========================================================================
Received Import Request.
  Time since last request: 0.000026 seconds.
  path: Assets/arena/saveScript.cs
  artifactKey: Guid(24a3bbdc3f46f264c8b8a7fba3283e09) Importer(815301076,1909f56bfc062723c751e8b465ee728b)
Start importing Assets/arena/saveScript.cs using Guid(24a3bbdc3f46f264c8b8a7fba3283e09) Importer(815301076,1909f56bfc062723c751e8b465ee728b) (PreviewImporter) -> (artifact id: '00000000000000000000000000000000') in 0.0008373 seconds
Import Error Code:(4)
Message: Build asset version error: assets/arena/savescript.cs in SourceAssetDB has modification time of '2026-04-09T15:25:57.438422Z' while content on disk has modification time of '2026-04-09T15:26:01.9706472Z'
  ERROR: Build asset version error: assets/arena/savescript.cs in SourceAssetDB has modification time of '2026-04-09T15:25:57.438422Z' while content on disk has modification time of '2026-04-09T15:26:01.9706472Z'
Number of updated asset objects reloaded before import = 0Number of asset objects unloaded after import = 0

========================================================================
Received Import Request.
  Time since last request: 0.000026 seconds.
  path: Assets/arena/saveScript.cs
  artifactKey: Guid(24a3bbdc3f46f264c8b8a7fba3283e09) Importer(815301076,1909f56bfc062723c751e8b465ee728b)
Start importing Assets/arena/saveScript.cs using Guid(24a3bbdc3f46f264c8b8a7fba3283e09) Importer(815301076,1909f56bfc062723c751e8b465ee728b) (PreviewImporter) -> (artifact id: '00000000000000000000000000000000') in 0.0007497 seconds
Import Error Code:(4)
Message: Build asset version error: assets/arena/savescript.cs in SourceAssetDB has modification time of '2026-04-09T15:25:57.438422Z' while content on disk has modification time of '2026-04-09T15:26:01.9706472Z'
  ERROR: Build asset version error: assets/arena/savescript.cs in SourceAssetDB has modification time of '2026-04-09T15:25:57.438422Z' while content on disk has modification time of '2026-04-09T15:26:01.9706472Z'
Number of updated asset objects reloaded before import = 0Number of asset objects unloaded after import = 0

========================================================================
Received Import Request.
  Time since last request: 0.000035 seconds.
  path: Assets/arena/saveScript.cs
  artifactKey: Guid(24a3bbdc3f46f264c8b8a7fba3283e09) Importer(815301076,1909f56bfc062723c751e8b465ee728b)
Start importing Assets/arena/saveScript.cs using Guid(24a3bbdc3f46f264c8b8a7fba3283e09) Importer(815301076,1909f56bfc062723c751e8b465ee728b) (PreviewImporter) -> (artifact id: '00000000000000000000000000000000') in 0.000799 seconds
Import Error Code:(4)
Message: Build asset version error: assets/arena/savescript.cs in SourceAssetDB has modification time of '2026-04-09T15:25:57.438422Z' while content on disk has modification time of '2026-04-09T15:26:01.9706472Z'
  ERROR: Build asset version error: assets/arena/savescript.cs in SourceAssetDB has modification time of '2026-04-09T15:25:57.438422Z' while content on disk has modification time of '2026-04-09T15:26:01.9706472Z'
Number of updated asset objects reloaded before import = 0Number of asset objects unloaded after import = 0

========================================================================
Received Import Request.
  Time since last request: 0.000021 seconds.
  path: Assets/arena/saveScript.cs
  artifactKey: Guid(24a3bbdc3f46f264c8b8a7fba3283e09) Importer(815301076,1909f56bfc062723c751e8b465ee728b)
Start importing Assets/arena/saveScript.cs using Guid(24a3bbdc3f46f264c8b8a7fba3283e09) Importer(815301076,1909f56bfc062723c751e8b465ee728b) (PreviewImporter) -> (artifact id: '00000000000000000000000000000000') in 0.0007795 seconds
Import Error Code:(4)
Message: Build asset version error: assets/arena/savescript.cs in SourceAssetDB has modification time of '2026-04-09T15:25:57.438422Z' while content on disk has modification time of '2026-04-09T15:26:01.9706472Z'
  ERROR: Build asset version error: assets/arena/savescript.cs in SourceAssetDB has modification time of '2026-04-09T15:25:57.438422Z' while content on disk has modification time of '2026-04-09T15:26:01.9706472Z'
Number of updated asset objects reloaded before import = 0Number of asset objects unloaded after import = 0

========================================================================
Received Import Request.
  Time since last request: 0.000021 seconds.
  path: Assets/arena/saveScript.cs
  artifactKey: Guid(24a3bbdc3f46f264c8b8a7fba3283e09) Importer(815301076,1909f56bfc062723c751e8b465ee728b)
Start importing Assets/arena/saveScript.cs using Guid(24a3bbdc3f46f264c8b8a7fba3283e09) Importer(815301076,1909f56bfc062723c751e8b465ee728b) (PreviewImporter) -> (artifact id: '00000000000000000000000000000000') in 0.0008953 seconds
Import Error Code:(4)
Message: Build asset version error: assets/arena/savescript.cs in SourceAssetDB has modification time of '2026-04-09T15:25:57.438422Z' while content on disk has modification time of '2026-04-09T15:26:01.9706472Z'
  ERROR: Build asset version error: assets/arena/savescript.cs in SourceAssetDB has modification time of '2026-04-09T15:25:57.438422Z' while content on disk has modification time of '2026-04-09T15:26:01.9706472Z'
Number of updated asset objects reloaded before import = 0Number of asset objects unloaded after import = 0

========================================================================
Received Import Request.
  Time since last request: 0.000021 seconds.
  path: Assets/arena/saveScript.cs
  artifactKey: Guid(24a3bbdc3f46f264c8b8a7fba3283e09) Importer(815301076,1909f56bfc062723c751e8b465ee728b)
Start importing Assets/arena/saveScript.cs using Guid(24a3bbdc3f46f264c8b8a7fba3283e09) Importer(815301076,1909f56bfc062723c751e8b465ee728b) (PreviewImporter) -> (artifact id: '00000000000000000000000000000000') in 0.0007658 seconds
Import Error Code:(4)
Message: Build asset version error: assets/arena/savescript.cs in SourceAssetDB has modification time of '2026-04-09T15:25:57.438422Z' while content on disk has modification time of '2026-04-09T15:26:01.9706472Z'
  ERROR: Build asset version error: assets/arena/savescript.cs in SourceAssetDB has modification time of '2026-04-09T15:25:57.438422Z' while content on disk has modification time of '2026-04-09T15:26:01.9706472Z'
Number of updated asset objects reloaded before import = 0Number of asset objects unloaded after import = 0

========================================================================
Received Import Request.
  Time since last request: 0.000028 seconds.
  path: Assets/arena/saveScript.cs
  artifactKey: Guid(24a3bbdc3f46f264c8b8a7fba3283e09) Importer(815301076,1909f56bfc062723c751e8b465ee728b)
Start importing Assets/arena/saveScript.cs using Guid(24a3bbdc3f46f264c8b8a7fba3283e09) Importer(815301076,1909f56bfc062723c751e8b465ee728b) (PreviewImporter) -> (artifact id: '00000000000000000000000000000000') in 0.0007856 seconds
Import Error Code:(4)
Message: Build asset version error: assets/arena/savescript.cs in SourceAssetDB has modification time of '2026-04-09T15:25:57.438422Z' while content on disk has modification time of '2026-04-09T15:26:01.9706472Z'
  ERROR: Build asset version error: assets/arena/savescript.cs in SourceAssetDB has modification time of '2026-04-09T15:25:57.438422Z' while content on disk has modification time of '2026-04-09T15:26:01.9706472Z'
Number of updated asset objects reloaded before import = 0Number of asset objects unloaded after import = 0

========================================================================
Received Import Request.
  Time since last request: 0.000036 seconds.
  path: Assets/arena/saveScript.cs
  artifactKey: Guid(24a3bbdc3f46f264c8b8a7fba3283e09) Importer(815301076,1909f56bfc062723c751e8b465ee728b)
Start importing Assets/arena/saveScript.cs using Guid(24a3bbdc3f46f264c8b8a7fba3283e09) Importer(815301076,1909f56bfc062723c751e8b465ee728b) (PreviewImporter) -> (artifact id: '00000000000000000000000000000000') in 0.0008107 seconds
Import Error Code:(4)
Message: Build asset version error: assets/arena/savescript.cs in SourceAssetDB has modification time of '2026-04-09T15:25:57.438422Z' while content on disk has modification time of '2026-04-09T15:26:01.9706472Z'
  ERROR: Build asset version error: assets/arena/savescript.cs in SourceAssetDB has modification time of '2026-04-09T15:25:57.438422Z' while content on disk has modification time of '2026-04-09T15:26:01.9706472Z'
Number of updated asset objects reloaded before import = 0Number of asset objects unloaded after import = 0

========================================================================
Received Import Request.
  Time since last request: 0.000024 seconds.
  path: Assets/arena/saveScript.cs
  artifactKey: Guid(24a3bbdc3f46f264c8b8a7fba3283e09) Importer(815301076,1909f56bfc062723c751e8b465ee728b)
Start importing Assets/arena/saveScript.cs using Guid(24a3bbdc3f46f264c8b8a7fba3283e09) Importer(815301076,1909f56bfc062723c751e8b465ee728b) (PreviewImporter) -> (artifact id: '00000000000000000000000000000000') in 0.0010005 seconds
Import Error Code:(4)
Message: Build asset version error: assets/arena/savescript.cs in SourceAssetDB has modification time of '2026-04-09T15:25:57.438422Z' while content on disk has modification time of '2026-04-09T15:26:01.9706472Z'
  ERROR: Build asset version error: assets/arena/savescript.cs in SourceAssetDB has modification time of '2026-04-09T15:25:57.438422Z' while content on disk has modification time of '2026-04-09T15:26:01.9706472Z'
Number of updated asset objects reloaded before import = 0Number of asset objects unloaded after import = 0

========================================================================
Received Import Request.
  Time since last request: 0.000024 seconds.
  path: Assets/arena/saveScript.cs
  artifactKey: Guid(24a3bbdc3f46f264c8b8a7fba3283e09) Importer(815301076,1909f56bfc062723c751e8b465ee728b)
Start importing Assets/arena/saveScript.cs using Guid(24a3bbdc3f46f264c8b8a7fba3283e09) Importer(815301076,1909f56bfc062723c751e8b465ee728b) (PreviewImporter) -> (artifact id: '00000000000000000000000000000000') in 0.0007792 seconds
Import Error Code:(4)
Message: Build asset version error: assets/arena/savescript.cs in SourceAssetDB has modification time of '2026-04-09T15:25:57.438422Z' while content on disk has modification time of '2026-04-09T15:26:01.9706472Z'
  ERROR: Build asset version error: assets/arena/savescript.cs in SourceAssetDB has modification time of '2026-04-09T15:25:57.438422Z' while content on disk has modification time of '2026-04-09T15:26:01.9706472Z'
Number of updated asset objects reloaded before import = 0Number of asset objects unloaded after import = 0

========================================================================
Received Import Request.
  Time since last request: 0.000028 seconds.
  path: Assets/arena/saveScript.cs
  artifactKey: Guid(24a3bbdc3f46f264c8b8a7fba3283e09) Importer(815301076,1909f56bfc062723c751e8b465ee728b)
Start importing Assets/arena/saveScript.cs using Guid(24a3bbdc3f46f264c8b8a7fba3283e09) Importer(815301076,1909f56bfc062723c751e8b465ee728b) (PreviewImporter) -> (artifact id: '00000000000000000000000000000000') in 0.0008046 seconds
Import Error Code:(4)
Message: Build asset version error: assets/arena/savescript.cs in SourceAssetDB has modification time of '2026-04-09T15:25:57.438422Z' while content on disk has modification time of '2026-04-09T15:26:01.9706472Z'
  ERROR: Build asset version error: assets/arena/savescript.cs in SourceAssetDB has modification time of '2026-04-09T15:25:57.438422Z' while content on disk has modification time of '2026-04-09T15:26:01.9706472Z'
Number of updated asset objects reloaded before import = 0Number of asset objects unloaded after import = 0

========================================================================
Received Import Request.
  Time since last request: 0.000021 seconds.
  path: Assets/arena/saveScript.cs
  artifactKey: Guid(24a3bbdc3f46f264c8b8a7fba3283e09) Importer(815301076,1909f56bfc062723c751e8b465ee728b)
Start importing Assets/arena/saveScript.cs using Guid(24a3bbdc3f46f264c8b8a7fba3283e09) Importer(815301076,1909f56bfc062723c751e8b465ee728b) (PreviewImporter) -> (artifact id: '00000000000000000000000000000000') in 0.0007863 seconds
Import Error Code:(4)
Message: Build asset version error: assets/arena/savescript.cs in SourceAssetDB has modification time of '2026-04-09T15:25:57.438422Z' while content on disk has modification time of '2026-04-09T15:26:01.9706472Z'
  ERROR: Build asset version error: assets/arena/savescript.cs in SourceAssetDB has modification time of '2026-04-09T15:25:57.438422Z' while content on disk has modification time of '2026-04-09T15:26:01.9706472Z'
Number of updated asset objects reloaded before import = 0Number of asset objects unloaded after import = 0

========================================================================
Received Import Request.
  Time since last request: 0.000025 seconds.
  path: Assets/arena/saveScript.cs
  artifactKey: Guid(24a3bbdc3f46f264c8b8a7fba3283e09) Importer(815301076,1909f56bfc062723c751e8b465ee728b)
Start importing Assets/arena/saveScript.cs using Guid(24a3bbdc3f46f264c8b8a7fba3283e09) Importer(815301076,1909f56bfc062723c751e8b465ee728b) (PreviewImporter) -> (artifact id: '00000000000000000000000000000000') in 0.0012585 seconds
Import Error Code:(4)
Message: Build asset version error: assets/arena/savescript.cs in SourceAssetDB has modification time of '2026-04-09T15:25:57.438422Z' while content on disk has modification time of '2026-04-09T15:26:01.9706472Z'
  ERROR: Build asset version error: assets/arena/savescript.cs in SourceAssetDB has modification time of '2026-04-09T15:25:57.438422Z' while content on disk has modification time of '2026-04-09T15:26:01.9706472Z'
Number of updated asset objects reloaded before import = 0Number of asset objects unloaded after import = 0

========================================================================
Received Import Request.
  Time since last request: 0.000037 seconds.
  path: Assets/arena/saveScript.cs
  artifactKey: Guid(24a3bbdc3f46f264c8b8a7fba3283e09) Importer(815301076,1909f56bfc062723c751e8b465ee728b)
Start importing Assets/arena/saveScript.cs using Guid(24a3bbdc3f46f264c8b8a7fba3283e09) Importer(815301076,1909f56bfc062723c751e8b465ee728b) (PreviewImporter) -> (artifact id: '00000000000000000000000000000000') in 0.0008222 seconds
Import Error Code:(4)
Message: Build asset version error: assets/arena/savescript.cs in SourceAssetDB has modification time of '2026-04-09T15:25:57.438422Z' while content on disk has modification time of '2026-04-09T15:26:01.9706472Z'
  ERROR: Build asset version error: assets/arena/savescript.cs in SourceAssetDB has modification time of '2026-04-09T15:25:57.438422Z' while content on disk has modification time of '2026-04-09T15:26:01.9706472Z'
Number of updated asset objects reloaded before import = 0Number of asset objects unloaded after import = 0

========================================================================
Received Import Request.
  Time since last request: 0.000022 seconds.
  path: Assets/arena/saveScript.cs
  artifactKey: Guid(24a3bbdc3f46f264c8b8a7fba3283e09) Importer(815301076,1909f56bfc062723c751e8b465ee728b)
Start importing Assets/arena/saveScript.cs using Guid(24a3bbdc3f46f264c8b8a7fba3283e09) Importer(815301076,1909f56bfc062723c751e8b465ee728b) (PreviewImporter) -> (artifact id: '00000000000000000000000000000000') in 0.0008697 seconds
Import Error Code:(4)
Message: Build asset version error: assets/arena/savescript.cs in SourceAssetDB has modification time of '2026-04-09T15:25:57.438422Z' while content on disk has modification time of '2026-04-09T15:26:01.9706472Z'
  ERROR: Build asset version error: assets/arena/savescript.cs in SourceAssetDB has modification time of '2026-04-09T15:25:57.438422Z' while content on disk has modification time of '2026-04-09T15:26:01.9706472Z'
Number of updated asset objects reloaded before import = 0Number of asset objects unloaded after import = 0

========================================================================
Received Import Request.
  Time since last request: 0.000022 seconds.
  path: Assets/arena/saveScript.cs
  artifactKey: Guid(24a3bbdc3f46f264c8b8a7fba3283e09) Importer(815301076,1909f56bfc062723c751e8b465ee728b)
Start importing Assets/arena/saveScript.cs using Guid(24a3bbdc3f46f264c8b8a7fba3283e09) Importer(815301076,1909f56bfc062723c751e8b465ee728b) (PreviewImporter) -> (artifact id: '00000000000000000000000000000000') in 0.0007711 seconds
Import Error Code:(4)
Message: Build asset version error: assets/arena/savescript.cs in SourceAssetDB has modification time of '2026-04-09T15:25:57.438422Z' while content on disk has modification time of '2026-04-09T15:26:01.9706472Z'
  ERROR: Build asset version error: assets/arena/savescript.cs in SourceAssetDB has modification time of '2026-04-09T15:25:57.438422Z' while content on disk has modification time of '2026-04-09T15:26:01.9706472Z'
Number of updated asset objects reloaded before import = 0Number of asset objects unloaded after import = 0

========================================================================
Received Import Request.
  Time since last request: 0.000022 seconds.
  path: Assets/arena/saveScript.cs
  artifactKey: Guid(24a3bbdc3f46f264c8b8a7fba3283e09) Importer(815301076,1909f56bfc062723c751e8b465ee728b)
Start importing Assets/arena/saveScript.cs using Guid(24a3bbdc3f46f264c8b8a7fba3283e09) Importer(815301076,1909f56bfc062723c751e8b465ee728b) (PreviewImporter) -> (artifact id: '00000000000000000000000000000000') in 0.0008178 seconds
Import Error Code:(4)
Message: Build asset version error: assets/arena/savescript.cs in SourceAssetDB has modification time of '2026-04-09T15:25:57.438422Z' while content on disk has modification time of '2026-04-09T15:26:01.9706472Z'
  ERROR: Build asset version error: assets/arena/savescript.cs in SourceAssetDB has modification time of '2026-04-09T15:25:57.438422Z' while content on disk has modification time of '2026-04-09T15:26:01.9706472Z'
Number of updated asset objects reloaded before import = 0Number of asset objects unloaded after import = 0

========================================================================
Received Import Request.
  Time since last request: 0.000023 seconds.
  path: Assets/arena/saveScript.cs
  artifactKey: Guid(24a3bbdc3f46f264c8b8a7fba3283e09) Importer(815301076,1909f56bfc062723c751e8b465ee728b)
Start importing Assets/arena/saveScript.cs using Guid(24a3bbdc3f46f264c8b8a7fba3283e09) Importer(815301076,1909f56bfc062723c751e8b465ee728b) (PreviewImporter) -> (artifact id: '00000000000000000000000000000000') in 0.0008473 seconds
Import Error Code:(4)
Message: Build asset version error: assets/arena/savescript.cs in SourceAssetDB has modification time of '2026-04-09T15:25:57.438422Z' while content on disk has modification time of '2026-04-09T15:26:01.9706472Z'
  ERROR: Build asset version error: assets/arena/savescript.cs in SourceAssetDB has modification time of '2026-04-09T15:25:57.438422Z' while content on disk has modification time of '2026-04-09T15:26:01.9706472Z'
Number of updated asset objects reloaded before import = 0Number of asset objects unloaded after import = 0

========================================================================
Received Import Request.
  Time since last request: 0.000025 seconds.
  path: Assets/arena/saveScript.cs
  artifactKey: Guid(24a3bbdc3f46f264c8b8a7fba3283e09) Importer(815301076,1909f56bfc062723c751e8b465ee728b)
Start importing Assets/arena/saveScript.cs using Guid(24a3bbdc3f46f264c8b8a7fba3283e09) Importer(815301076,1909f56bfc062723c751e8b465ee728b) (PreviewImporter) -> (artifact id: '00000000000000000000000000000000') in 0.0007928 seconds
Import Error Code:(4)
Message: Build asset version error: assets/arena/savescript.cs in SourceAssetDB has modification time of '2026-04-09T15:25:57.438422Z' while content on disk has modification time of '2026-04-09T15:26:01.9706472Z'
  ERROR: Build asset version error: assets/arena/savescript.cs in SourceAssetDB has modification time of '2026-04-09T15:25:57.438422Z' while content on disk has modification time of '2026-04-09T15:26:01.9706472Z'
Number of updated asset objects reloaded before import = 0Number of asset objects unloaded after import = 0

========================================================================
Received Import Request.
  Time since last request: 0.000035 seconds.
  path: Assets/arena/saveScript.cs
  artifactKey: Guid(24a3bbdc3f46f264c8b8a7fba3283e09) Importer(815301076,1909f56bfc062723c751e8b465ee728b)
Start importing Assets/arena/saveScript.cs using Guid(24a3bbdc3f46f264c8b8a7fba3283e09) Importer(815301076,1909f56bfc062723c751e8b465ee728b) (PreviewImporter) -> (artifact id: '00000000000000000000000000000000') in 0.000773 seconds
Import Error Code:(4)
Message: Build asset version error: assets/arena/savescript.cs in SourceAssetDB has modification time of '2026-04-09T15:25:57.438422Z' while content on disk has modification time of '2026-04-09T15:26:01.9706472Z'
  ERROR: Build asset version error: assets/arena/savescript.cs in SourceAssetDB has modification time of '2026-04-09T15:25:57.438422Z' while content on disk has modification time of '2026-04-09T15:26:01.9706472Z'
Number of updated asset objects reloaded before import = 0Number of asset objects unloaded after import = 0

========================================================================
Received Import Request.
  Time since last request: 0.000116 seconds.
  path: Assets/arena/saveScript.cs
  artifactKey: Guid(24a3bbdc3f46f264c8b8a7fba3283e09) Importer(815301076,1909f56bfc062723c751e8b465ee728b)
Start importing Assets/arena/saveScript.cs using Guid(24a3bbdc3f46f264c8b8a7fba3283e09) Importer(815301076,1909f56bfc062723c751e8b465ee728b) (PreviewImporter) -> (artifact id: '00000000000000000000000000000000') in 0.0007723 seconds
Import Error Code:(4)
Message: Build asset version error: assets/arena/savescript.cs in SourceAssetDB has modification time of '2026-04-09T15:25:57.438422Z' while content on disk has modification time of '2026-04-09T15:26:01.9706472Z'
  ERROR: Build asset version error: assets/arena/savescript.cs in SourceAssetDB has modification time of '2026-04-09T15:25:57.438422Z' while content on disk has modification time of '2026-04-09T15:26:01.9706472Z'
Number of updated asset objects reloaded before import = 0Number of asset objects unloaded after import = 0

========================================================================
Received Import Request.
  Time since last request: 0.000021 seconds.
  path: Assets/arena/saveScript.cs
  artifactKey: Guid(24a3bbdc3f46f264c8b8a7fba3283e09) Importer(815301076,1909f56bfc062723c751e8b465ee728b)
Start importing Assets/arena/saveScript.cs using Guid(24a3bbdc3f46f264c8b8a7fba3283e09) Importer(815301076,1909f56bfc062723c751e8b465ee728b) (PreviewImporter) -> (artifact id: '00000000000000000000000000000000') in 0.0008084 seconds
Import Error Code:(4)
Message: Build asset version error: assets/arena/savescript.cs in SourceAssetDB has modification time of '2026-04-09T15:25:57.438422Z' while content on disk has modification time of '2026-04-09T15:26:01.9706472Z'
  ERROR: Build asset version error: assets/arena/savescript.cs in SourceAssetDB has modification time of '2026-04-09T15:25:57.438422Z' while content on disk has modification time of '2026-04-09T15:26:01.9706472Z'
Number of updated asset objects reloaded before import = 0Number of asset objects unloaded after import = 0

========================================================================
Received Import Request.
  Time since last request: 0.000022 seconds.
  path: Assets/arena/saveScript.cs
  artifactKey: Guid(24a3bbdc3f46f264c8b8a7fba3283e09) Importer(815301076,1909f56bfc062723c751e8b465ee728b)
Start importing Assets/arena/saveScript.cs using Guid(24a3bbdc3f46f264c8b8a7fba3283e09) Importer(815301076,1909f56bfc062723c751e8b465ee728b) (PreviewImporter) -> (artifact id: '00000000000000000000000000000000') in 0.000923 seconds
Import Error Code:(4)
Message: Build asset version error: assets/arena/savescript.cs in SourceAssetDB has modification time of '2026-04-09T15:25:57.438422Z' while content on disk has modification time of '2026-04-09T15:26:01.9706472Z'
  ERROR: Build asset version error: assets/arena/savescript.cs in SourceAssetDB has modification time of '2026-04-09T15:25:57.438422Z' while content on disk has modification time of '2026-04-09T15:26:01.9706472Z'
Number of updated asset objects reloaded before import = 0Number of asset objects unloaded after import = 0

========================================================================
Received Import Request.
  Time since last request: 0.000033 seconds.
  path: Assets/arena/saveScript.cs
  artifactKey: Guid(24a3bbdc3f46f264c8b8a7fba3283e09) Importer(815301076,1909f56bfc062723c751e8b465ee728b)
Start importing Assets/arena/saveScript.cs using Guid(24a3bbdc3f46f264c8b8a7fba3283e09) Importer(815301076,1909f56bfc062723c751e8b465ee728b) (PreviewImporter) -> (artifact id: '00000000000000000000000000000000') in 0.0008378 seconds
Import Error Code:(4)
Message: Build asset version error: assets/arena/savescript.cs in SourceAssetDB has modification time of '2026-04-09T15:25:57.438422Z' while content on disk has modification time of '2026-04-09T15:26:01.9706472Z'
  ERROR: Build asset version error: assets/arena/savescript.cs in SourceAssetDB has modification time of '2026-04-09T15:25:57.438422Z' while content on disk has modification time of '2026-04-09T15:26:01.9706472Z'
Number of updated asset objects reloaded before import = 0Number of asset objects unloaded after import = 0

========================================================================
Received Import Request.
  Time since last request: 0.000033 seconds.
  path: Assets/arena/saveScript.cs
  artifactKey: Guid(24a3bbdc3f46f264c8b8a7fba3283e09) Importer(815301076,1909f56bfc062723c751e8b465ee728b)
Start importing Assets/arena/saveScript.cs using Guid(24a3bbdc3f46f264c8b8a7fba3283e09) Importer(815301076,1909f56bfc062723c751e8b465ee728b) (PreviewImporter) -> (artifact id: '00000000000000000000000000000000') in 0.0008378 seconds
Import Error Code:(4)
Message: Build asset version error: assets/arena/savescript.cs in SourceAssetDB has modification time of '2026-04-09T15:25:57.438422Z' while content on disk has modification time of '2026-04-09T15:26:01.9706472Z'
  ERROR: Build asset version error: assets/arena/savescript.cs in SourceAssetDB has modification time of '2026-04-09T15:25:57.438422Z' while content on disk has modification time of '2026-04-09T15:26:01.9706472Z'
Number of updated asset objects reloaded before import = 0Number of asset objects unloaded after import = 0

========================================================================
Received Import Request.
  Time since last request: 0.000024 seconds.
  path: Assets/arena/saveScript.cs
  artifactKey: Guid(24a3bbdc3f46f264c8b8a7fba3283e09) Importer(815301076,1909f56bfc062723c751e8b465ee728b)
Start importing Assets/arena/saveScript.cs using Guid(24a3bbdc3f46f264c8b8a7fba3283e09) Importer(815301076,1909f56bfc062723c751e8b465ee728b) (PreviewImporter) -> (artifact id: '00000000000000000000000000000000') in 0.0008157 seconds
Import Error Code:(4)
Message: Build asset version error: assets/arena/savescript.cs in SourceAssetDB has modification time of '2026-04-09T15:25:57.438422Z' while content on disk has modification time of '2026-04-09T15:26:01.9706472Z'
  ERROR: Build asset version error: assets/arena/savescript.cs in SourceAssetDB has modification time of '2026-04-09T15:25:57.438422Z' while content on disk has modification time of '2026-04-09T15:26:01.9706472Z'
Number of updated asset objects reloaded before import = 0Number of asset objects unloaded after import = 0

========================================================================
Received Import Request.
  Time since last request: 0.000022 seconds.
  path: Assets/arena/saveScript.cs
  artifactKey: Guid(24a3bbdc3f46f264c8b8a7fba3283e09) Importer(815301076,1909f56bfc062723c751e8b465ee728b)
Start importing Assets/arena/saveScript.cs using Guid(24a3bbdc3f46f264c8b8a7fba3283e09) Importer(815301076,1909f56bfc062723c751e8b465ee728b) (PreviewImporter) -> (artifact id: '00000000000000000000000000000000') in 0.000805 seconds
Import Error Code:(4)
Message: Build asset version error: assets/arena/savescript.cs in SourceAssetDB has modification time of '2026-04-09T15:25:57.438422Z' while content on disk has modification time of '2026-04-09T15:26:01.9706472Z'
  ERROR: Build asset version error: assets/arena/savescript.cs in SourceAssetDB has modification time of '2026-04-09T15:25:57.438422Z' while content on disk has modification time of '2026-04-09T15:26:01.9706472Z'
Number of updated asset objects reloaded before import = 0Number of asset objects unloaded after import = 0

========================================================================
Received Import Request.
  Time since last request: 0.000027 seconds.
  path: Assets/arena/saveScript.cs
  artifactKey: Guid(24a3bbdc3f46f264c8b8a7fba3283e09) Importer(815301076,1909f56bfc062723c751e8b465ee728b)
Start importing Assets/arena/saveScript.cs using Guid(24a3bbdc3f46f264c8b8a7fba3283e09) Importer(815301076,1909f56bfc062723c751e8b465ee728b) (PreviewImporter) -> (artifact id: '00000000000000000000000000000000') in 0.000808 seconds
Import Error Code:(4)
Message: Build asset version error: assets/arena/savescript.cs in SourceAssetDB has modification time of '2026-04-09T15:25:57.438422Z' while content on disk has modification time of '2026-04-09T15:26:01.9706472Z'
  ERROR: Build asset version error: assets/arena/savescript.cs in SourceAssetDB has modification time of '2026-04-09T15:25:57.438422Z' while content on disk has modification time of '2026-04-09T15:26:01.9706472Z'
Number of updated asset objects reloaded before import = 0Number of asset objects unloaded after import = 0

========================================================================
Received Import Request.
  Time since last request: 0.000022 seconds.
  path: Assets/arena/saveScript.cs
  artifactKey: Guid(24a3bbdc3f46f264c8b8a7fba3283e09) Importer(815301076,1909f56bfc062723c751e8b465ee728b)
Start importing Assets/arena/saveScript.cs using Guid(24a3bbdc3f46f264c8b8a7fba3283e09) Importer(815301076,1909f56bfc062723c751e8b465ee728b) (PreviewImporter) -> (artifact id: '00000000000000000000000000000000') in 0.0007687 seconds
Import Error Code:(4)
Message: Build asset version error: assets/arena/savescript.cs in SourceAssetDB has modification time of '2026-04-09T15:25:57.438422Z' while content on disk has modification time of '2026-04-09T15:26:01.9706472Z'
  ERROR: Build asset version error: assets/arena/savescript.cs in SourceAssetDB has modification time of '2026-04-09T15:25:57.438422Z' while content on disk has modification time of '2026-04-09T15:26:01.9706472Z'
Number of updated asset objects reloaded before import = 0Number of asset objects unloaded after import = 0

========================================================================
Received Import Request.
  Time since last request: 0.000024 seconds.
  path: Assets/arena/saveScript.cs
  artifactKey: Guid(24a3bbdc3f46f264c8b8a7fba3283e09) Importer(815301076,1909f56bfc062723c751e8b465ee728b)
Start importing Assets/arena/saveScript.cs using Guid(24a3bbdc3f46f264c8b8a7fba3283e09) Importer(815301076,1909f56bfc062723c751e8b465ee728b) (PreviewImporter) -> (artifact id: '00000000000000000000000000000000') in 0.000771 seconds
Import Error Code:(4)
Message: Build asset version error: assets/arena/savescript.cs in SourceAssetDB has modification time of '2026-04-09T15:25:57.438422Z' while content on disk has modification time of '2026-04-09T15:26:01.9706472Z'
  ERROR: Build asset version error: assets/arena/savescript.cs in SourceAssetDB has modification time of '2026-04-09T15:25:57.438422Z' while content on disk has modification time of '2026-04-09T15:26:01.9706472Z'
Number of updated asset objects reloaded before import = 0Number of asset objects unloaded after import = 0

========================================================================
Received Import Request.
  Time since last request: 0.000034 seconds.
  path: Assets/arena/saveScript.cs
  artifactKey: Guid(24a3bbdc3f46f264c8b8a7fba3283e09) Importer(815301076,1909f56bfc062723c751e8b465ee728b)
Start importing Assets/arena/saveScript.cs using Guid(24a3bbdc3f46f264c8b8a7fba3283e09) Importer(815301076,1909f56bfc062723c751e8b465ee728b) (PreviewImporter) -> (artifact id: '00000000000000000000000000000000') in 0.00091 seconds
Import Error Code:(4)
Message: Build asset version error: assets/arena/savescript.cs in SourceAssetDB has modification time of '2026-04-09T15:25:57.438422Z' while content on disk has modification time of '2026-04-09T15:26:01.9706472Z'
  ERROR: Build asset version error: assets/arena/savescript.cs in SourceAssetDB has modification time of '2026-04-09T15:25:57.438422Z' while content on disk has modification time of '2026-04-09T15:26:01.9706472Z'
Number of updated asset objects reloaded before import = 0Number of asset objects unloaded after import = 0

========================================================================
Received Import Request.
  Time since last request: 0.000023 seconds.
  path: Assets/arena/saveScript.cs
  artifactKey: Guid(24a3bbdc3f46f264c8b8a7fba3283e09) Importer(815301076,1909f56bfc062723c751e8b465ee728b)
Start importing Assets/arena/saveScript.cs using Guid(24a3bbdc3f46f264c8b8a7fba3283e09) Importer(815301076,1909f56bfc062723c751e8b465ee728b) (PreviewImporter) -> (artifact id: '00000000000000000000000000000000') in 0.0007797 seconds
Import Error Code:(4)
Message: Build asset version error: assets/arena/savescript.cs in SourceAssetDB has modification time of '2026-04-09T15:25:57.438422Z' while content on disk has modification time of '2026-04-09T15:26:01.9706472Z'
  ERROR: Build asset version error: assets/arena/savescript.cs in SourceAssetDB has modification time of '2026-04-09T15:25:57.438422Z' while content on disk has modification time of '2026-04-09T15:26:01.9706472Z'
Number of updated asset objects reloaded before import = 0Number of asset objects unloaded after import = 0

========================================================================
Received Import Request.
  Time since last request: 0.000022 seconds.
  path: Assets/arena/saveScript.cs
  artifactKey: Guid(24a3bbdc3f46f264c8b8a7fba3283e09) Importer(815301076,1909f56bfc062723c751e8b465ee728b)
Start importing Assets/arena/saveScript.cs using Guid(24a3bbdc3f46f264c8b8a7fba3283e09) Importer(815301076,1909f56bfc062723c751e8b465ee728b) (PreviewImporter) -> (artifact id: '00000000000000000000000000000000') in 0.0008166 seconds
Import Error Code:(4)
Message: Build asset version error: assets/arena/savescript.cs in SourceAssetDB has modification time of '2026-04-09T15:25:57.438422Z' while content on disk has modification time of '2026-04-09T15:26:01.9706472Z'
  ERROR: Build asset version error: assets/arena/savescript.cs in SourceAssetDB has modification time of '2026-04-09T15:25:57.438422Z' while content on disk has modification time of '2026-04-09T15:26:01.9706472Z'
Number of updated asset objects reloaded before import = 0Number of asset objects unloaded after import = 0

========================================================================
Received Import Request.
  Time since last request: 0.000022 seconds.
  path: Assets/arena/saveScript.cs
  artifactKey: Guid(24a3bbdc3f46f264c8b8a7fba3283e09) Importer(815301076,1909f56bfc062723c751e8b465ee728b)
Start importing Assets/arena/saveScript.cs using Guid(24a3bbdc3f46f264c8b8a7fba3283e09) Importer(815301076,1909f56bfc062723c751e8b465ee728b) (PreviewImporter) -> (artifact id: '00000000000000000000000000000000') in 0.0007681 seconds
Import Error Code:(4)
Message: Build asset version error: assets/arena/savescript.cs in SourceAssetDB has modification time of '2026-04-09T15:25:57.438422Z' while content on disk has modification time of '2026-04-09T15:26:01.9706472Z'
  ERROR: Build asset version error: assets/arena/savescript.cs in SourceAssetDB has modification time of '2026-04-09T15:25:57.438422Z' while content on disk has modification time of '2026-04-09T15:26:01.9706472Z'
Number of updated asset objects reloaded before import = 0Number of asset objects unloaded after import = 0

========================================================================
Received Import Request.
  Time since last request: 0.000022 seconds.
  path: Assets/arena/saveScript.cs
  artifactKey: Guid(24a3bbdc3f46f264c8b8a7fba3283e09) Importer(815301076,1909f56bfc062723c751e8b465ee728b)
Start importing Assets/arena/saveScript.cs using Guid(24a3bbdc3f46f264c8b8a7fba3283e09) Importer(815301076,1909f56bfc062723c751e8b465ee728b) (PreviewImporter) -> (artifact id: '00000000000000000000000000000000') in 0.000833 seconds
Import Error Code:(4)
Message: Build asset version error: assets/arena/savescript.cs in SourceAssetDB has modification time of '2026-04-09T15:25:57.438422Z' while content on disk has modification time of '2026-04-09T15:26:01.9706472Z'
  ERROR: Build asset version error: assets/arena/savescript.cs in SourceAssetDB has modification time of '2026-04-09T15:25:57.438422Z' while content on disk has modification time of '2026-04-09T15:26:01.9706472Z'
Number of updated asset objects reloaded before import = 0Number of asset objects unloaded after import = 0

========================================================================
Received Import Request.
  Time since last request: 0.000024 seconds.
  path: Assets/arena/saveScript.cs
  artifactKey: Guid(24a3bbdc3f46f264c8b8a7fba3283e09) Importer(815301076,1909f56bfc062723c751e8b465ee728b)
Start importing Assets/arena/saveScript.cs using Guid(24a3bbdc3f46f264c8b8a7fba3283e09) Importer(815301076,1909f56bfc062723c751e8b465ee728b) (PreviewImporter) -> (artifact id: '00000000000000000000000000000000') in 0.0007573 seconds
Import Error Code:(4)
Message: Build asset version error: assets/arena/savescript.cs in SourceAssetDB has modification time of '2026-04-09T15:25:57.438422Z' while content on disk has modification time of '2026-04-09T15:26:01.9706472Z'
  ERROR: Build asset version error: assets/arena/savescript.cs in SourceAssetDB has modification time of '2026-04-09T15:25:57.438422Z' while content on disk has modification time of '2026-04-09T15:26:01.9706472Z'
Number of updated asset objects reloaded before import = 0Number of asset objects unloaded after import = 0

========================================================================
Received Import Request.
  Time since last request: 0.000032 seconds.
  path: Assets/arena/saveScript.cs
  artifactKey: Guid(24a3bbdc3f46f264c8b8a7fba3283e09) Importer(815301076,1909f56bfc062723c751e8b465ee728b)
Start importing Assets/arena/saveScript.cs using Guid(24a3bbdc3f46f264c8b8a7fba3283e09) Importer(815301076,1909f56bfc062723c751e8b465ee728b) (PreviewImporter) -> (artifact id: '00000000000000000000000000000000') in 0.0007948 seconds
Import Error Code:(4)
Message: Build asset version error: assets/arena/savescript.cs in SourceAssetDB has modification time of '2026-04-09T15:25:57.438422Z' while content on disk has modification time of '2026-04-09T15:26:01.9706472Z'
  ERROR: Build asset version error: assets/arena/savescript.cs in SourceAssetDB has modification time of '2026-04-09T15:25:57.438422Z' while content on disk has modification time of '2026-04-09T15:26:01.9706472Z'
Number of updated asset objects reloaded before import = 0Number of asset objects unloaded after import = 0

========================================================================
Received Import Request.
  Time since last request: 0.000022 seconds.
  path: Assets/arena/saveScript.cs
  artifactKey: Guid(24a3bbdc3f46f264c8b8a7fba3283e09) Importer(815301076,1909f56bfc062723c751e8b465ee728b)
Start importing Assets/arena/saveScript.cs using Guid(24a3bbdc3f46f264c8b8a7fba3283e09) Importer(815301076,1909f56bfc062723c751e8b465ee728b) (PreviewImporter) -> (artifact id: '00000000000000000000000000000000') in 0.0007762 seconds
Import Error Code:(4)
Message: Build asset version error: assets/arena/savescript.cs in SourceAssetDB has modification time of '2026-04-09T15:25:57.438422Z' while content on disk has modification time of '2026-04-09T15:26:01.9706472Z'
  ERROR: Build asset version error: assets/arena/savescript.cs in SourceAssetDB has modification time of '2026-04-09T15:25:57.438422Z' while content on disk has modification time of '2026-04-09T15:26:01.9706472Z'
Number of updated asset objects reloaded before import = 0Number of asset objects unloaded after import = 0

========================================================================
Received Import Request.
  Time since last request: 0.000023 seconds.
  path: Assets/arena/saveScript.cs
  artifactKey: Guid(24a3bbdc3f46f264c8b8a7fba3283e09) Importer(815301076,1909f56bfc062723c751e8b465ee728b)
Start importing Assets/arena/saveScript.cs using Guid(24a3bbdc3f46f264c8b8a7fba3283e09) Importer(815301076,1909f56bfc062723c751e8b465ee728b) (PreviewImporter) -> (artifact id: '00000000000000000000000000000000') in 0.0008763 seconds
Import Error Code:(4)
Message: Build asset version error: assets/arena/savescript.cs in SourceAssetDB has modification time of '2026-04-09T15:25:57.438422Z' while content on disk has modification time of '2026-04-09T15:26:01.9706472Z'
  ERROR: Build asset version error: assets/arena/savescript.cs in SourceAssetDB has modification time of '2026-04-09T15:25:57.438422Z' while content on disk has modification time of '2026-04-09T15:26:01.9706472Z'
Number of updated asset objects reloaded before import = 0Number of asset objects unloaded after import = 0

========================================================================
Received Import Request.
  Time since last request: 0.000024 seconds.
  path: Assets/arena/saveScript.cs
  artifactKey: Guid(24a3bbdc3f46f264c8b8a7fba3283e09) Importer(815301076,1909f56bfc062723c751e8b465ee728b)
Start importing Assets/arena/saveScript.cs using Guid(24a3bbdc3f46f264c8b8a7fba3283e09) Importer(815301076,1909f56bfc062723c751e8b465ee728b) (PreviewImporter) -> (artifact id: '00000000000000000000000000000000') in 0.0009024 seconds
Import Error Code:(4)
Message: Build asset version error: assets/arena/savescript.cs in SourceAssetDB has modification time of '2026-04-09T15:25:57.438422Z' while content on disk has modification time of '2026-04-09T15:26:01.9706472Z'
  ERROR: Build asset version error: assets/arena/savescript.cs in SourceAssetDB has modification time of '2026-04-09T15:25:57.438422Z' while content on disk has modification time of '2026-04-09T15:26:01.9706472Z'
Number of updated asset objects reloaded before import = 0Number of asset objects unloaded after import = 0

========================================================================
Received Import Request.
  Time since last request: 0.000022 seconds.
  path: Assets/arena/saveScript.cs
  artifactKey: Guid(24a3bbdc3f46f264c8b8a7fba3283e09) Importer(815301076,1909f56bfc062723c751e8b465ee728b)
Start importing Assets/arena/saveScript.cs using Guid(24a3bbdc3f46f264c8b8a7fba3283e09) Importer(815301076,1909f56bfc062723c751e8b465ee728b) (PreviewImporter) -> (artifact id: '00000000000000000000000000000000') in 0.0007778 seconds
Import Error Code:(4)
Message: Build asset version error: assets/arena/savescript.cs in SourceAssetDB has modification time of '2026-04-09T15:25:57.438422Z' while content on disk has modification time of '2026-04-09T15:26:01.9706472Z'
  ERROR: Build asset version error: assets/arena/savescript.cs in SourceAssetDB has modification time of '2026-04-09T15:25:57.438422Z' while content on disk has modification time of '2026-04-09T15:26:01.9706472Z'
Number of updated asset objects reloaded before import = 0Number of asset objects unloaded after import = 0

========================================================================
Received Import Request.
  Time since last request: 0.000032 seconds.
  path: Assets/arena/saveScript.cs
  artifactKey: Guid(24a3bbdc3f46f264c8b8a7fba3283e09) Importer(815301076,1909f56bfc062723c751e8b465ee728b)
Start importing Assets/arena/saveScript.cs using Guid(24a3bbdc3f46f264c8b8a7fba3283e09) Importer(815301076,1909f56bfc062723c751e8b465ee728b) (PreviewImporter) -> (artifact id: '00000000000000000000000000000000') in 0.0007748 seconds
Import Error Code:(4)
Message: Build asset version error: assets/arena/savescript.cs in SourceAssetDB has modification time of '2026-04-09T15:25:57.438422Z' while content on disk has modification time of '2026-04-09T15:26:34.4374517Z'
  ERROR: Build asset version error: assets/arena/savescript.cs in SourceAssetDB has modification time of '2026-04-09T15:25:57.438422Z' while content on disk has modification time of '2026-04-09T15:26:34.4374517Z'
Number of updated asset objects reloaded before import = 0Number of asset objects unloaded after import = 0

========================================================================
Received Import Request.
  Time since last request: 0.000035 seconds.
  path: Assets/arena/saveScript.cs
  artifactKey: Guid(24a3bbdc3f46f264c8b8a7fba3283e09) Importer(815301076,1909f56bfc062723c751e8b465ee728b)
Start importing Assets/arena/saveScript.cs using Guid(24a3bbdc3f46f264c8b8a7fba3283e09) Importer(815301076,1909f56bfc062723c751e8b465ee728b) (PreviewImporter) -> (artifact id: '00000000000000000000000000000000') in 0.0009253 seconds
Import Error Code:(4)
Message: Build asset version error: assets/arena/savescript.cs in SourceAssetDB has modification time of '2026-04-09T15:25:57.438422Z' while content on disk has modification time of '2026-04-09T15:26:34.4374517Z'
  ERROR: Build asset version error: assets/arena/savescript.cs in SourceAssetDB has modification time of '2026-04-09T15:25:57.438422Z' while content on disk has modification time of '2026-04-09T15:26:34.4374517Z'
Number of updated asset objects reloaded before import = 0Number of asset objects unloaded after import = 0

========================================================================
Received Import Request.
  Time since last request: 0.000023 seconds.
  path: Assets/arena/saveScript.cs
  artifactKey: Guid(24a3bbdc3f46f264c8b8a7fba3283e09) Importer(815301076,1909f56bfc062723c751e8b465ee728b)
Start importing Assets/arena/saveScript.cs using Guid(24a3bbdc3f46f264c8b8a7fba3283e09) Importer(815301076,1909f56bfc062723c751e8b465ee728b) (PreviewImporter) -> (artifact id: '00000000000000000000000000000000') in 0.0008704 seconds
Import Error Code:(4)
Message: Build asset version error: assets/arena/savescript.cs in SourceAssetDB has modification time of '2026-04-09T15:25:57.438422Z' while content on disk has modification time of '2026-04-09T15:26:34.4374517Z'
  ERROR: Build asset version error: assets/arena/savescript.cs in SourceAssetDB has modification time of '2026-04-09T15:25:57.438422Z' while content on disk has modification time of '2026-04-09T15:26:34.4374517Z'
Number of updated asset objects reloaded before import = 0Number of asset objects unloaded after import = 0

========================================================================
Received Import Request.
  Time since last request: 0.000022 seconds.
  path: Assets/arena/saveScript.cs
  artifactKey: Guid(24a3bbdc3f46f264c8b8a7fba3283e09) Importer(815301076,1909f56bfc062723c751e8b465ee728b)
Start importing Assets/arena/saveScript.cs using Guid(24a3bbdc3f46f264c8b8a7fba3283e09) Importer(815301076,1909f56bfc062723c751e8b465ee728b) (PreviewImporter) -> (artifact id: '00000000000000000000000000000000') in 0.0009486 seconds
Import Error Code:(4)
Message: Build asset version error: assets/arena/savescript.cs in SourceAssetDB has modification time of '2026-04-09T15:25:57.438422Z' while content on disk has modification time of '2026-04-09T15:26:34.4374517Z'
  ERROR: Build asset version error: assets/arena/savescript.cs in SourceAssetDB has modification time of '2026-04-09T15:25:57.438422Z' while content on disk has modification time of '2026-04-09T15:26:34.4374517Z'
Number of updated asset objects reloaded before import = 0Number of asset objects unloaded after import = 0

========================================================================
Received Import Request.
  Time since last request: 0.000023 seconds.
  path: Assets/arena/saveScript.cs
  artifactKey: Guid(24a3bbdc3f46f264c8b8a7fba3283e09) Importer(815301076,1909f56bfc062723c751e8b465ee728b)
Start importing Assets/arena/saveScript.cs using Guid(24a3bbdc3f46f264c8b8a7fba3283e09) Importer(815301076,1909f56bfc062723c751e8b465ee728b) (PreviewImporter) -> (artifact id: '00000000000000000000000000000000') in 0.0007887 seconds
Import Error Code:(4)
Message: Build asset version error: assets/arena/savescript.cs in SourceAssetDB has modification time of '2026-04-09T15:25:57.438422Z' while content on disk has modification time of '2026-04-09T15:26:34.4374517Z'
  ERROR: Build asset version error: assets/arena/savescript.cs in SourceAssetDB has modification time of '2026-04-09T15:25:57.438422Z' while content on disk has modification time of '2026-04-09T15:26:34.4374517Z'
Number of updated asset objects reloaded before import = 0Number of asset objects unloaded after import = 0

========================================================================
Received Import Request.
  Time since last request: 0.000022 seconds.
  path: Assets/arena/saveScript.cs
  artifactKey: Guid(24a3bbdc3f46f264c8b8a7fba3283e09) Importer(815301076,1909f56bfc062723c751e8b465ee728b)
Start importing Assets/arena/saveScript.cs using Guid(24a3bbdc3f46f264c8b8a7fba3283e09) Importer(815301076,1909f56bfc062723c751e8b465ee728b) (PreviewImporter) -> (artifact id: '00000000000000000000000000000000') in 0.0008195 seconds
Import Error Code:(4)
Message: Build asset version error: assets/arena/savescript.cs in SourceAssetDB has modification time of '2026-04-09T15:25:57.438422Z' while content on disk has modification time of '2026-04-09T15:26:34.4374517Z'
  ERROR: Build asset version error: assets/arena/savescript.cs in SourceAssetDB has modification time of '2026-04-09T15:25:57.438422Z' while content on disk has modification time of '2026-04-09T15:26:34.4374517Z'
Number of updated asset objects reloaded before import = 0Number of asset objects unloaded after import = 0

========================================================================
Received Import Request.
  Time since last request: 0.000025 seconds.
  path: Assets/arena/saveScript.cs
  artifactKey: Guid(24a3bbdc3f46f264c8b8a7fba3283e09) Importer(815301076,1909f56bfc062723c751e8b465ee728b)
Start importing Assets/arena/saveScript.cs using Guid(24a3bbdc3f46f264c8b8a7fba3283e09) Importer(815301076,1909f56bfc062723c751e8b465ee728b) (PreviewImporter) -> (artifact id: '00000000000000000000000000000000') in 0.000906 seconds
Import Error Code:(4)
Message: Build asset version error: assets/arena/savescript.cs in SourceAssetDB has modification time of '2026-04-09T15:25:57.438422Z' while content on disk has modification time of '2026-04-09T15:26:34.4374517Z'
  ERROR: Build asset version error: assets/arena/savescript.cs in SourceAssetDB has modification time of '2026-04-09T15:25:57.438422Z' while content on disk has modification time of '2026-04-09T15:26:34.4374517Z'
Number of updated asset objects reloaded before import = 0Number of asset objects unloaded after import = 0

========================================================================
Received Import Request.
  Time since last request: 0.000033 seconds.
  path: Assets/arena/saveScript.cs
  artifactKey: Guid(24a3bbdc3f46f264c8b8a7fba3283e09) Importer(815301076,1909f56bfc062723c751e8b465ee728b)
Start importing Assets/arena/saveScript.cs using Guid(24a3bbdc3f46f264c8b8a7fba3283e09) Importer(815301076,1909f56bfc062723c751e8b465ee728b) (PreviewImporter) -> (artifact id: '00000000000000000000000000000000') in 0.001041 seconds
Import Error Code:(4)
Message: Build asset version error: assets/arena/savescript.cs in SourceAssetDB has modification time of '2026-04-09T15:25:57.438422Z' while content on disk has modification time of '2026-04-09T15:26:34.4374517Z'
  ERROR: Build asset version error: assets/arena/savescript.cs in SourceAssetDB has modification time of '2026-04-09T15:25:57.438422Z' while content on disk has modification time of '2026-04-09T15:26:34.4374517Z'
Number of updated asset objects reloaded before import = 0Number of asset objects unloaded after import = 0

========================================================================
Received Import Request.
  Time since last request: 0.000020 seconds.
  path: Assets/arena/saveScript.cs
  artifactKey: Guid(24a3bbdc3f46f264c8b8a7fba3283e09) Importer(815301076,1909f56bfc062723c751e8b465ee728b)
Start importing Assets/arena/saveScript.cs using Guid(24a3bbdc3f46f264c8b8a7fba3283e09) Importer(815301076,1909f56bfc062723c751e8b465ee728b) (PreviewImporter) -> (artifact id: '00000000000000000000000000000000') in 0.0008068 seconds
Import Error Code:(4)
Message: Build asset version error: assets/arena/savescript.cs in SourceAssetDB has modification time of '2026-04-09T15:25:57.438422Z' while content on disk has modification time of '2026-04-09T15:26:34.4374517Z'
  ERROR: Build asset version error: assets/arena/savescript.cs in SourceAssetDB has modification time of '2026-04-09T15:25:57.438422Z' while content on disk has modification time of '2026-04-09T15:26:34.4374517Z'
Number of updated asset objects reloaded before import = 0Number of asset objects unloaded after import = 0

========================================================================
Received Import Request.
  Time since last request: 0.000027 seconds.
  path: Assets/arena/saveScript.cs
  artifactKey: Guid(24a3bbdc3f46f264c8b8a7fba3283e09) Importer(815301076,1909f56bfc062723c751e8b465ee728b)
Start importing Assets/arena/saveScript.cs using Guid(24a3bbdc3f46f264c8b8a7fba3283e09) Importer(815301076,1909f56bfc062723c751e8b465ee728b) (PreviewImporter) -> (artifact id: '00000000000000000000000000000000') in 0.0008953 seconds
Import Error Code:(4)
Message: Build asset version error: assets/arena/savescript.cs in SourceAssetDB has modification time of '2026-04-09T15:25:57.438422Z' while content on disk has modification time of '2026-04-09T15:26:34.4374517Z'
  ERROR: Build asset version error: assets/arena/savescript.cs in SourceAssetDB has modification time of '2026-04-09T15:25:57.438422Z' while content on disk has modification time of '2026-04-09T15:26:34.4374517Z'
Number of updated asset objects reloaded before import = 0Number of asset objects unloaded after import = 0

========================================================================
Received Import Request.
  Time since last request: 0.000028 seconds.
  path: Assets/arena/saveScript.cs
  artifactKey: Guid(24a3bbdc3f46f264c8b8a7fba3283e09) Importer(815301076,1909f56bfc062723c751e8b465ee728b)
Start importing Assets/arena/saveScript.cs using Guid(24a3bbdc3f46f264c8b8a7fba3283e09) Importer(815301076,1909f56bfc062723c751e8b465ee728b) (PreviewImporter) -> (artifact id: '00000000000000000000000000000000') in 0.0007779 seconds
Import Error Code:(4)
Message: Build asset version error: assets/arena/savescript.cs in SourceAssetDB has modification time of '2026-04-09T15:25:57.438422Z' while content on disk has modification time of '2026-04-09T15:26:34.4374517Z'
  ERROR: Build asset version error: assets/arena/savescript.cs in SourceAssetDB has modification time of '2026-04-09T15:25:57.438422Z' while content on disk has modification time of '2026-04-09T15:26:34.4374517Z'
Number of updated asset objects reloaded before import = 0Number of asset objects unloaded after import = 0

========================================================================
Received Import Request.
  Time since last request: 0.000025 seconds.
  path: Assets/arena/saveScript.cs
  artifactKey: Guid(24a3bbdc3f46f264c8b8a7fba3283e09) Importer(815301076,1909f56bfc062723c751e8b465ee728b)
Start importing Assets/arena/saveScript.cs using Guid(24a3bbdc3f46f264c8b8a7fba3283e09) Importer(815301076,1909f56bfc062723c751e8b465ee728b) (PreviewImporter) -> (artifact id: '00000000000000000000000000000000') in 0.0007779 seconds
Import Error Code:(4)
Message: Build asset version error: assets/arena/savescript.cs in SourceAssetDB has modification time of '2026-04-09T15:25:57.438422Z' while content on disk has modification time of '2026-04-09T15:26:34.4374517Z'
  ERROR: Build asset version error: assets/arena/savescript.cs in SourceAssetDB has modification time of '2026-04-09T15:25:57.438422Z' while content on disk has modification time of '2026-04-09T15:26:34.4374517Z'
Number of updated asset objects reloaded before import = 0Number of asset objects unloaded after import = 0

========================================================================
Received Import Request.
  Time since last request: 0.000036 seconds.
  path: Assets/arena/saveScript.cs
  artifactKey: Guid(24a3bbdc3f46f264c8b8a7fba3283e09) Importer(815301076,1909f56bfc062723c751e8b465ee728b)
Start importing Assets/arena/saveScript.cs using Guid(24a3bbdc3f46f264c8b8a7fba3283e09) Importer(815301076,1909f56bfc062723c751e8b465ee728b) (PreviewImporter) -> (artifact id: '00000000000000000000000000000000') in 0.0008483 seconds
Import Error Code:(4)
Message: Build asset version error: assets/arena/savescript.cs in SourceAssetDB has modification time of '2026-04-09T15:25:57.438422Z' while content on disk has modification time of '2026-04-09T15:26:34.4374517Z'
  ERROR: Build asset version error: assets/arena/savescript.cs in SourceAssetDB has modification time of '2026-04-09T15:25:57.438422Z' while content on disk has modification time of '2026-04-09T15:26:34.4374517Z'
Number of updated asset objects reloaded before import = 0Number of asset objects unloaded after import = 0

========================================================================
Received Import Request.
  Time since last request: 0.000023 seconds.
  path: Assets/arena/saveScript.cs
  artifactKey: Guid(24a3bbdc3f46f264c8b8a7fba3283e09) Importer(815301076,1909f56bfc062723c751e8b465ee728b)
Start importing Assets/arena/saveScript.cs using Guid(24a3bbdc3f46f264c8b8a7fba3283e09) Importer(815301076,1909f56bfc062723c751e8b465ee728b) (PreviewImporter) -> (artifact id: '00000000000000000000000000000000') in 0.0008787 seconds
Import Error Code:(4)
Message: Build asset version error: assets/arena/savescript.cs in SourceAssetDB has modification time of '2026-04-09T15:25:57.438422Z' while content on disk has modification time of '2026-04-09T15:26:34.4374517Z'
  ERROR: Build asset version error: assets/arena/savescript.cs in SourceAssetDB has modification time of '2026-04-09T15:25:57.438422Z' while content on disk has modification time of '2026-04-09T15:26:34.4374517Z'
Number of updated asset objects reloaded before import = 0Number of asset objects unloaded after import = 0

========================================================================
Received Import Request.
  Time since last request: 0.000024 seconds.
  path: Assets/arena/saveScript.cs
  artifactKey: Guid(24a3bbdc3f46f264c8b8a7fba3283e09) Importer(815301076,1909f56bfc062723c751e8b465ee728b)
Start importing Assets/arena/saveScript.cs using Guid(24a3bbdc3f46f264c8b8a7fba3283e09) Importer(815301076,1909f56bfc062723c751e8b465ee728b) (PreviewImporter) -> (artifact id: '00000000000000000000000000000000') in 0.0007825 seconds
Import Error Code:(4)
Message: Build asset version error: assets/arena/savescript.cs in SourceAssetDB has modification time of '2026-04-09T15:25:57.438422Z' while content on disk has modification time of '2026-04-09T15:26:34.4374517Z'
  ERROR: Build asset version error: assets/arena/savescript.cs in SourceAssetDB has modification time of '2026-04-09T15:25:57.438422Z' while content on disk has modification time of '2026-04-09T15:26:34.4374517Z'
Number of updated asset objects reloaded before import = 0Number of asset objects unloaded after import = 0

========================================================================
Received Import Request.
  Time since last request: 0.000022 seconds.
  path: Assets/arena/saveScript.cs
  artifactKey: Guid(24a3bbdc3f46f264c8b8a7fba3283e09) Importer(815301076,1909f56bfc062723c751e8b465ee728b)
Start importing Assets/arena/saveScript.cs using Guid(24a3bbdc3f46f264c8b8a7fba3283e09) Importer(815301076,1909f56bfc062723c751e8b465ee728b) (PreviewImporter) -> (artifact id: '00000000000000000000000000000000') in 0.0007933 seconds
Import Error Code:(4)
Message: Build asset version error: assets/arena/savescript.cs in SourceAssetDB has modification time of '2026-04-09T15:25:57.438422Z' while content on disk has modification time of '2026-04-09T15:26:34.4374517Z'
  ERROR: Build asset version error: assets/arena/savescript.cs in SourceAssetDB has modification time of '2026-04-09T15:25:57.438422Z' while content on disk has modification time of '2026-04-09T15:26:34.4374517Z'
Number of updated asset objects reloaded before import = 0Number of asset objects unloaded after import = 0

========================================================================
Received Import Request.
  Time since last request: 0.000025 seconds.
  path: Assets/arena/saveScript.cs
  artifactKey: Guid(24a3bbdc3f46f264c8b8a7fba3283e09) Importer(815301076,1909f56bfc062723c751e8b465ee728b)
Start importing Assets/arena/saveScript.cs using Guid(24a3bbdc3f46f264c8b8a7fba3283e09) Importer(815301076,1909f56bfc062723c751e8b465ee728b) (PreviewImporter) -> (artifact id: '00000000000000000000000000000000') in 0.0008196 seconds
Import Error Code:(4)
Message: Build asset version error: assets/arena/savescript.cs in SourceAssetDB has modification time of '2026-04-09T15:25:57.438422Z' while content on disk has modification time of '2026-04-09T15:26:34.4374517Z'
  ERROR: Build asset version error: assets/arena/savescript.cs in SourceAssetDB has modification time of '2026-04-09T15:25:57.438422Z' while content on disk has modification time of '2026-04-09T15:26:34.4374517Z'
Number of updated asset objects reloaded before import = 0Number of asset objects unloaded after import = 0

========================================================================
Received Import Request.
  Time since last request: 0.000035 seconds.
  path: Assets/arena/saveScript.cs
  artifactKey: Guid(24a3bbdc3f46f264c8b8a7fba3283e09) Importer(815301076,1909f56bfc062723c751e8b465ee728b)
Start importing Assets/arena/saveScript.cs using Guid(24a3bbdc3f46f264c8b8a7fba3283e09) Importer(815301076,1909f56bfc062723c751e8b465ee728b) (PreviewImporter) -> (artifact id: '00000000000000000000000000000000') in 0.0009121 seconds
Import Error Code:(4)
Message: Build asset version error: assets/arena/savescript.cs in SourceAssetDB has modification time of '2026-04-09T15:25:57.438422Z' while content on disk has modification time of '2026-04-09T15:26:34.4374517Z'
  ERROR: Build asset version error: assets/arena/savescript.cs in SourceAssetDB has modification time of '2026-04-09T15:25:57.438422Z' while content on disk has modification time of '2026-04-09T15:26:34.4374517Z'
Number of updated asset objects reloaded before import = 0Number of asset objects unloaded after import = 0

========================================================================
Received Import Request.
  Time since last request: 0.000021 seconds.
  path: Assets/arena/saveScript.cs
  artifactKey: Guid(24a3bbdc3f46f264c8b8a7fba3283e09) Importer(815301076,1909f56bfc062723c751e8b465ee728b)
Start importing Assets/arena/saveScript.cs using Guid(24a3bbdc3f46f264c8b8a7fba3283e09) Importer(815301076,1909f56bfc062723c751e8b465ee728b) (PreviewImporter) -> (artifact id: '00000000000000000000000000000000') in 0.0008497 seconds
Import Error Code:(4)
Message: Build asset version error: assets/arena/savescript.cs in SourceAssetDB has modification time of '2026-04-09T15:25:57.438422Z' while content on disk has modification time of '2026-04-09T15:26:34.4374517Z'
  ERROR: Build asset version error: assets/arena/savescript.cs in SourceAssetDB has modification time of '2026-04-09T15:25:57.438422Z' while content on disk has modification time of '2026-04-09T15:26:34.4374517Z'
Number of updated asset objects reloaded before import = 0Number of asset objects unloaded after import = 0

========================================================================
Received Import Request.
  Time since last request: 0.000024 seconds.
  path: Assets/arena/saveScript.cs
  artifactKey: Guid(24a3bbdc3f46f264c8b8a7fba3283e09) Importer(815301076,1909f56bfc062723c751e8b465ee728b)
Start importing Assets/arena/saveScript.cs using Guid(24a3bbdc3f46f264c8b8a7fba3283e09) Importer(815301076,1909f56bfc062723c751e8b465ee728b) (PreviewImporter) -> (artifact id: '00000000000000000000000000000000') in 0.0010879 seconds
Import Error Code:(4)
Message: Build asset version error: assets/arena/savescript.cs in SourceAssetDB has modification time of '2026-04-09T15:25:57.438422Z' while content on disk has modification time of '2026-04-09T15:26:34.4374517Z'
  ERROR: Build asset version error: assets/arena/savescript.cs in SourceAssetDB has modification time of '2026-04-09T15:25:57.438422Z' while content on disk has modification time of '2026-04-09T15:26:34.4374517Z'
Number of updated asset objects reloaded before import = 0Number of asset objects unloaded after import = 0

========================================================================
Received Prepare
Refreshing native plugins compatible for Editor in 1.82 ms, found 3 plugins.
Preloading 0 native plugins for Editor in 0.00 ms.
Unloading 26 Unused Serialized files (Serialized files now loaded: 0)
Unloading 5923 unused Assets / (7.8 MB). Loaded Objects now: 6962.
Memory consumption went from 192.4 MB to 184.7 MB.
Total: 26.848300 ms (FindLiveObjects: 1.354800 ms CreateObjectMapping: 1.351500 ms MarkObjects: 11.745100 ms  DeleteObjects: 12.394700 ms)

Prepare: number of updated asset objects reloaded= 0
========================================================================
Received Import Request.
  Time since last request: 2.401300 seconds.
  path: Assets/arena/saveScript.cs
  artifactKey: Guid(24a3bbdc3f46f264c8b8a7fba3283e09) Importer(815301076,1909f56bfc062723c751e8b465ee728b)
Start importing Assets/arena/saveScript.cs using Guid(24a3bbdc3f46f264c8b8a7fba3283e09) Importer(815301076,1909f56bfc062723c751e8b465ee728b) (PreviewImporter) -> (artifact id: '88a60f25bace249fe678c33bf0ac6261') in 0.0032032 seconds
Number of updated asset objects reloaded before import = 0Number of asset objects unloaded after import = 0

========================================================================
Received Prepare
Refreshing native plugins compatible for Editor in 1.88 ms, found 3 plugins.
Preloading 0 native plugins for Editor in 0.00 ms.
Unloading 26 Unused Serialized files (Serialized files now loaded: 0)
Unloading 5922 unused Assets / (5.4 MB). Loaded Objects now: 6961.
Memory consumption went from 192.5 MB to 187.1 MB.
Total: 20.358600 ms (FindLiveObjects: 1.392900 ms CreateObjectMapping: 1.044800 ms MarkObjects: 10.521900 ms  DeleteObjects: 7.397000 ms)

Prepare: number of updated asset objects reloaded= 0
========================================================================
Received Prepare
Begin MonoManager ReloadAssembly
- Loaded All Assemblies, in  1.614 seconds
Refreshing native plugins compatible for Editor in 1.51 ms, found 3 plugins.
Native extension for Android target not found
Native extension for WindowsStandalone target not found
Mono: successfully reloaded assembly
- Finished resetting the current domain, in  1.591 seconds
Domain Reload Profiling: 3206ms
	BeginReloadAssembly (464ms)
		ExecutionOrderSort (0ms)
		DisableScriptedObjects (17ms)
		BackupInstance (0ms)
		ReleaseScriptingObjects (0ms)
		CreateAndSetChildDomain (95ms)
	RebuildCommonClasses (107ms)
	RebuildNativeTypeToScriptingClass (34ms)
	initialDomainReloadingComplete (59ms)
	LoadAllAssembliesAndSetupDomain (949ms)
		LoadAssemblies (745ms)
		RebuildTransferFunctionScriptingTraits (0ms)
		AnalyzeDomain (472ms)
			TypeCache.Refresh (22ms)
				TypeCache.ScanAssembly (1ms)
			BuildScriptInfoCaches (414ms)
			ResolveRequiredComponents (31ms)
	FinalizeReload (1592ms)
		ReleaseScriptCaches (0ms)
		RebuildScriptCaches (0ms)
		SetupLoadedEditorAssemblies (1155ms)
			LogAssemblyErrors (0ms)
			InitializePlatformSupportModulesInManaged (23ms)
			SetLoadedEditorAssemblies (8ms)
			BeforeProcessingInitializeOnLoad (231ms)
			ProcessInitializeOnLoadAttributes (777ms)
			ProcessInitializeOnLoadMethodAttributes (108ms)
			AfterProcessingInitializeOnLoad (7ms)
			EditorAssembliesLoaded (0ms)
		ExecutionOrderSort2 (0ms)
		AwakeInstancesAfterBackupRestoration (31ms)
Refreshing native plugins compatible for Editor in 1.66 ms, found 3 plugins.
Preloading 0 native plugins for Editor in 0.00 ms.
Unloading 26 Unused Serialized files (Serialized files now loaded: 0)
Unloading 5928 unused Assets / (6.6 MB). Loaded Objects now: 6963.
Memory consumption went from 192.3 MB to 185.7 MB.
Total: 21.734000 ms (FindLiveObjects: 1.379700 ms CreateObjectMapping: 1.266500 ms MarkObjects: 10.743700 ms  DeleteObjects: 8.342000 ms)

Prepare: number of updated asset objects reloaded= 0
========================================================================
Received Prepare
Refreshing native plugins compatible for Editor in 1.28 ms, found 3 plugins.
Preloading 0 native plugins for Editor in 0.00 ms.
Unloading 26 Unused Serialized files (Serialized files now loaded: 0)
Unloading 5923 unused Assets / (8.3 MB). Loaded Objects now: 6964.
Memory consumption went from 192.5 MB to 184.1 MB.
Total: 26.455800 ms (FindLiveObjects: 1.222000 ms CreateObjectMapping: 0.895300 ms MarkObjects: 10.084300 ms  DeleteObjects: 14.252500 ms)

Prepare: number of updated asset objects reloaded= 0
========================================================================
Received Import Request.
  Time since last request: 291.018888 seconds.
  path: Assets/arena/ScoreManager.cs
  artifactKey: Guid(2770bf38b9856174cba5d1cd5326d32e) Importer(815301076,1909f56bfc062723c751e8b465ee728b)
Start importing Assets/arena/ScoreManager.cs using Guid(2770bf38b9856174cba5d1cd5326d32e) Importer(815301076,1909f56bfc062723c751e8b465ee728b) (PreviewImporter) -> (artifact id: '79f425639909a6cfb8eb0328b041f6ac') in 0.0158712 seconds
Number of updated asset objects reloaded before import = 0Number of asset objects unloaded after import = 0

========================================================================
Received Prepare
Begin MonoManager ReloadAssembly
- Loaded All Assemblies, in  1.544 seconds
Refreshing native plugins compatible for Editor in 1.20 ms, found 3 plugins.
Native extension for Android target not found
Native extension for WindowsStandalone target not found
Mono: successfully reloaded assembly
- Finished resetting the current domain, in  1.611 seconds
Domain Reload Profiling: 3157ms
	BeginReloadAssembly (381ms)
		ExecutionOrderSort (0ms)
		DisableScriptedObjects (13ms)
		BackupInstance (0ms)
		ReleaseScriptingObjects (0ms)
		CreateAndSetChildDomain (84ms)
	RebuildCommonClasses (95ms)
	RebuildNativeTypeToScriptingClass (35ms)
	initialDomainReloadingComplete (56ms)
	LoadAllAssembliesAndSetupDomain (978ms)
		LoadAssemblies (691ms)
		RebuildTransferFunctionScriptingTraits (0ms)
		AnalyzeDomain (495ms)
			TypeCache.Refresh (27ms)
				TypeCache.ScanAssembly (1ms)
			BuildScriptInfoCaches (438ms)
			ResolveRequiredComponents (25ms)
	FinalizeReload (1612ms)
		ReleaseScriptCaches (0ms)
		RebuildScriptCaches (0ms)
		SetupLoadedEditorAssemblies (1178ms)
			LogAssemblyErrors (0ms)
			InitializePlatformSupportModulesInManaged (23ms)
			SetLoadedEditorAssemblies (8ms)
			BeforeProcessingInitializeOnLoad (233ms)
			ProcessInitializeOnLoadAttributes (797ms)
			ProcessInitializeOnLoadMethodAttributes (109ms)
			AfterProcessingInitializeOnLoad (7ms)
			EditorAssembliesLoaded (0ms)
		ExecutionOrderSort2 (0ms)
		AwakeInstancesAfterBackupRestoration (31ms)
Refreshing native plugins compatible for Editor in 3.05 ms, found 3 plugins.
Preloading 0 native plugins for Editor in 0.00 ms.
Unloading 26 Unused Serialized files (Serialized files now loaded: 0)
Unloading 5929 unused Assets / (6.8 MB). Loaded Objects now: 6966.
Memory consumption went from 192.3 MB to 185.5 MB.
Total: 21.374400 ms (FindLiveObjects: 1.361500 ms CreateObjectMapping: 1.092900 ms MarkObjects: 10.078800 ms  DeleteObjects: 8.838400 ms)

Prepare: number of updated asset objects reloaded= 0
========================================================================
Received Import Request.
  Time since last request: 16.106151 seconds.
  path: Assets/arena/ScoreManager.cs
  artifactKey: Guid(2770bf38b9856174cba5d1cd5326d32e) Importer(815301076,1909f56bfc062723c751e8b465ee728b)
Start importing Assets/arena/ScoreManager.cs using Guid(2770bf38b9856174cba5d1cd5326d32e) Importer(815301076,1909f56bfc062723c751e8b465ee728b) (PreviewImporter) -> (artifact id: '00000000000000000000000000000000') in 0.0043653 seconds
Import Error Code:(4)
Message: Build asset version error: assets/arena/scoremanager.cs in SourceAssetDB has modification time of '2026-04-09T15:31:27.6131237Z' while content on disk has modification time of '2026-04-09T15:31:39.8902584Z'
  ERROR: Build asset version error: assets/arena/scoremanager.cs in SourceAssetDB has modification time of '2026-04-09T15:31:27.6131237Z' while content on disk has modification time of '2026-04-09T15:31:39.8902584Z'
Number of updated asset objects reloaded before import = 0Number of asset objects unloaded after import = 0

========================================================================
Received Import Request.
  Time since last request: 0.000028 seconds.
  path: Assets/arena/ScoreManager.cs
  artifactKey: Guid(2770bf38b9856174cba5d1cd5326d32e) Importer(815301076,1909f56bfc062723c751e8b465ee728b)
Start importing Assets/arena/ScoreManager.cs using Guid(2770bf38b9856174cba5d1cd5326d32e) Importer(815301076,1909f56bfc062723c751e8b465ee728b) (PreviewImporter) -> (artifact id: '00000000000000000000000000000000') in 0.0010056 seconds
Import Error Code:(4)
Message: Build asset version error: assets/arena/scoremanager.cs in SourceAssetDB has modification time of '2026-04-09T15:31:27.6131237Z' while content on disk has modification time of '2026-04-09T15:31:39.8902584Z'
  ERROR: Build asset version error: assets/arena/scoremanager.cs in SourceAssetDB has modification time of '2026-04-09T15:31:27.6131237Z' while content on disk has modification time of '2026-04-09T15:31:39.8902584Z'
Number of updated asset objects reloaded before import = 0Number of asset objects unloaded after import = 0

========================================================================
Received Import Request.
  Time since last request: 0.253698 seconds.
  path: Assets/arena/ScoreManager.cs
  artifactKey: Guid(2770bf38b9856174cba5d1cd5326d32e) Importer(815301076,1909f56bfc062723c751e8b465ee728b)
Start importing Assets/arena/ScoreManager.cs using Guid(2770bf38b9856174cba5d1cd5326d32e) Importer(815301076,1909f56bfc062723c751e8b465ee728b) (PreviewImporter) -> (artifact id: '00000000000000000000000000000000') in 0.0010677 seconds
Import Error Code:(4)
Message: Build asset version error: assets/arena/scoremanager.cs in SourceAssetDB has modification time of '2026-04-09T15:31:27.6131237Z' while content on disk has modification time of '2026-04-09T15:31:39.8902584Z'
  ERROR: Build asset version error: assets/arena/scoremanager.cs in SourceAssetDB has modification time of '2026-04-09T15:31:27.6131237Z' while content on disk has modification time of '2026-04-09T15:31:39.8902584Z'
Number of updated asset objects reloaded before import = 0Number of asset objects unloaded after import = 0

========================================================================
Received Import Request.
  Time since last request: 0.000028 seconds.
  path: Assets/arena/ScoreManager.cs
  artifactKey: Guid(2770bf38b9856174cba5d1cd5326d32e) Importer(815301076,1909f56bfc062723c751e8b465ee728b)
Start importing Assets/arena/ScoreManager.cs using Guid(2770bf38b9856174cba5d1cd5326d32e) Importer(815301076,1909f56bfc062723c751e8b465ee728b) (PreviewImporter) -> (artifact id: '00000000000000000000000000000000') in 0.0009648 seconds
Import Error Code:(4)
Message: Build asset version error: assets/arena/scoremanager.cs in SourceAssetDB has modification time of '2026-04-09T15:31:27.6131237Z' while content on disk has modification time of '2026-04-09T15:31:39.8902584Z'
  ERROR: Build asset version error: assets/arena/scoremanager.cs in SourceAssetDB has modification time of '2026-04-09T15:31:27.6131237Z' while content on disk has modification time of '2026-04-09T15:31:39.8902584Z'
Number of updated asset objects reloaded before import = 0Number of asset objects unloaded after import = 0

========================================================================
Received Import Request.
  Time since last request: 0.000022 seconds.
  path: Assets/arena/ScoreManager.cs
  artifactKey: Guid(2770bf38b9856174cba5d1cd5326d32e) Importer(815301076,1909f56bfc062723c751e8b465ee728b)
Start importing Assets/arena/ScoreManager.cs using Guid(2770bf38b9856174cba5d1cd5326d32e) Importer(815301076,1909f56bfc062723c751e8b465ee728b) (PreviewImporter) -> (artifact id: '00000000000000000000000000000000') in 0.0008137 seconds
Import Error Code:(4)
Message: Build asset version error: assets/arena/scoremanager.cs in SourceAssetDB has modification time of '2026-04-09T15:31:27.6131237Z' while content on disk has modification time of '2026-04-09T15:31:39.8902584Z'
  ERROR: Build asset version error: assets/arena/scoremanager.cs in SourceAssetDB has modification time of '2026-04-09T15:31:27.6131237Z' while content on disk has modification time of '2026-04-09T15:31:39.8902584Z'
Number of updated asset objects reloaded before import = 0Number of asset objects unloaded after import = 0

========================================================================
Received Import Request.
  Time since last request: 0.000025 seconds.
  path: Assets/arena/ScoreManager.cs
  artifactKey: Guid(2770bf38b9856174cba5d1cd5326d32e) Importer(815301076,1909f56bfc062723c751e8b465ee728b)
Start importing Assets/arena/ScoreManager.cs using Guid(2770bf38b9856174cba5d1cd5326d32e) Importer(815301076,1909f56bfc062723c751e8b465ee728b) (PreviewImporter) -> (artifact id: '00000000000000000000000000000000') in 0.0009071 seconds
Import Error Code:(4)
Message: Build asset version error: assets/arena/scoremanager.cs in SourceAssetDB has modification time of '2026-04-09T15:31:27.6131237Z' while content on disk has modification time of '2026-04-09T15:31:39.8902584Z'
  ERROR: Build asset version error: assets/arena/scoremanager.cs in SourceAssetDB has modification time of '2026-04-09T15:31:27.6131237Z' while content on disk has modification time of '2026-04-09T15:31:39.8902584Z'
Number of updated asset objects reloaded before import = 0Number of asset objects unloaded after import = 0

========================================================================
Received Import Request.
  Time since last request: 0.000034 seconds.
  path: Assets/arena/ScoreManager.cs
  artifactKey: Guid(2770bf38b9856174cba5d1cd5326d32e) Importer(815301076,1909f56bfc062723c751e8b465ee728b)
Start importing Assets/arena/ScoreManager.cs using Guid(2770bf38b9856174cba5d1cd5326d32e) Importer(815301076,1909f56bfc062723c751e8b465ee728b) (PreviewImporter) -> (artifact id: '00000000000000000000000000000000') in 0.0008826 seconds
Import Error Code:(4)
Message: Build asset version error: assets/arena/scoremanager.cs in SourceAssetDB has modification time of '2026-04-09T15:31:27.6131237Z' while content on disk has modification time of '2026-04-09T15:31:39.8902584Z'
  ERROR: Build asset version error: assets/arena/scoremanager.cs in SourceAssetDB has modification time of '2026-04-09T15:31:27.6131237Z' while content on disk has modification time of '2026-04-09T15:31:39.8902584Z'
Number of updated asset objects reloaded before import = 0Number of asset objects unloaded after import = 0

========================================================================
Received Import Request.
  Time since last request: 0.000023 seconds.
  path: Assets/arena/ScoreManager.cs
  artifactKey: Guid(2770bf38b9856174cba5d1cd5326d32e) Importer(815301076,1909f56bfc062723c751e8b465ee728b)
Start importing Assets/arena/ScoreManager.cs using Guid(2770bf38b9856174cba5d1cd5326d32e) Importer(815301076,1909f56bfc062723c751e8b465ee728b) (PreviewImporter) -> (artifact id: '00000000000000000000000000000000') in 0.0008178 seconds
Import Error Code:(4)
Message: Build asset version error: assets/arena/scoremanager.cs in SourceAssetDB has modification time of '2026-04-09T15:31:27.6131237Z' while content on disk has modification time of '2026-04-09T15:31:39.8902584Z'
  ERROR: Build asset version error: assets/arena/scoremanager.cs in SourceAssetDB has modification time of '2026-04-09T15:31:27.6131237Z' while content on disk has modification time of '2026-04-09T15:31:39.8902584Z'
Number of updated asset objects reloaded before import = 0Number of asset objects unloaded after import = 0

========================================================================
Received Import Request.
  Time since last request: 0.000023 seconds.
  path: Assets/arena/ScoreManager.cs
  artifactKey: Guid(2770bf38b9856174cba5d1cd5326d32e) Importer(815301076,1909f56bfc062723c751e8b465ee728b)
Start importing Assets/arena/ScoreManager.cs using Guid(2770bf38b9856174cba5d1cd5326d32e) Importer(815301076,1909f56bfc062723c751e8b465ee728b) (PreviewImporter) -> (artifact id: '00000000000000000000000000000000') in 0.0008193 seconds
Import Error Code:(4)
Message: Build asset version error: assets/arena/scoremanager.cs in SourceAssetDB has modification time of '2026-04-09T15:31:27.6131237Z' while content on disk has modification time of '2026-04-09T15:31:39.8902584Z'
  ERROR: Build asset version error: assets/arena/scoremanager.cs in SourceAssetDB has modification time of '2026-04-09T15:31:27.6131237Z' while content on disk has modification time of '2026-04-09T15:31:39.8902584Z'
Number of updated asset objects reloaded before import = 0Number of asset objects unloaded after import = 0

========================================================================
Received Import Request.
  Time since last request: 0.000036 seconds.
  path: Assets/arena/ScoreManager.cs
  artifactKey: Guid(2770bf38b9856174cba5d1cd5326d32e) Importer(815301076,1909f56bfc062723c751e8b465ee728b)
Start importing Assets/arena/ScoreManager.cs using Guid(2770bf38b9856174cba5d1cd5326d32e) Importer(815301076,1909f56bfc062723c751e8b465ee728b) (PreviewImporter) -> (artifact id: '00000000000000000000000000000000') in 0.000783 seconds
Import Error Code:(4)
Message: Build asset version error: assets/arena/scoremanager.cs in SourceAssetDB has modification time of '2026-04-09T15:31:27.6131237Z' while content on disk has modification time of '2026-04-09T15:31:39.8902584Z'
  ERROR: Build asset version error: assets/arena/scoremanager.cs in SourceAssetDB has modification time of '2026-04-09T15:31:27.6131237Z' while content on disk has modification time of '2026-04-09T15:31:39.8902584Z'
Number of updated asset objects reloaded before import = 0Number of asset objects unloaded after import = 0

========================================================================
Received Import Request.
  Time since last request: 0.000022 seconds.
  path: Assets/arena/ScoreManager.cs
  artifactKey: Guid(2770bf38b9856174cba5d1cd5326d32e) Importer(815301076,1909f56bfc062723c751e8b465ee728b)
Start importing Assets/arena/ScoreManager.cs using Guid(2770bf38b9856174cba5d1cd5326d32e) Importer(815301076,1909f56bfc062723c751e8b465ee728b) (PreviewImporter) -> (artifact id: '00000000000000000000000000000000') in 0.0008266 seconds
Import Error Code:(4)
Message: Build asset version error: assets/arena/scoremanager.cs in SourceAssetDB has modification time of '2026-04-09T15:31:27.6131237Z' while content on disk has modification time of '2026-04-09T15:31:39.8902584Z'
  ERROR: Build asset version error: assets/arena/scoremanager.cs in SourceAssetDB has modification time of '2026-04-09T15:31:27.6131237Z' while content on disk has modification time of '2026-04-09T15:31:39.8902584Z'
Number of updated asset objects reloaded before import = 0Number of asset objects unloaded after import = 0

========================================================================
Received Import Request.
  Time since last request: 0.000027 seconds.
  path: Assets/arena/ScoreManager.cs
  artifactKey: Guid(2770bf38b9856174cba5d1cd5326d32e) Importer(815301076,1909f56bfc062723c751e8b465ee728b)
Start importing Assets/arena/ScoreManager.cs using Guid(2770bf38b9856174cba5d1cd5326d32e) Importer(815301076,1909f56bfc062723c751e8b465ee728b) (PreviewImporter) -> (artifact id: '00000000000000000000000000000000') in 0.0008977 seconds
Import Error Code:(4)
Message: Build asset version error: assets/arena/scoremanager.cs in SourceAssetDB has modification time of '2026-04-09T15:31:27.6131237Z' while content on disk has modification time of '2026-04-09T15:31:39.8902584Z'
  ERROR: Build asset version error: assets/arena/scoremanager.cs in SourceAssetDB has modification time of '2026-04-09T15:31:27.6131237Z' while content on disk has modification time of '2026-04-09T15:31:39.8902584Z'
Number of updated asset objects reloaded before import = 0Number of asset objects unloaded after import = 0

========================================================================
Received Import Request.
  Time since last request: 0.000038 seconds.
  path: Assets/arena/ScoreManager.cs
  artifactKey: Guid(2770bf38b9856174cba5d1cd5326d32e) Importer(815301076,1909f56bfc062723c751e8b465ee728b)
Start importing Assets/arena/ScoreManager.cs using Guid(2770bf38b9856174cba5d1cd5326d32e) Importer(815301076,1909f56bfc062723c751e8b465ee728b) (PreviewImporter) -> (artifact id: '00000000000000000000000000000000') in 0.000828 seconds
Import Error Code:(4)
Message: Build asset version error: assets/arena/scoremanager.cs in SourceAssetDB has modification time of '2026-04-09T15:31:27.6131237Z' while content on disk has modification time of '2026-04-09T15:31:39.8902584Z'
  ERROR: Build asset version error: assets/arena/scoremanager.cs in SourceAssetDB has modification time of '2026-04-09T15:31:27.6131237Z' while content on disk has modification time of '2026-04-09T15:31:39.8902584Z'
Number of updated asset objects reloaded before import = 0Number of asset objects unloaded after import = 0

========================================================================
Received Import Request.
  Time since last request: 0.000020 seconds.
  path: Assets/arena/ScoreManager.cs
  artifactKey: Guid(2770bf38b9856174cba5d1cd5326d32e) Importer(815301076,1909f56bfc062723c751e8b465ee728b)
Start importing Assets/arena/ScoreManager.cs using Guid(2770bf38b9856174cba5d1cd5326d32e) Importer(815301076,1909f56bfc062723c751e8b465ee728b) (PreviewImporter) -> (artifact id: '00000000000000000000000000000000') in 0.0007733 seconds
Import Error Code:(4)
Message: Build asset version error: assets/arena/scoremanager.cs in SourceAssetDB has modification time of '2026-04-09T15:31:27.6131237Z' while content on disk has modification time of '2026-04-09T15:31:39.8902584Z'
  ERROR: Build asset version error: assets/arena/scoremanager.cs in SourceAssetDB has modification time of '2026-04-09T15:31:27.6131237Z' while content on disk has modification time of '2026-04-09T15:31:39.8902584Z'
Number of updated asset objects reloaded before import = 0Number of asset objects unloaded after import = 0

========================================================================
Received Import Request.
  Time since last request: 0.000022 seconds.
  path: Assets/arena/ScoreManager.cs
  artifactKey: Guid(2770bf38b9856174cba5d1cd5326d32e) Importer(815301076,1909f56bfc062723c751e8b465ee728b)
Start importing Assets/arena/ScoreManager.cs using Guid(2770bf38b9856174cba5d1cd5326d32e) Importer(815301076,1909f56bfc062723c751e8b465ee728b) (PreviewImporter) -> (artifact id: '00000000000000000000000000000000') in 0.0008289 seconds
Import Error Code:(4)
Message: Build asset version error: assets/arena/scoremanager.cs in SourceAssetDB has modification time of '2026-04-09T15:31:27.6131237Z' while content on disk has modification time of '2026-04-09T15:31:39.8902584Z'
  ERROR: Build asset version error: assets/arena/scoremanager.cs in SourceAssetDB has modification time of '2026-04-09T15:31:27.6131237Z' while content on disk has modification time of '2026-04-09T15:31:39.8902584Z'
Number of updated asset objects reloaded before import = 0Number of asset objects unloaded after import = 0

========================================================================
Received Import Request.
  Time since last request: 0.000023 seconds.
  path: Assets/arena/ScoreManager.cs
  artifactKey: Guid(2770bf38b9856174cba5d1cd5326d32e) Importer(815301076,1909f56bfc062723c751e8b465ee728b)
Start importing Assets/arena/ScoreManager.cs using Guid(2770bf38b9856174cba5d1cd5326d32e) Importer(815301076,1909f56bfc062723c751e8b465ee728b) (PreviewImporter) -> (artifact id: '00000000000000000000000000000000') in 0.0008145 seconds
Import Error Code:(4)
Message: Build asset version error: assets/arena/scoremanager.cs in SourceAssetDB has modification time of '2026-04-09T15:31:27.6131237Z' while content on disk has modification time of '2026-04-09T15:31:39.8902584Z'
  ERROR: Build asset version error: assets/arena/scoremanager.cs in SourceAssetDB has modification time of '2026-04-09T15:31:27.6131237Z' while content on disk has modification time of '2026-04-09T15:31:39.8902584Z'
Number of updated asset objects reloaded before import = 0Number of asset objects unloaded after import = 0

========================================================================
Received Import Request.
  Time since last request: 0.000021 seconds.
  path: Assets/arena/ScoreManager.cs
  artifactKey: Guid(2770bf38b9856174cba5d1cd5326d32e) Importer(815301076,1909f56bfc062723c751e8b465ee728b)
Start importing Assets/arena/ScoreManager.cs using Guid(2770bf38b9856174cba5d1cd5326d32e) Importer(815301076,1909f56bfc062723c751e8b465ee728b) (PreviewImporter) -> (artifact id: '00000000000000000000000000000000') in 0.0008019 seconds
Import Error Code:(4)
Message: Build asset version error: assets/arena/scoremanager.cs in SourceAssetDB has modification time of '2026-04-09T15:31:27.6131237Z' while content on disk has modification time of '2026-04-09T15:31:39.8902584Z'
  ERROR: Build asset version error: assets/arena/scoremanager.cs in SourceAssetDB has modification time of '2026-04-09T15:31:27.6131237Z' while content on disk has modification time of '2026-04-09T15:31:39.8902584Z'
Number of updated asset objects reloaded before import = 0Number of asset objects unloaded after import = 0

========================================================================
Received Import Request.
  Time since last request: 0.000025 seconds.
  path: Assets/arena/ScoreManager.cs
  artifactKey: Guid(2770bf38b9856174cba5d1cd5326d32e) Importer(815301076,1909f56bfc062723c751e8b465ee728b)
Start importing Assets/arena/ScoreManager.cs using Guid(2770bf38b9856174cba5d1cd5326d32e) Importer(815301076,1909f56bfc062723c751e8b465ee728b) (PreviewImporter) -> (artifact id: '00000000000000000000000000000000') in 0.0007833 seconds
Import Error Code:(4)
Message: Build asset version error: assets/arena/scoremanager.cs in SourceAssetDB has modification time of '2026-04-09T15:31:27.6131237Z' while content on disk has modification time of '2026-04-09T15:31:39.8902584Z'
  ERROR: Build asset version error: assets/arena/scoremanager.cs in SourceAssetDB has modification time of '2026-04-09T15:31:27.6131237Z' while content on disk has modification time of '2026-04-09T15:31:39.8902584Z'
Number of updated asset objects reloaded before import = 0Number of asset objects unloaded after import = 0

========================================================================
Received Import Request.
  Time since last request: 0.000040 seconds.
  path: Assets/arena/ScoreManager.cs
  artifactKey: Guid(2770bf38b9856174cba5d1cd5326d32e) Importer(815301076,1909f56bfc062723c751e8b465ee728b)
Start importing Assets/arena/ScoreManager.cs using Guid(2770bf38b9856174cba5d1cd5326d32e) Importer(815301076,1909f56bfc062723c751e8b465ee728b) (PreviewImporter) -> (artifact id: '00000000000000000000000000000000') in 0.0008031 seconds
Import Error Code:(4)
Message: Build asset version error: assets/arena/scoremanager.cs in SourceAssetDB has modification time of '2026-04-09T15:31:27.6131237Z' while content on disk has modification time of '2026-04-09T15:31:39.8902584Z'
  ERROR: Build asset version error: assets/arena/scoremanager.cs in SourceAssetDB has modification time of '2026-04-09T15:31:27.6131237Z' while content on disk has modification time of '2026-04-09T15:31:39.8902584Z'
Number of updated asset objects reloaded before import = 0Number of asset objects unloaded after import = 0

========================================================================
Received Import Request.
  Time since last request: 0.000020 seconds.
  path: Assets/arena/ScoreManager.cs
  artifactKey: Guid(2770bf38b9856174cba5d1cd5326d32e) Importer(815301076,1909f56bfc062723c751e8b465ee728b)
Start importing Assets/arena/ScoreManager.cs using Guid(2770bf38b9856174cba5d1cd5326d32e) Importer(815301076,1909f56bfc062723c751e8b465ee728b) (PreviewImporter) -> (artifact id: '00000000000000000000000000000000') in 0.0007853 seconds
Import Error Code:(4)
Message: Build asset version error: assets/arena/scoremanager.cs in SourceAssetDB has modification time of '2026-04-09T15:31:27.6131237Z' while content on disk has modification time of '2026-04-09T15:31:39.8902584Z'
  ERROR: Build asset version error: assets/arena/scoremanager.cs in SourceAssetDB has modification time of '2026-04-09T15:31:27.6131237Z' while content on disk has modification time of '2026-04-09T15:31:39.8902584Z'
Number of updated asset objects reloaded before import = 0Number of asset objects unloaded after import = 0

========================================================================
Received Import Request.
  Time since last request: 0.000021 seconds.
  path: Assets/arena/ScoreManager.cs
  artifactKey: Guid(2770bf38b9856174cba5d1cd5326d32e) Importer(815301076,1909f56bfc062723c751e8b465ee728b)
Start importing Assets/arena/ScoreManager.cs using Guid(2770bf38b9856174cba5d1cd5326d32e) Importer(815301076,1909f56bfc062723c751e8b465ee728b) (PreviewImporter) -> (artifact id: '00000000000000000000000000000000') in 0.0008146 seconds
Import Error Code:(4)
Message: Build asset version error: assets/arena/scoremanager.cs in SourceAssetDB has modification time of '2026-04-09T15:31:27.6131237Z' while content on disk has modification time of '2026-04-09T15:31:39.8902584Z'
  ERROR: Build asset version error: assets/arena/scoremanager.cs in SourceAssetDB has modification time of '2026-04-09T15:31:27.6131237Z' while content on disk has modification time of '2026-04-09T15:31:39.8902584Z'
Number of updated asset objects reloaded before import = 0Number of asset objects unloaded after import = 0

========================================================================
Received Import Request.
  Time since last request: 0.000022 seconds.
  path: Assets/arena/ScoreManager.cs
  artifactKey: Guid(2770bf38b9856174cba5d1cd5326d32e) Importer(815301076,1909f56bfc062723c751e8b465ee728b)
Start importing Assets/arena/ScoreManager.cs using Guid(2770bf38b9856174cba5d1cd5326d32e) Importer(815301076,1909f56bfc062723c751e8b465ee728b) (PreviewImporter) -> (artifact id: '00000000000000000000000000000000') in 0.000801 seconds
Import Error Code:(4)
Message: Build asset version error: assets/arena/scoremanager.cs in SourceAssetDB has modification time of '2026-04-09T15:31:27.6131237Z' while content on disk has modification time of '2026-04-09T15:31:39.8902584Z'
  ERROR: Build asset version error: assets/arena/scoremanager.cs in SourceAssetDB has modification time of '2026-04-09T15:31:27.6131237Z' while content on disk has modification time of '2026-04-09T15:31:39.8902584Z'
Number of updated asset objects reloaded before import = 0Number of asset objects unloaded after import = 0

========================================================================
Received Import Request.
  Time since last request: 0.000022 seconds.
  path: Assets/arena/ScoreManager.cs
  artifactKey: Guid(2770bf38b9856174cba5d1cd5326d32e) Importer(815301076,1909f56bfc062723c751e8b465ee728b)
Start importing Assets/arena/ScoreManager.cs using Guid(2770bf38b9856174cba5d1cd5326d32e) Importer(815301076,1909f56bfc062723c751e8b465ee728b) (PreviewImporter) -> (artifact id: '00000000000000000000000000000000') in 0.0009146 seconds
Import Error Code:(4)
Message: Build asset version error: assets/arena/scoremanager.cs in SourceAssetDB has modification time of '2026-04-09T15:31:27.6131237Z' while content on disk has modification time of '2026-04-09T15:31:39.8902584Z'
  ERROR: Build asset version error: assets/arena/scoremanager.cs in SourceAssetDB has modification time of '2026-04-09T15:31:27.6131237Z' while content on disk has modification time of '2026-04-09T15:31:39.8902584Z'
Number of updated asset objects reloaded before import = 0Number of asset objects unloaded after import = 0

========================================================================
Received Import Request.
  Time since last request: 0.000027 seconds.
  path: Assets/arena/ScoreManager.cs
  artifactKey: Guid(2770bf38b9856174cba5d1cd5326d32e) Importer(815301076,1909f56bfc062723c751e8b465ee728b)
Start importing Assets/arena/ScoreManager.cs using Guid(2770bf38b9856174cba5d1cd5326d32e) Importer(815301076,1909f56bfc062723c751e8b465ee728b) (PreviewImporter) -> (artifact id: '00000000000000000000000000000000') in 0.0010256 seconds
Import Error Code:(4)
Message: Build asset version error: assets/arena/scoremanager.cs in SourceAssetDB has modification time of '2026-04-09T15:31:27.6131237Z' while content on disk has modification time of '2026-04-09T15:31:39.8902584Z'
  ERROR: Build asset version error: assets/arena/scoremanager.cs in SourceAssetDB has modification time of '2026-04-09T15:31:27.6131237Z' while content on disk has modification time of '2026-04-09T15:31:39.8902584Z'
Number of updated asset objects reloaded before import = 0Number of asset objects unloaded after import = 0

========================================================================
Received Import Request.
  Time since last request: 0.000044 seconds.
  path: Assets/arena/ScoreManager.cs
  artifactKey: Guid(2770bf38b9856174cba5d1cd5326d32e) Importer(815301076,1909f56bfc062723c751e8b465ee728b)
Start importing Assets/arena/ScoreManager.cs using Guid(2770bf38b9856174cba5d1cd5326d32e) Importer(815301076,1909f56bfc062723c751e8b465ee728b) (PreviewImporter) -> (artifact id: '00000000000000000000000000000000') in 0.0009812 seconds
Import Error Code:(4)
Message: Build asset version error: assets/arena/scoremanager.cs in SourceAssetDB has modification time of '2026-04-09T15:31:27.6131237Z' while content on disk has modification time of '2026-04-09T15:31:39.8902584Z'
  ERROR: Build asset version error: assets/arena/scoremanager.cs in SourceAssetDB has modification time of '2026-04-09T15:31:27.6131237Z' while content on disk has modification time of '2026-04-09T15:31:39.8902584Z'
Number of updated asset objects reloaded before import = 0Number of asset objects unloaded after import = 0

========================================================================
Received Import Request.
  Time since last request: 0.000025 seconds.
  path: Assets/arena/ScoreManager.cs
  artifactKey: Guid(2770bf38b9856174cba5d1cd5326d32e) Importer(815301076,1909f56bfc062723c751e8b465ee728b)
Start importing Assets/arena/ScoreManager.cs using Guid(2770bf38b9856174cba5d1cd5326d32e) Importer(815301076,1909f56bfc062723c751e8b465ee728b) (PreviewImporter) -> (artifact id: '00000000000000000000000000000000') in 0.00086 seconds
Import Error Code:(4)
Message: Build asset version error: assets/arena/scoremanager.cs in SourceAssetDB has modification time of '2026-04-09T15:31:27.6131237Z' while content on disk has modification time of '2026-04-09T15:31:39.8902584Z'
  ERROR: Build asset version error: assets/arena/scoremanager.cs in SourceAssetDB has modification time of '2026-04-09T15:31:27.6131237Z' while content on disk has modification time of '2026-04-09T15:31:39.8902584Z'
Number of updated asset objects reloaded before import = 0Number of asset objects unloaded after import = 0

========================================================================
Received Import Request.
  Time since last request: 0.000024 seconds.
  path: Assets/arena/ScoreManager.cs
  artifactKey: Guid(2770bf38b9856174cba5d1cd5326d32e) Importer(815301076,1909f56bfc062723c751e8b465ee728b)
Start importing Assets/arena/ScoreManager.cs using Guid(2770bf38b9856174cba5d1cd5326d32e) Importer(815301076,1909f56bfc062723c751e8b465ee728b) (PreviewImporter) -> (artifact id: '00000000000000000000000000000000') in 0.0013825 seconds
Import Error Code:(4)
Message: Build asset version error: assets/arena/scoremanager.cs in SourceAssetDB has modification time of '2026-04-09T15:31:27.6131237Z' while content on disk has modification time of '2026-04-09T15:31:39.8902584Z'
  ERROR: Build asset version error: assets/arena/scoremanager.cs in SourceAssetDB has modification time of '2026-04-09T15:31:27.6131237Z' while content on disk has modification time of '2026-04-09T15:31:39.8902584Z'
Number of updated asset objects reloaded before import = 0Number of asset objects unloaded after import = 0

========================================================================
Received Import Request.
  Time since last request: 0.000026 seconds.
  path: Assets/arena/ScoreManager.cs
  artifactKey: Guid(2770bf38b9856174cba5d1cd5326d32e) Importer(815301076,1909f56bfc062723c751e8b465ee728b)
Start importing Assets/arena/ScoreManager.cs using Guid(2770bf38b9856174cba5d1cd5326d32e) Importer(815301076,1909f56bfc062723c751e8b465ee728b) (PreviewImporter) -> (artifact id: '00000000000000000000000000000000') in 0.0010586 seconds
Import Error Code:(4)
Message: Build asset version error: assets/arena/scoremanager.cs in SourceAssetDB has modification time of '2026-04-09T15:31:27.6131237Z' while content on disk has modification time of '2026-04-09T15:31:39.8902584Z'
  ERROR: Build asset version error: assets/arena/scoremanager.cs in SourceAssetDB has modification time of '2026-04-09T15:31:27.6131237Z' while content on disk has modification time of '2026-04-09T15:31:39.8902584Z'
Number of updated asset objects reloaded before import = 0Number of asset objects unloaded after import = 0

========================================================================
Received Import Request.
  Time since last request: 0.000028 seconds.
  path: Assets/arena/ScoreManager.cs
  artifactKey: Guid(2770bf38b9856174cba5d1cd5326d32e) Importer(815301076,1909f56bfc062723c751e8b465ee728b)
Start importing Assets/arena/ScoreManager.cs using Guid(2770bf38b9856174cba5d1cd5326d32e) Importer(815301076,1909f56bfc062723c751e8b465ee728b) (PreviewImporter) -> (artifact id: '00000000000000000000000000000000') in 0.0008575 seconds
Import Error Code:(4)
Message: Build asset version error: assets/arena/scoremanager.cs in SourceAssetDB has modification time of '2026-04-09T15:31:27.6131237Z' while content on disk has modification time of '2026-04-09T15:31:39.8902584Z'
  ERROR: Build asset version error: assets/arena/scoremanager.cs in SourceAssetDB has modification time of '2026-04-09T15:31:27.6131237Z' while content on disk has modification time of '2026-04-09T15:31:39.8902584Z'
Number of updated asset objects reloaded before import = 0Number of asset objects unloaded after import = 0

========================================================================
Received Import Request.
  Time since last request: 0.000036 seconds.
  path: Assets/arena/ScoreManager.cs
  artifactKey: Guid(2770bf38b9856174cba5d1cd5326d32e) Importer(815301076,1909f56bfc062723c751e8b465ee728b)
Start importing Assets/arena/ScoreManager.cs using Guid(2770bf38b9856174cba5d1cd5326d32e) Importer(815301076,1909f56bfc062723c751e8b465ee728b) (PreviewImporter) -> (artifact id: '00000000000000000000000000000000') in 0.0007949 seconds
Import Error Code:(4)
Message: Build asset version error: assets/arena/scoremanager.cs in SourceAssetDB has modification time of '2026-04-09T15:31:27.6131237Z' while content on disk has modification time of '2026-04-09T15:31:39.8902584Z'
  ERROR: Build asset version error: assets/arena/scoremanager.cs in SourceAssetDB has modification time of '2026-04-09T15:31:27.6131237Z' while content on disk has modification time of '2026-04-09T15:31:39.8902584Z'
Number of updated asset objects reloaded before import = 0Number of asset objects unloaded after import = 0

========================================================================
Received Import Request.
  Time since last request: 0.000022 seconds.
  path: Assets/arena/ScoreManager.cs
  artifactKey: Guid(2770bf38b9856174cba5d1cd5326d32e) Importer(815301076,1909f56bfc062723c751e8b465ee728b)
Start importing Assets/arena/ScoreManager.cs using Guid(2770bf38b9856174cba5d1cd5326d32e) Importer(815301076,1909f56bfc062723c751e8b465ee728b) (PreviewImporter) -> (artifact id: '00000000000000000000000000000000') in 0.0007927 seconds
Import Error Code:(4)
Message: Build asset version error: assets/arena/scoremanager.cs in SourceAssetDB has modification time of '2026-04-09T15:31:27.6131237Z' while content on disk has modification time of '2026-04-09T15:31:39.8902584Z'
  ERROR: Build asset version error: assets/arena/scoremanager.cs in SourceAssetDB has modification time of '2026-04-09T15:31:27.6131237Z' while content on disk has modification time of '2026-04-09T15:31:39.8902584Z'
Number of updated asset objects reloaded before import = 0Number of asset objects unloaded after import = 0

========================================================================
Received Import Request.
  Time since last request: 0.000022 seconds.
  path: Assets/arena/ScoreManager.cs
  artifactKey: Guid(2770bf38b9856174cba5d1cd5326d32e) Importer(815301076,1909f56bfc062723c751e8b465ee728b)
Start importing Assets/arena/ScoreManager.cs using Guid(2770bf38b9856174cba5d1cd5326d32e) Importer(815301076,1909f56bfc062723c751e8b465ee728b) (PreviewImporter) -> (artifact id: '00000000000000000000000000000000') in 0.000759 seconds
Import Error Code:(4)
Message: Build asset version error: assets/arena/scoremanager.cs in SourceAssetDB has modification time of '2026-04-09T15:31:27.6131237Z' while content on disk has modification time of '2026-04-09T15:31:39.8902584Z'
  ERROR: Build asset version error: assets/arena/scoremanager.cs in SourceAssetDB has modification time of '2026-04-09T15:31:27.6131237Z' while content on disk has modification time of '2026-04-09T15:31:39.8902584Z'
Number of updated asset objects reloaded before import = 0Number of asset objects unloaded after import = 0

========================================================================
Received Import Request.
  Time since last request: 0.000022 seconds.
  path: Assets/arena/ScoreManager.cs
  artifactKey: Guid(2770bf38b9856174cba5d1cd5326d32e) Importer(815301076,1909f56bfc062723c751e8b465ee728b)
Start importing Assets/arena/ScoreManager.cs using Guid(2770bf38b9856174cba5d1cd5326d32e) Importer(815301076,1909f56bfc062723c751e8b465ee728b) (PreviewImporter) -> (artifact id: '00000000000000000000000000000000') in 0.0007756 seconds
Import Error Code:(4)
Message: Build asset version error: assets/arena/scoremanager.cs in SourceAssetDB has modification time of '2026-04-09T15:31:27.6131237Z' while content on disk has modification time of '2026-04-09T15:31:39.8902584Z'
  ERROR: Build asset version error: assets/arena/scoremanager.cs in SourceAssetDB has modification time of '2026-04-09T15:31:27.6131237Z' while content on disk has modification time of '2026-04-09T15:31:39.8902584Z'
Number of updated asset objects reloaded before import = 0Number of asset objects unloaded after import = 0

========================================================================
Received Import Request.
  Time since last request: 0.000021 seconds.
  path: Assets/arena/ScoreManager.cs
  artifactKey: Guid(2770bf38b9856174cba5d1cd5326d32e) Importer(815301076,1909f56bfc062723c751e8b465ee728b)
Start importing Assets/arena/ScoreManager.cs using Guid(2770bf38b9856174cba5d1cd5326d32e) Importer(815301076,1909f56bfc062723c751e8b465ee728b) (PreviewImporter) -> (artifact id: '00000000000000000000000000000000') in 0.0008043 seconds
Import Error Code:(4)
Message: Build asset version error: assets/arena/scoremanager.cs in SourceAssetDB has modification time of '2026-04-09T15:31:27.6131237Z' while content on disk has modification time of '2026-04-09T15:31:39.8902584Z'
  ERROR: Build asset version error: assets/arena/scoremanager.cs in SourceAssetDB has modification time of '2026-04-09T15:31:27.6131237Z' while content on disk has modification time of '2026-04-09T15:31:39.8902584Z'
Number of updated asset objects reloaded before import = 0Number of asset objects unloaded after import = 0

========================================================================
Received Import Request.
  Time since last request: 0.000026 seconds.
  path: Assets/arena/ScoreManager.cs
  artifactKey: Guid(2770bf38b9856174cba5d1cd5326d32e) Importer(815301076,1909f56bfc062723c751e8b465ee728b)
Start importing Assets/arena/ScoreManager.cs using Guid(2770bf38b9856174cba5d1cd5326d32e) Importer(815301076,1909f56bfc062723c751e8b465ee728b) (PreviewImporter) -> (artifact id: '00000000000000000000000000000000') in 0.000983 seconds
Import Error Code:(4)
Message: Build asset version error: assets/arena/scoremanager.cs in SourceAssetDB has modification time of '2026-04-09T15:31:27.6131237Z' while content on disk has modification time of '2026-04-09T15:31:39.8902584Z'
  ERROR: Build asset version error: assets/arena/scoremanager.cs in SourceAssetDB has modification time of '2026-04-09T15:31:27.6131237Z' while content on disk has modification time of '2026-04-09T15:31:39.8902584Z'
Number of updated asset objects reloaded before import = 0Number of asset objects unloaded after import = 0

========================================================================
Received Import Request.
  Time since last request: 0.000035 seconds.
  path: Assets/arena/ScoreManager.cs
  artifactKey: Guid(2770bf38b9856174cba5d1cd5326d32e) Importer(815301076,1909f56bfc062723c751e8b465ee728b)
Start importing Assets/arena/ScoreManager.cs using Guid(2770bf38b9856174cba5d1cd5326d32e) Importer(815301076,1909f56bfc062723c751e8b465ee728b) (PreviewImporter) -> (artifact id: '00000000000000000000000000000000') in 0.0007797 seconds
Import Error Code:(4)
Message: Build asset version error: assets/arena/scoremanager.cs in SourceAssetDB has modification time of '2026-04-09T15:31:27.6131237Z' while content on disk has modification time of '2026-04-09T15:31:39.8902584Z'
  ERROR: Build asset version error: assets/arena/scoremanager.cs in SourceAssetDB has modification time of '2026-04-09T15:31:27.6131237Z' while content on disk has modification time of '2026-04-09T15:31:39.8902584Z'
Number of updated asset objects reloaded before import = 0Number of asset objects unloaded after import = 0

========================================================================
Received Import Request.
  Time since last request: 0.000022 seconds.
  path: Assets/arena/ScoreManager.cs
  artifactKey: Guid(2770bf38b9856174cba5d1cd5326d32e) Importer(815301076,1909f56bfc062723c751e8b465ee728b)
Start importing Assets/arena/ScoreManager.cs using Guid(2770bf38b9856174cba5d1cd5326d32e) Importer(815301076,1909f56bfc062723c751e8b465ee728b) (PreviewImporter) -> (artifact id: '00000000000000000000000000000000') in 0.0007465 seconds
Import Error Code:(4)
Message: Build asset version error: assets/arena/scoremanager.cs in SourceAssetDB has modification time of '2026-04-09T15:31:27.6131237Z' while content on disk has modification time of '2026-04-09T15:31:39.8902584Z'
  ERROR: Build asset version error: assets/arena/scoremanager.cs in SourceAssetDB has modification time of '2026-04-09T15:31:27.6131237Z' while content on disk has modification time of '2026-04-09T15:31:39.8902584Z'
Number of updated asset objects reloaded before import = 0Number of asset objects unloaded after import = 0

========================================================================
Received Import Request.
  Time since last request: 0.000021 seconds.
  path: Assets/arena/ScoreManager.cs
  artifactKey: Guid(2770bf38b9856174cba5d1cd5326d32e) Importer(815301076,1909f56bfc062723c751e8b465ee728b)
Start importing Assets/arena/ScoreManager.cs using Guid(2770bf38b9856174cba5d1cd5326d32e) Importer(815301076,1909f56bfc062723c751e8b465ee728b) (PreviewImporter) -> (artifact id: '00000000000000000000000000000000') in 0.0007893 seconds
Import Error Code:(4)
Message: Build asset version error: assets/arena/scoremanager.cs in SourceAssetDB has modification time of '2026-04-09T15:31:27.6131237Z' while content on disk has modification time of '2026-04-09T15:31:39.8902584Z'
  ERROR: Build asset version error: assets/arena/scoremanager.cs in SourceAssetDB has modification time of '2026-04-09T15:31:27.6131237Z' while content on disk has modification time of '2026-04-09T15:31:39.8902584Z'
Number of updated asset objects reloaded before import = 0Number of asset objects unloaded after import = 0

========================================================================
Received Import Request.
  Time since last request: 0.000022 seconds.
  path: Assets/arena/ScoreManager.cs
  artifactKey: Guid(2770bf38b9856174cba5d1cd5326d32e) Importer(815301076,1909f56bfc062723c751e8b465ee728b)
Start importing Assets/arena/ScoreManager.cs using Guid(2770bf38b9856174cba5d1cd5326d32e) Importer(815301076,1909f56bfc062723c751e8b465ee728b) (PreviewImporter) -> (artifact id: '00000000000000000000000000000000') in 0.0007568 seconds
Import Error Code:(4)
Message: Build asset version error: assets/arena/scoremanager.cs in SourceAssetDB has modification time of '2026-04-09T15:31:27.6131237Z' while content on disk has modification time of '2026-04-09T15:31:39.8902584Z'
  ERROR: Build asset version error: assets/arena/scoremanager.cs in SourceAssetDB has modification time of '2026-04-09T15:31:27.6131237Z' while content on disk has modification time of '2026-04-09T15:31:39.8902584Z'
Number of updated asset objects reloaded before import = 0Number of asset objects unloaded after import = 0

========================================================================
Received Import Request.
  Time since last request: 0.000022 seconds.
  path: Assets/arena/ScoreManager.cs
  artifactKey: Guid(2770bf38b9856174cba5d1cd5326d32e) Importer(815301076,1909f56bfc062723c751e8b465ee728b)
Start importing Assets/arena/ScoreManager.cs using Guid(2770bf38b9856174cba5d1cd5326d32e) Importer(815301076,1909f56bfc062723c751e8b465ee728b) (PreviewImporter) -> (artifact id: '00000000000000000000000000000000') in 0.0010435 seconds
Import Error Code:(4)
Message: Build asset version error: assets/arena/scoremanager.cs in SourceAssetDB has modification time of '2026-04-09T15:31:27.6131237Z' while content on disk has modification time of '2026-04-09T15:31:39.8902584Z'
  ERROR: Build asset version error: assets/arena/scoremanager.cs in SourceAssetDB has modification time of '2026-04-09T15:31:27.6131237Z' while content on disk has modification time of '2026-04-09T15:31:39.8902584Z'
Number of updated asset objects reloaded before import = 0Number of asset objects unloaded after import = 0

========================================================================
Received Import Request.
  Time since last request: 0.000025 seconds.
  path: Assets/arena/ScoreManager.cs
  artifactKey: Guid(2770bf38b9856174cba5d1cd5326d32e) Importer(815301076,1909f56bfc062723c751e8b465ee728b)
Start importing Assets/arena/ScoreManager.cs using Guid(2770bf38b9856174cba5d1cd5326d32e) Importer(815301076,1909f56bfc062723c751e8b465ee728b) (PreviewImporter) -> (artifact id: '00000000000000000000000000000000') in 0.000758 seconds
Import Error Code:(4)
Message: Build asset version error: assets/arena/scoremanager.cs in SourceAssetDB has modification time of '2026-04-09T15:31:27.6131237Z' while content on disk has modification time of '2026-04-09T15:31:39.8902584Z'
  ERROR: Build asset version error: assets/arena/scoremanager.cs in SourceAssetDB has modification time of '2026-04-09T15:31:27.6131237Z' while content on disk has modification time of '2026-04-09T15:31:39.8902584Z'
Number of updated asset objects reloaded before import = 0Number of asset objects unloaded after import = 0

========================================================================
Received Import Request.
  Time since last request: 0.000036 seconds.
  path: Assets/arena/ScoreManager.cs
  artifactKey: Guid(2770bf38b9856174cba5d1cd5326d32e) Importer(815301076,1909f56bfc062723c751e8b465ee728b)
Start importing Assets/arena/ScoreManager.cs using Guid(2770bf38b9856174cba5d1cd5326d32e) Importer(815301076,1909f56bfc062723c751e8b465ee728b) (PreviewImporter) -> (artifact id: '00000000000000000000000000000000') in 0.0008267 seconds
Import Error Code:(4)
Message: Build asset version error: assets/arena/scoremanager.cs in SourceAssetDB has modification time of '2026-04-09T15:31:27.6131237Z' while content on disk has modification time of '2026-04-09T15:31:39.8902584Z'
  ERROR: Build asset version error: assets/arena/scoremanager.cs in SourceAssetDB has modification time of '2026-04-09T15:31:27.6131237Z' while content on disk has modification time of '2026-04-09T15:31:39.8902584Z'
Number of updated asset objects reloaded before import = 0Number of asset objects unloaded after import = 0

========================================================================
Received Import Request.
  Time since last request: 0.000026 seconds.
  path: Assets/arena/ScoreManager.cs
  artifactKey: Guid(2770bf38b9856174cba5d1cd5326d32e) Importer(815301076,1909f56bfc062723c751e8b465ee728b)
Start importing Assets/arena/ScoreManager.cs using Guid(2770bf38b9856174cba5d1cd5326d32e) Importer(815301076,1909f56bfc062723c751e8b465ee728b) (PreviewImporter) -> (artifact id: '00000000000000000000000000000000') in 0.0008051 seconds
Import Error Code:(4)
Message: Build asset version error: assets/arena/scoremanager.cs in SourceAssetDB has modification time of '2026-04-09T15:31:27.6131237Z' while content on disk has modification time of '2026-04-09T15:31:39.8902584Z'
  ERROR: Build asset version error: assets/arena/scoremanager.cs in SourceAssetDB has modification time of '2026-04-09T15:31:27.6131237Z' while content on disk has modification time of '2026-04-09T15:31:39.8902584Z'
Number of updated asset objects reloaded before import = 0Number of asset objects unloaded after import = 0

========================================================================
Received Import Request.
  Time since last request: 0.000022 seconds.
  path: Assets/arena/ScoreManager.cs
  artifactKey: Guid(2770bf38b9856174cba5d1cd5326d32e) Importer(815301076,1909f56bfc062723c751e8b465ee728b)
Start importing Assets/arena/ScoreManager.cs using Guid(2770bf38b9856174cba5d1cd5326d32e) Importer(815301076,1909f56bfc062723c751e8b465ee728b) (PreviewImporter) -> (artifact id: '00000000000000000000000000000000') in 0.0008274 seconds
Import Error Code:(4)
Message: Build asset version error: assets/arena/scoremanager.cs in SourceAssetDB has modification time of '2026-04-09T15:31:27.6131237Z' while content on disk has modification time of '2026-04-09T15:31:39.8902584Z'
  ERROR: Build asset version error: assets/arena/scoremanager.cs in SourceAssetDB has modification time of '2026-04-09T15:31:27.6131237Z' while content on disk has modification time of '2026-04-09T15:31:39.8902584Z'
Number of updated asset objects reloaded before import = 0Number of asset objects unloaded after import = 0

========================================================================
Received Import Request.
  Time since last request: 0.000022 seconds.
  path: Assets/arena/ScoreManager.cs
  artifactKey: Guid(2770bf38b9856174cba5d1cd5326d32e) Importer(815301076,1909f56bfc062723c751e8b465ee728b)
Start importing Assets/arena/ScoreManager.cs using Guid(2770bf38b9856174cba5d1cd5326d32e) Importer(815301076,1909f56bfc062723c751e8b465ee728b) (PreviewImporter) -> (artifact id: '00000000000000000000000000000000') in 0.0008323 seconds
Import Error Code:(4)
Message: Build asset version error: assets/arena/scoremanager.cs in SourceAssetDB has modification time of '2026-04-09T15:31:27.6131237Z' while content on disk has modification time of '2026-04-09T15:31:39.8902584Z'
  ERROR: Build asset version error: assets/arena/scoremanager.cs in SourceAssetDB has modification time of '2026-04-09T15:31:27.6131237Z' while content on disk has modification time of '2026-04-09T15:31:39.8902584Z'
Number of updated asset objects reloaded before import = 0Number of asset objects unloaded after import = 0

========================================================================
Received Import Request.
  Time since last request: 0.000025 seconds.
  path: Assets/arena/ScoreManager.cs
  artifactKey: Guid(2770bf38b9856174cba5d1cd5326d32e) Importer(815301076,1909f56bfc062723c751e8b465ee728b)
Start importing Assets/arena/ScoreManager.cs using Guid(2770bf38b9856174cba5d1cd5326d32e) Importer(815301076,1909f56bfc062723c751e8b465ee728b) (PreviewImporter) -> (artifact id: '00000000000000000000000000000000') in 0.0008818 seconds
Import Error Code:(4)
Message: Build asset version error: assets/arena/scoremanager.cs in SourceAssetDB has modification time of '2026-04-09T15:31:27.6131237Z' while content on disk has modification time of '2026-04-09T15:31:39.8902584Z'
  ERROR: Build asset version error: assets/arena/scoremanager.cs in SourceAssetDB has modification time of '2026-04-09T15:31:27.6131237Z' while content on disk has modification time of '2026-04-09T15:31:39.8902584Z'
Number of updated asset objects reloaded before import = 0Number of asset objects unloaded after import = 0

========================================================================
Received Import Request.
  Time since last request: 0.000036 seconds.
  path: Assets/arena/ScoreManager.cs
  artifactKey: Guid(2770bf38b9856174cba5d1cd5326d32e) Importer(815301076,1909f56bfc062723c751e8b465ee728b)
Start importing Assets/arena/ScoreManager.cs using Guid(2770bf38b9856174cba5d1cd5326d32e) Importer(815301076,1909f56bfc062723c751e8b465ee728b) (PreviewImporter) -> (artifact id: '00000000000000000000000000000000') in 0.0007618 seconds
Import Error Code:(4)
Message: Build asset version error: assets/arena/scoremanager.cs in SourceAssetDB has modification time of '2026-04-09T15:31:27.6131237Z' while content on disk has modification time of '2026-04-09T15:31:39.8902584Z'
  ERROR: Build asset version error: assets/arena/scoremanager.cs in SourceAssetDB has modification time of '2026-04-09T15:31:27.6131237Z' while content on disk has modification time of '2026-04-09T15:31:39.8902584Z'
Number of updated asset objects reloaded before import = 0Number of asset objects unloaded after import = 0

========================================================================
Received Import Request.
  Time since last request: 0.000022 seconds.
  path: Assets/arena/ScoreManager.cs
  artifactKey: Guid(2770bf38b9856174cba5d1cd5326d32e) Importer(815301076,1909f56bfc062723c751e8b465ee728b)
Start importing Assets/arena/ScoreManager.cs using Guid(2770bf38b9856174cba5d1cd5326d32e) Importer(815301076,1909f56bfc062723c751e8b465ee728b) (PreviewImporter) -> (artifact id: '00000000000000000000000000000000') in 0.0007422 seconds
Import Error Code:(4)
Message: Build asset version error: assets/arena/scoremanager.cs in SourceAssetDB has modification time of '2026-04-09T15:31:27.6131237Z' while content on disk has modification time of '2026-04-09T15:31:39.8902584Z'
  ERROR: Build asset version error: assets/arena/scoremanager.cs in SourceAssetDB has modification time of '2026-04-09T15:31:27.6131237Z' while content on disk has modification time of '2026-04-09T15:31:39.8902584Z'
Number of updated asset objects reloaded before import = 0Number of asset objects unloaded after import = 0

========================================================================
Received Import Request.
  Time since last request: 0.000022 seconds.
  path: Assets/arena/ScoreManager.cs
  artifactKey: Guid(2770bf38b9856174cba5d1cd5326d32e) Importer(815301076,1909f56bfc062723c751e8b465ee728b)
Start importing Assets/arena/ScoreManager.cs using Guid(2770bf38b9856174cba5d1cd5326d32e) Importer(815301076,1909f56bfc062723c751e8b465ee728b) (PreviewImporter) -> (artifact id: '00000000000000000000000000000000') in 0.0008361 seconds
Import Error Code:(4)
Message: Build asset version error: assets/arena/scoremanager.cs in SourceAssetDB has modification time of '2026-04-09T15:31:27.6131237Z' while content on disk has modification time of '2026-04-09T15:31:39.8902584Z'
  ERROR: Build asset version error: assets/arena/scoremanager.cs in SourceAssetDB has modification time of '2026-04-09T15:31:27.6131237Z' while content on disk has modification time of '2026-04-09T15:31:39.8902584Z'
Number of updated asset objects reloaded before import = 0Number of asset objects unloaded after import = 0

========================================================================
Received Import Request.
  Time since last request: 0.000020 seconds.
  path: Assets/arena/ScoreManager.cs
  artifactKey: Guid(2770bf38b9856174cba5d1cd5326d32e) Importer(815301076,1909f56bfc062723c751e8b465ee728b)
Start importing Assets/arena/ScoreManager.cs using Guid(2770bf38b9856174cba5d1cd5326d32e) Importer(815301076,1909f56bfc062723c751e8b465ee728b) (PreviewImporter) -> (artifact id: '00000000000000000000000000000000') in 0.0007441 seconds
Import Error Code:(4)
Message: Build asset version error: assets/arena/scoremanager.cs in SourceAssetDB has modification time of '2026-04-09T15:31:27.6131237Z' while content on disk has modification time of '2026-04-09T15:31:39.8902584Z'
  ERROR: Build asset version error: assets/arena/scoremanager.cs in SourceAssetDB has modification time of '2026-04-09T15:31:27.6131237Z' while content on disk has modification time of '2026-04-09T15:31:39.8902584Z'
Number of updated asset objects reloaded before import = 0Number of asset objects unloaded after import = 0

========================================================================
Received Import Request.
  Time since last request: 0.000022 seconds.
  path: Assets/arena/ScoreManager.cs
  artifactKey: Guid(2770bf38b9856174cba5d1cd5326d32e) Importer(815301076,1909f56bfc062723c751e8b465ee728b)
Start importing Assets/arena/ScoreManager.cs using Guid(2770bf38b9856174cba5d1cd5326d32e) Importer(815301076,1909f56bfc062723c751e8b465ee728b) (PreviewImporter) -> (artifact id: '00000000000000000000000000000000') in 0.0007532 seconds
Import Error Code:(4)
Message: Build asset version error: assets/arena/scoremanager.cs in SourceAssetDB has modification time of '2026-04-09T15:31:27.6131237Z' while content on disk has modification time of '2026-04-09T15:31:39.8902584Z'
  ERROR: Build asset version error: assets/arena/scoremanager.cs in SourceAssetDB has modification time of '2026-04-09T15:31:27.6131237Z' while content on disk has modification time of '2026-04-09T15:31:39.8902584Z'
Number of updated asset objects reloaded before import = 0Number of asset objects unloaded after import = 0

========================================================================
Received Import Request.
  Time since last request: 0.000025 seconds.
  path: Assets/arena/ScoreManager.cs
  artifactKey: Guid(2770bf38b9856174cba5d1cd5326d32e) Importer(815301076,1909f56bfc062723c751e8b465ee728b)
Start importing Assets/arena/ScoreManager.cs using Guid(2770bf38b9856174cba5d1cd5326d32e) Importer(815301076,1909f56bfc062723c751e8b465ee728b) (PreviewImporter) -> (artifact id: '00000000000000000000000000000000') in 0.0007894 seconds
Import Error Code:(4)
Message: Build asset version error: assets/arena/scoremanager.cs in SourceAssetDB has modification time of '2026-04-09T15:31:27.6131237Z' while content on disk has modification time of '2026-04-09T15:31:39.8902584Z'
  ERROR: Build asset version error: assets/arena/scoremanager.cs in SourceAssetDB has modification time of '2026-04-09T15:31:27.6131237Z' while content on disk has modification time of '2026-04-09T15:31:39.8902584Z'
Number of updated asset objects reloaded before import = 0Number of asset objects unloaded after import = 0

========================================================================
Received Import Request.
  Time since last request: 0.000033 seconds.
  path: Assets/arena/ScoreManager.cs
  artifactKey: Guid(2770bf38b9856174cba5d1cd5326d32e) Importer(815301076,1909f56bfc062723c751e8b465ee728b)
Start importing Assets/arena/ScoreManager.cs using Guid(2770bf38b9856174cba5d1cd5326d32e) Importer(815301076,1909f56bfc062723c751e8b465ee728b) (PreviewImporter) -> (artifact id: '00000000000000000000000000000000') in 0.0007844 seconds
Import Error Code:(4)
Message: Build asset version error: assets/arena/scoremanager.cs in SourceAssetDB has modification time of '2026-04-09T15:31:27.6131237Z' while content on disk has modification time of '2026-04-09T15:31:39.8902584Z'
  ERROR: Build asset version error: assets/arena/scoremanager.cs in SourceAssetDB has modification time of '2026-04-09T15:31:27.6131237Z' while content on disk has modification time of '2026-04-09T15:31:39.8902584Z'
Number of updated asset objects reloaded before import = 0Number of asset objects unloaded after import = 0

========================================================================
Received Import Request.
  Time since last request: 0.000022 seconds.
  path: Assets/arena/ScoreManager.cs
  artifactKey: Guid(2770bf38b9856174cba5d1cd5326d32e) Importer(815301076,1909f56bfc062723c751e8b465ee728b)
Start importing Assets/arena/ScoreManager.cs using Guid(2770bf38b9856174cba5d1cd5326d32e) Importer(815301076,1909f56bfc062723c751e8b465ee728b) (PreviewImporter) -> (artifact id: '00000000000000000000000000000000') in 0.0008446 seconds
Import Error Code:(4)
Message: Build asset version error: assets/arena/scoremanager.cs in SourceAssetDB has modification time of '2026-04-09T15:31:27.6131237Z' while content on disk has modification time of '2026-04-09T15:31:39.8902584Z'
  ERROR: Build asset version error: assets/arena/scoremanager.cs in SourceAssetDB has modification time of '2026-04-09T15:31:27.6131237Z' while content on disk has modification time of '2026-04-09T15:31:39.8902584Z'
Number of updated asset objects reloaded before import = 0Number of asset objects unloaded after import = 0

========================================================================
Received Import Request.
  Time since last request: 0.000023 seconds.
  path: Assets/arena/ScoreManager.cs
  artifactKey: Guid(2770bf38b9856174cba5d1cd5326d32e) Importer(815301076,1909f56bfc062723c751e8b465ee728b)
Start importing Assets/arena/ScoreManager.cs using Guid(2770bf38b9856174cba5d1cd5326d32e) Importer(815301076,1909f56bfc062723c751e8b465ee728b) (PreviewImporter) -> (artifact id: '00000000000000000000000000000000') in 0.0008731 seconds
Import Error Code:(4)
Message: Build asset version error: assets/arena/scoremanager.cs in SourceAssetDB has modification time of '2026-04-09T15:31:27.6131237Z' while content on disk has modification time of '2026-04-09T15:31:39.8902584Z'
  ERROR: Build asset version error: assets/arena/scoremanager.cs in SourceAssetDB has modification time of '2026-04-09T15:31:27.6131237Z' while content on disk has modification time of '2026-04-09T15:31:39.8902584Z'
Number of updated asset objects reloaded before import = 0Number of asset objects unloaded after import = 0

========================================================================
Received Import Request.
  Time since last request: 0.000030 seconds.
  path: Assets/arena/ScoreManager.cs
  artifactKey: Guid(2770bf38b9856174cba5d1cd5326d32e) Importer(815301076,1909f56bfc062723c751e8b465ee728b)
Start importing Assets/arena/ScoreManager.cs using Guid(2770bf38b9856174cba5d1cd5326d32e) Importer(815301076,1909f56bfc062723c751e8b465ee728b) (PreviewImporter) -> (artifact id: '00000000000000000000000000000000') in 0.0007727 seconds
Import Error Code:(4)
Message: Build asset version error: assets/arena/scoremanager.cs in SourceAssetDB has modification time of '2026-04-09T15:31:27.6131237Z' while content on disk has modification time of '2026-04-09T15:31:39.8902584Z'
  ERROR: Build asset version error: assets/arena/scoremanager.cs in SourceAssetDB has modification time of '2026-04-09T15:31:27.6131237Z' while content on disk has modification time of '2026-04-09T15:31:39.8902584Z'
Number of updated asset objects reloaded before import = 0Number of asset objects unloaded after import = 0

========================================================================
Received Import Request.
  Time since last request: 0.000022 seconds.
  path: Assets/arena/ScoreManager.cs
  artifactKey: Guid(2770bf38b9856174cba5d1cd5326d32e) Importer(815301076,1909f56bfc062723c751e8b465ee728b)
Start importing Assets/arena/ScoreManager.cs using Guid(2770bf38b9856174cba5d1cd5326d32e) Importer(815301076,1909f56bfc062723c751e8b465ee728b) (PreviewImporter) -> (artifact id: '00000000000000000000000000000000') in 0.000792 seconds
Import Error Code:(4)
Message: Build asset version error: assets/arena/scoremanager.cs in SourceAssetDB has modification time of '2026-04-09T15:31:27.6131237Z' while content on disk has modification time of '2026-04-09T15:31:39.8902584Z'
  ERROR: Build asset version error: assets/arena/scoremanager.cs in SourceAssetDB has modification time of '2026-04-09T15:31:27.6131237Z' while content on disk has modification time of '2026-04-09T15:31:39.8902584Z'
Number of updated asset objects reloaded before import = 0Number of asset objects unloaded after import = 0

========================================================================
Received Import Request.
  Time since last request: 0.000025 seconds.
  path: Assets/arena/ScoreManager.cs
  artifactKey: Guid(2770bf38b9856174cba5d1cd5326d32e) Importer(815301076,1909f56bfc062723c751e8b465ee728b)
Start importing Assets/arena/ScoreManager.cs using Guid(2770bf38b9856174cba5d1cd5326d32e) Importer(815301076,1909f56bfc062723c751e8b465ee728b) (PreviewImporter) -> (artifact id: '00000000000000000000000000000000') in 0.0009223 seconds
Import Error Code:(4)
Message: Build asset version error: assets/arena/scoremanager.cs in SourceAssetDB has modification time of '2026-04-09T15:31:27.6131237Z' while content on disk has modification time of '2026-04-09T15:31:39.8902584Z'
  ERROR: Build asset version error: assets/arena/scoremanager.cs in SourceAssetDB has modification time of '2026-04-09T15:31:27.6131237Z' while content on disk has modification time of '2026-04-09T15:31:39.8902584Z'
Number of updated asset objects reloaded before import = 0Number of asset objects unloaded after import = 0

========================================================================
Received Import Request.
  Time since last request: 0.000036 seconds.
  path: Assets/arena/ScoreManager.cs
  artifactKey: Guid(2770bf38b9856174cba5d1cd5326d32e) Importer(815301076,1909f56bfc062723c751e8b465ee728b)
Start importing Assets/arena/ScoreManager.cs using Guid(2770bf38b9856174cba5d1cd5326d32e) Importer(815301076,1909f56bfc062723c751e8b465ee728b) (PreviewImporter) -> (artifact id: '00000000000000000000000000000000') in 0.0009992 seconds
Import Error Code:(4)
Message: Build asset version error: assets/arena/scoremanager.cs in SourceAssetDB has modification time of '2026-04-09T15:31:27.6131237Z' while content on disk has modification time of '2026-04-09T15:31:39.8902584Z'
  ERROR: Build asset version error: assets/arena/scoremanager.cs in SourceAssetDB has modification time of '2026-04-09T15:31:27.6131237Z' while content on disk has modification time of '2026-04-09T15:31:39.8902584Z'
Number of updated asset objects reloaded before import = 0Number of asset objects unloaded after import = 0

========================================================================
Received Import Request.
  Time since last request: 0.000022 seconds.
  path: Assets/arena/ScoreManager.cs
  artifactKey: Guid(2770bf38b9856174cba5d1cd5326d32e) Importer(815301076,1909f56bfc062723c751e8b465ee728b)
Start importing Assets/arena/ScoreManager.cs using Guid(2770bf38b9856174cba5d1cd5326d32e) Importer(815301076,1909f56bfc062723c751e8b465ee728b) (PreviewImporter) -> (artifact id: '00000000000000000000000000000000') in 0.0008098 seconds
Import Error Code:(4)
Message: Build asset version error: assets/arena/scoremanager.cs in SourceAssetDB has modification time of '2026-04-09T15:31:27.6131237Z' while content on disk has modification time of '2026-04-09T15:31:39.8902584Z'
  ERROR: Build asset version error: assets/arena/scoremanager.cs in SourceAssetDB has modification time of '2026-04-09T15:31:27.6131237Z' while content on disk has modification time of '2026-04-09T15:31:39.8902584Z'
Number of updated asset objects reloaded before import = 0Number of asset objects unloaded after import = 0

========================================================================
Received Import Request.
  Time since last request: 0.000023 seconds.
  path: Assets/arena/ScoreManager.cs
  artifactKey: Guid(2770bf38b9856174cba5d1cd5326d32e) Importer(815301076,1909f56bfc062723c751e8b465ee728b)
Start importing Assets/arena/ScoreManager.cs using Guid(2770bf38b9856174cba5d1cd5326d32e) Importer(815301076,1909f56bfc062723c751e8b465ee728b) (PreviewImporter) -> (artifact id: '00000000000000000000000000000000') in 0.0008773 seconds
Import Error Code:(4)
Message: Build asset version error: assets/arena/scoremanager.cs in SourceAssetDB has modification time of '2026-04-09T15:31:27.6131237Z' while content on disk has modification time of '2026-04-09T15:31:39.8902584Z'
  ERROR: Build asset version error: assets/arena/scoremanager.cs in SourceAssetDB has modification time of '2026-04-09T15:31:27.6131237Z' while content on disk has modification time of '2026-04-09T15:31:39.8902584Z'
Number of updated asset objects reloaded before import = 0Number of asset objects unloaded after import = 0

========================================================================
Received Import Request.
  Time since last request: 0.000022 seconds.
  path: Assets/arena/ScoreManager.cs
  artifactKey: Guid(2770bf38b9856174cba5d1cd5326d32e) Importer(815301076,1909f56bfc062723c751e8b465ee728b)
Start importing Assets/arena/ScoreManager.cs using Guid(2770bf38b9856174cba5d1cd5326d32e) Importer(815301076,1909f56bfc062723c751e8b465ee728b) (PreviewImporter) -> (artifact id: '00000000000000000000000000000000') in 0.0008243 seconds
Import Error Code:(4)
Message: Build asset version error: assets/arena/scoremanager.cs in SourceAssetDB has modification time of '2026-04-09T15:31:27.6131237Z' while content on disk has modification time of '2026-04-09T15:31:39.8902584Z'
  ERROR: Build asset version error: assets/arena/scoremanager.cs in SourceAssetDB has modification time of '2026-04-09T15:31:27.6131237Z' while content on disk has modification time of '2026-04-09T15:31:39.8902584Z'
Number of updated asset objects reloaded before import = 0Number of asset objects unloaded after import = 0

========================================================================
Received Import Request.
  Time since last request: 0.000021 seconds.
  path: Assets/arena/ScoreManager.cs
  artifactKey: Guid(2770bf38b9856174cba5d1cd5326d32e) Importer(815301076,1909f56bfc062723c751e8b465ee728b)
Start importing Assets/arena/ScoreManager.cs using Guid(2770bf38b9856174cba5d1cd5326d32e) Importer(815301076,1909f56bfc062723c751e8b465ee728b) (PreviewImporter) -> (artifact id: '00000000000000000000000000000000') in 0.000893 seconds
Import Error Code:(4)
Message: Build asset version error: assets/arena/scoremanager.cs in SourceAssetDB has modification time of '2026-04-09T15:31:27.6131237Z' while content on disk has modification time of '2026-04-09T15:31:39.8902584Z'
  ERROR: Build asset version error: assets/arena/scoremanager.cs in SourceAssetDB has modification time of '2026-04-09T15:31:27.6131237Z' while content on disk has modification time of '2026-04-09T15:31:39.8902584Z'
Number of updated asset objects reloaded before import = 0Number of asset objects unloaded after import = 0

========================================================================
Received Import Request.
  Time since last request: 0.000026 seconds.
  path: Assets/arena/ScoreManager.cs
  artifactKey: Guid(2770bf38b9856174cba5d1cd5326d32e) Importer(815301076,1909f56bfc062723c751e8b465ee728b)
Start importing Assets/arena/ScoreManager.cs using Guid(2770bf38b9856174cba5d1cd5326d32e) Importer(815301076,1909f56bfc062723c751e8b465ee728b) (PreviewImporter) -> (artifact id: '00000000000000000000000000000000') in 0.0007757 seconds
Import Error Code:(4)
Message: Build asset version error: assets/arena/scoremanager.cs in SourceAssetDB has modification time of '2026-04-09T15:31:27.6131237Z' while content on disk has modification time of '2026-04-09T15:31:39.8902584Z'
  ERROR: Build asset version error: assets/arena/scoremanager.cs in SourceAssetDB has modification time of '2026-04-09T15:31:27.6131237Z' while content on disk has modification time of '2026-04-09T15:31:39.8902584Z'
Number of updated asset objects reloaded before import = 0Number of asset objects unloaded after import = 0

========================================================================
Received Import Request.
  Time since last request: 0.000035 seconds.
  path: Assets/arena/ScoreManager.cs
  artifactKey: Guid(2770bf38b9856174cba5d1cd5326d32e) Importer(815301076,1909f56bfc062723c751e8b465ee728b)
Start importing Assets/arena/ScoreManager.cs using Guid(2770bf38b9856174cba5d1cd5326d32e) Importer(815301076,1909f56bfc062723c751e8b465ee728b) (PreviewImporter) -> (artifact id: '00000000000000000000000000000000') in 0.0010108 seconds
Import Error Code:(4)
Message: Build asset version error: assets/arena/scoremanager.cs in SourceAssetDB has modification time of '2026-04-09T15:31:27.6131237Z' while content on disk has modification time of '2026-04-09T15:31:39.8902584Z'
  ERROR: Build asset version error: assets/arena/scoremanager.cs in SourceAssetDB has modification time of '2026-04-09T15:31:27.6131237Z' while content on disk has modification time of '2026-04-09T15:31:39.8902584Z'
Number of updated asset objects reloaded before import = 0Number of asset objects unloaded after import = 0

========================================================================
Received Import Request.
  Time since last request: 0.000021 seconds.
  path: Assets/arena/ScoreManager.cs
  artifactKey: Guid(2770bf38b9856174cba5d1cd5326d32e) Importer(815301076,1909f56bfc062723c751e8b465ee728b)
Start importing Assets/arena/ScoreManager.cs using Guid(2770bf38b9856174cba5d1cd5326d32e) Importer(815301076,1909f56bfc062723c751e8b465ee728b) (PreviewImporter) -> (artifact id: '00000000000000000000000000000000') in 0.000824 seconds
Import Error Code:(4)
Message: Build asset version error: assets/arena/scoremanager.cs in SourceAssetDB has modification time of '2026-04-09T15:31:27.6131237Z' while content on disk has modification time of '2026-04-09T15:31:39.8902584Z'
  ERROR: Build asset version error: assets/arena/scoremanager.cs in SourceAssetDB has modification time of '2026-04-09T15:31:27.6131237Z' while content on disk has modification time of '2026-04-09T15:31:39.8902584Z'
Number of updated asset objects reloaded before import = 0Number of asset objects unloaded after import = 0

========================================================================
Received Import Request.
  Time since last request: 0.000020 seconds.
  path: Assets/arena/ScoreManager.cs
  artifactKey: Guid(2770bf38b9856174cba5d1cd5326d32e) Importer(815301076,1909f56bfc062723c751e8b465ee728b)
Start importing Assets/arena/ScoreManager.cs using Guid(2770bf38b9856174cba5d1cd5326d32e) Importer(815301076,1909f56bfc062723c751e8b465ee728b) (PreviewImporter) -> (artifact id: '00000000000000000000000000000000') in 0.0007876 seconds
Import Error Code:(4)
Message: Build asset version error: assets/arena/scoremanager.cs in SourceAssetDB has modification time of '2026-04-09T15:31:27.6131237Z' while content on disk has modification time of '2026-04-09T15:31:39.8902584Z'
  ERROR: Build asset version error: assets/arena/scoremanager.cs in SourceAssetDB has modification time of '2026-04-09T15:31:27.6131237Z' while content on disk has modification time of '2026-04-09T15:31:39.8902584Z'
Number of updated asset objects reloaded before import = 0Number of asset objects unloaded after import = 0

========================================================================
Received Import Request.
  Time since last request: 0.000023 seconds.
  path: Assets/arena/ScoreManager.cs
  artifactKey: Guid(2770bf38b9856174cba5d1cd5326d32e) Importer(815301076,1909f56bfc062723c751e8b465ee728b)
Start importing Assets/arena/ScoreManager.cs using Guid(2770bf38b9856174cba5d1cd5326d32e) Importer(815301076,1909f56bfc062723c751e8b465ee728b) (PreviewImporter) -> (artifact id: '00000000000000000000000000000000') in 0.0008171 seconds
Import Error Code:(4)
Message: Build asset version error: assets/arena/scoremanager.cs in SourceAssetDB has modification time of '2026-04-09T15:31:27.6131237Z' while content on disk has modification time of '2026-04-09T15:31:39.8902584Z'
  ERROR: Build asset version error: assets/arena/scoremanager.cs in SourceAssetDB has modification time of '2026-04-09T15:31:27.6131237Z' while content on disk has modification time of '2026-04-09T15:31:39.8902584Z'
Number of updated asset objects reloaded before import = 0Number of asset objects unloaded after import = 0

========================================================================
Received Import Request.
  Time since last request: 0.000021 seconds.
  path: Assets/arena/ScoreManager.cs
  artifactKey: Guid(2770bf38b9856174cba5d1cd5326d32e) Importer(815301076,1909f56bfc062723c751e8b465ee728b)
Start importing Assets/arena/ScoreManager.cs using Guid(2770bf38b9856174cba5d1cd5326d32e) Importer(815301076,1909f56bfc062723c751e8b465ee728b) (PreviewImporter) -> (artifact id: '00000000000000000000000000000000') in 0.0007816 seconds
Import Error Code:(4)
Message: Build asset version error: assets/arena/scoremanager.cs in SourceAssetDB has modification time of '2026-04-09T15:31:27.6131237Z' while content on disk has modification time of '2026-04-09T15:31:39.8902584Z'
  ERROR: Build asset version error: assets/arena/scoremanager.cs in SourceAssetDB has modification time of '2026-04-09T15:31:27.6131237Z' while content on disk has modification time of '2026-04-09T15:31:39.8902584Z'
Number of updated asset objects reloaded before import = 0Number of asset objects unloaded after import = 0

========================================================================
Received Import Request.
  Time since last request: 0.000025 seconds.
  path: Assets/arena/ScoreManager.cs
  artifactKey: Guid(2770bf38b9856174cba5d1cd5326d32e) Importer(815301076,1909f56bfc062723c751e8b465ee728b)
Start importing Assets/arena/ScoreManager.cs using Guid(2770bf38b9856174cba5d1cd5326d32e) Importer(815301076,1909f56bfc062723c751e8b465ee728b) (PreviewImporter) -> (artifact id: '00000000000000000000000000000000') in 0.0007571 seconds
Import Error Code:(4)
Message: Build asset version error: assets/arena/scoremanager.cs in SourceAssetDB has modification time of '2026-04-09T15:31:27.6131237Z' while content on disk has modification time of '2026-04-09T15:31:39.8902584Z'
  ERROR: Build asset version error: assets/arena/scoremanager.cs in SourceAssetDB has modification time of '2026-04-09T15:31:27.6131237Z' while content on disk has modification time of '2026-04-09T15:31:39.8902584Z'
Number of updated asset objects reloaded before import = 0Number of asset objects unloaded after import = 0

========================================================================
Received Import Request.
  Time since last request: 0.000036 seconds.
  path: Assets/arena/ScoreManager.cs
  artifactKey: Guid(2770bf38b9856174cba5d1cd5326d32e) Importer(815301076,1909f56bfc062723c751e8b465ee728b)
Start importing Assets/arena/ScoreManager.cs using Guid(2770bf38b9856174cba5d1cd5326d32e) Importer(815301076,1909f56bfc062723c751e8b465ee728b) (PreviewImporter) -> (artifact id: '00000000000000000000000000000000') in 0.0008486 seconds
Import Error Code:(4)
Message: Build asset version error: assets/arena/scoremanager.cs in SourceAssetDB has modification time of '2026-04-09T15:31:27.6131237Z' while content on disk has modification time of '2026-04-09T15:31:39.8902584Z'
  ERROR: Build asset version error: assets/arena/scoremanager.cs in SourceAssetDB has modification time of '2026-04-09T15:31:27.6131237Z' while content on disk has modification time of '2026-04-09T15:31:39.8902584Z'
Number of updated asset objects reloaded before import = 0Number of asset objects unloaded after import = 0

========================================================================
Received Import Request.
  Time since last request: 0.000022 seconds.
  path: Assets/arena/ScoreManager.cs
  artifactKey: Guid(2770bf38b9856174cba5d1cd5326d32e) Importer(815301076,1909f56bfc062723c751e8b465ee728b)
Start importing Assets/arena/ScoreManager.cs using Guid(2770bf38b9856174cba5d1cd5326d32e) Importer(815301076,1909f56bfc062723c751e8b465ee728b) (PreviewImporter) -> (artifact id: '00000000000000000000000000000000') in 0.0007622 seconds
Import Error Code:(4)
Message: Build asset version error: assets/arena/scoremanager.cs in SourceAssetDB has modification time of '2026-04-09T15:31:27.6131237Z' while content on disk has modification time of '2026-04-09T15:31:39.8902584Z'
  ERROR: Build asset version error: assets/arena/scoremanager.cs in SourceAssetDB has modification time of '2026-04-09T15:31:27.6131237Z' while content on disk has modification time of '2026-04-09T15:31:39.8902584Z'
Number of updated asset objects reloaded before import = 0Number of asset objects unloaded after import = 0

========================================================================
Received Import Request.
  Time since last request: 0.000023 seconds.
  path: Assets/arena/ScoreManager.cs
  artifactKey: Guid(2770bf38b9856174cba5d1cd5326d32e) Importer(815301076,1909f56bfc062723c751e8b465ee728b)
Start importing Assets/arena/ScoreManager.cs using Guid(2770bf38b9856174cba5d1cd5326d32e) Importer(815301076,1909f56bfc062723c751e8b465ee728b) (PreviewImporter) -> (artifact id: '00000000000000000000000000000000') in 0.0008127 seconds
Import Error Code:(4)
Message: Build asset version error: assets/arena/scoremanager.cs in SourceAssetDB has modification time of '2026-04-09T15:31:27.6131237Z' while content on disk has modification time of '2026-04-09T15:31:39.8902584Z'
  ERROR: Build asset version error: assets/arena/scoremanager.cs in SourceAssetDB has modification time of '2026-04-09T15:31:27.6131237Z' while content on disk has modification time of '2026-04-09T15:31:39.8902584Z'
Number of updated asset objects reloaded before import = 0Number of asset objects unloaded after import = 0

========================================================================
Received Import Request.
  Time since last request: 0.000023 seconds.
  path: Assets/arena/ScoreManager.cs
  artifactKey: Guid(2770bf38b9856174cba5d1cd5326d32e) Importer(815301076,1909f56bfc062723c751e8b465ee728b)
Start importing Assets/arena/ScoreManager.cs using Guid(2770bf38b9856174cba5d1cd5326d32e) Importer(815301076,1909f56bfc062723c751e8b465ee728b) (PreviewImporter) -> (artifact id: '00000000000000000000000000000000') in 0.0008144 seconds
Import Error Code:(4)
Message: Build asset version error: assets/arena/scoremanager.cs in SourceAssetDB has modification time of '2026-04-09T15:31:27.6131237Z' while content on disk has modification time of '2026-04-09T15:31:39.8902584Z'
  ERROR: Build asset version error: assets/arena/scoremanager.cs in SourceAssetDB has modification time of '2026-04-09T15:31:27.6131237Z' while content on disk has modification time of '2026-04-09T15:31:39.8902584Z'
Number of updated asset objects reloaded before import = 0Number of asset objects unloaded after import = 0

========================================================================
Received Import Request.
  Time since last request: 0.000023 seconds.
  path: Assets/arena/ScoreManager.cs
  artifactKey: Guid(2770bf38b9856174cba5d1cd5326d32e) Importer(815301076,1909f56bfc062723c751e8b465ee728b)
Start importing Assets/arena/ScoreManager.cs using Guid(2770bf38b9856174cba5d1cd5326d32e) Importer(815301076,1909f56bfc062723c751e8b465ee728b) (PreviewImporter) -> (artifact id: '00000000000000000000000000000000') in 0.0007711 seconds
Import Error Code:(4)
Message: Build asset version error: assets/arena/scoremanager.cs in SourceAssetDB has modification time of '2026-04-09T15:31:27.6131237Z' while content on disk has modification time of '2026-04-09T15:31:39.8902584Z'
  ERROR: Build asset version error: assets/arena/scoremanager.cs in SourceAssetDB has modification time of '2026-04-09T15:31:27.6131237Z' while content on disk has modification time of '2026-04-09T15:31:39.8902584Z'
Number of updated asset objects reloaded before import = 0Number of asset objects unloaded after import = 0

========================================================================
Received Import Request.
  Time since last request: 0.000026 seconds.
  path: Assets/arena/ScoreManager.cs
  artifactKey: Guid(2770bf38b9856174cba5d1cd5326d32e) Importer(815301076,1909f56bfc062723c751e8b465ee728b)
Start importing Assets/arena/ScoreManager.cs using Guid(2770bf38b9856174cba5d1cd5326d32e) Importer(815301076,1909f56bfc062723c751e8b465ee728b) (PreviewImporter) -> (artifact id: '00000000000000000000000000000000') in 0.0010372 seconds
Import Error Code:(4)
Message: Build asset version error: assets/arena/scoremanager.cs in SourceAssetDB has modification time of '2026-04-09T15:31:27.6131237Z' while content on disk has modification time of '2026-04-09T15:31:39.8902584Z'
  ERROR: Build asset version error: assets/arena/scoremanager.cs in SourceAssetDB has modification time of '2026-04-09T15:31:27.6131237Z' while content on disk has modification time of '2026-04-09T15:31:39.8902584Z'
Number of updated asset objects reloaded before import = 0Number of asset objects unloaded after import = 0

========================================================================
Received Import Request.
  Time since last request: 0.000036 seconds.
  path: Assets/arena/ScoreManager.cs
  artifactKey: Guid(2770bf38b9856174cba5d1cd5326d32e) Importer(815301076,1909f56bfc062723c751e8b465ee728b)
Start importing Assets/arena/ScoreManager.cs using Guid(2770bf38b9856174cba5d1cd5326d32e) Importer(815301076,1909f56bfc062723c751e8b465ee728b) (PreviewImporter) -> (artifact id: '00000000000000000000000000000000') in 0.0008126 seconds
Import Error Code:(4)
Message: Build asset version error: assets/arena/scoremanager.cs in SourceAssetDB has modification time of '2026-04-09T15:31:27.6131237Z' while content on disk has modification time of '2026-04-09T15:31:39.8902584Z'
  ERROR: Build asset version error: assets/arena/scoremanager.cs in SourceAssetDB has modification time of '2026-04-09T15:31:27.6131237Z' while content on disk has modification time of '2026-04-09T15:31:39.8902584Z'
Number of updated asset objects reloaded before import = 0Number of asset objects unloaded after import = 0

========================================================================
Received Import Request.
  Time since last request: 0.000022 seconds.
  path: Assets/arena/ScoreManager.cs
  artifactKey: Guid(2770bf38b9856174cba5d1cd5326d32e) Importer(815301076,1909f56bfc062723c751e8b465ee728b)
Start importing Assets/arena/ScoreManager.cs using Guid(2770bf38b9856174cba5d1cd5326d32e) Importer(815301076,1909f56bfc062723c751e8b465ee728b) (PreviewImporter) -> (artifact id: '00000000000000000000000000000000') in 0.0008138 seconds
Import Error Code:(4)
Message: Build asset version error: assets/arena/scoremanager.cs in SourceAssetDB has modification time of '2026-04-09T15:31:27.6131237Z' while content on disk has modification time of '2026-04-09T15:31:39.8902584Z'
  ERROR: Build asset version error: assets/arena/scoremanager.cs in SourceAssetDB has modification time of '2026-04-09T15:31:27.6131237Z' while content on disk has modification time of '2026-04-09T15:31:39.8902584Z'
Number of updated asset objects reloaded before import = 0Number of asset objects unloaded after import = 0

========================================================================
Received Import Request.
  Time since last request: 0.000023 seconds.
  path: Assets/arena/ScoreManager.cs
  artifactKey: Guid(2770bf38b9856174cba5d1cd5326d32e) Importer(815301076,1909f56bfc062723c751e8b465ee728b)
Start importing Assets/arena/ScoreManager.cs using Guid(2770bf38b9856174cba5d1cd5326d32e) Importer(815301076,1909f56bfc062723c751e8b465ee728b) (PreviewImporter) -> (artifact id: '00000000000000000000000000000000') in 0.0008077 seconds
Import Error Code:(4)
Message: Build asset version error: assets/arena/scoremanager.cs in SourceAssetDB has modification time of '2026-04-09T15:31:27.6131237Z' while content on disk has modification time of '2026-04-09T15:31:39.8902584Z'
  ERROR: Build asset version error: assets/arena/scoremanager.cs in SourceAssetDB has modification time of '2026-04-09T15:31:27.6131237Z' while content on disk has modification time of '2026-04-09T15:31:39.8902584Z'
Number of updated asset objects reloaded before import = 0Number of asset objects unloaded after import = 0

========================================================================
Received Import Request.
  Time since last request: 0.000022 seconds.
  path: Assets/arena/ScoreManager.cs
  artifactKey: Guid(2770bf38b9856174cba5d1cd5326d32e) Importer(815301076,1909f56bfc062723c751e8b465ee728b)
Start importing Assets/arena/ScoreManager.cs using Guid(2770bf38b9856174cba5d1cd5326d32e) Importer(815301076,1909f56bfc062723c751e8b465ee728b) (PreviewImporter) -> (artifact id: '00000000000000000000000000000000') in 0.0007713 seconds
Import Error Code:(4)
Message: Build asset version error: assets/arena/scoremanager.cs in SourceAssetDB has modification time of '2026-04-09T15:31:27.6131237Z' while content on disk has modification time of '2026-04-09T15:31:39.8902584Z'
  ERROR: Build asset version error: assets/arena/scoremanager.cs in SourceAssetDB has modification time of '2026-04-09T15:31:27.6131237Z' while content on disk has modification time of '2026-04-09T15:31:39.8902584Z'
Number of updated asset objects reloaded before import = 0Number of asset objects unloaded after import = 0

========================================================================
Received Import Request.
  Time since last request: 0.000022 seconds.
  path: Assets/arena/ScoreManager.cs
  artifactKey: Guid(2770bf38b9856174cba5d1cd5326d32e) Importer(815301076,1909f56bfc062723c751e8b465ee728b)
Start importing Assets/arena/ScoreManager.cs using Guid(2770bf38b9856174cba5d1cd5326d32e) Importer(815301076,1909f56bfc062723c751e8b465ee728b) (PreviewImporter) -> (artifact id: '00000000000000000000000000000000') in 0.0007949 seconds
Import Error Code:(4)
Message: Build asset version error: assets/arena/scoremanager.cs in SourceAssetDB has modification time of '2026-04-09T15:31:27.6131237Z' while content on disk has modification time of '2026-04-09T15:31:39.8902584Z'
  ERROR: Build asset version error: assets/arena/scoremanager.cs in SourceAssetDB has modification time of '2026-04-09T15:31:27.6131237Z' while content on disk has modification time of '2026-04-09T15:31:39.8902584Z'
Number of updated asset objects reloaded before import = 0Number of asset objects unloaded after import = 0

========================================================================
Received Import Request.
  Time since last request: 0.000027 seconds.
  path: Assets/arena/ScoreManager.cs
  artifactKey: Guid(2770bf38b9856174cba5d1cd5326d32e) Importer(815301076,1909f56bfc062723c751e8b465ee728b)
Start importing Assets/arena/ScoreManager.cs using Guid(2770bf38b9856174cba5d1cd5326d32e) Importer(815301076,1909f56bfc062723c751e8b465ee728b) (PreviewImporter) -> (artifact id: '00000000000000000000000000000000') in 0.0008484 seconds
Import Error Code:(4)
Message: Build asset version error: assets/arena/scoremanager.cs in SourceAssetDB has modification time of '2026-04-09T15:31:27.6131237Z' while content on disk has modification time of '2026-04-09T15:31:39.8902584Z'
  ERROR: Build asset version error: assets/arena/scoremanager.cs in SourceAssetDB has modification time of '2026-04-09T15:31:27.6131237Z' while content on disk has modification time of '2026-04-09T15:31:39.8902584Z'
Number of updated asset objects reloaded before import = 0Number of asset objects unloaded after import = 0

========================================================================
Received Import Request.
  Time since last request: 0.000035 seconds.
  path: Assets/arena/ScoreManager.cs
  artifactKey: Guid(2770bf38b9856174cba5d1cd5326d32e) Importer(815301076,1909f56bfc062723c751e8b465ee728b)
Start importing Assets/arena/ScoreManager.cs using Guid(2770bf38b9856174cba5d1cd5326d32e) Importer(815301076,1909f56bfc062723c751e8b465ee728b) (PreviewImporter) -> (artifact id: '00000000000000000000000000000000') in 0.0008213 seconds
Import Error Code:(4)
Message: Build asset version error: assets/arena/scoremanager.cs in SourceAssetDB has modification time of '2026-04-09T15:31:27.6131237Z' while content on disk has modification time of '2026-04-09T15:31:39.8902584Z'
  ERROR: Build asset version error: assets/arena/scoremanager.cs in SourceAssetDB has modification time of '2026-04-09T15:31:27.6131237Z' while content on disk has modification time of '2026-04-09T15:31:39.8902584Z'
Number of updated asset objects reloaded before import = 0Number of asset objects unloaded after import = 0

========================================================================
Received Import Request.
  Time since last request: 0.000035 seconds.
  path: Assets/arena/ScoreManager.cs
  artifactKey: Guid(2770bf38b9856174cba5d1cd5326d32e) Importer(815301076,1909f56bfc062723c751e8b465ee728b)
Start importing Assets/arena/ScoreManager.cs using Guid(2770bf38b9856174cba5d1cd5326d32e) Importer(815301076,1909f56bfc062723c751e8b465ee728b) (PreviewImporter) -> (artifact id: '00000000000000000000000000000000') in 0.0007895 seconds
Import Error Code:(4)
Message: Build asset version error: assets/arena/scoremanager.cs in SourceAssetDB has modification time of '2026-04-09T15:31:27.6131237Z' while content on disk has modification time of '2026-04-09T15:31:39.8902584Z'
  ERROR: Build asset version error: assets/arena/scoremanager.cs in SourceAssetDB has modification time of '2026-04-09T15:31:27.6131237Z' while content on disk has modification time of '2026-04-09T15:31:39.8902584Z'
Number of updated asset objects reloaded before import = 0Number of asset objects unloaded after import = 0

========================================================================
Received Import Request.
  Time since last request: 0.000026 seconds.
  path: Assets/arena/ScoreManager.cs
  artifactKey: Guid(2770bf38b9856174cba5d1cd5326d32e) Importer(815301076,1909f56bfc062723c751e8b465ee728b)
Start importing Assets/arena/ScoreManager.cs using Guid(2770bf38b9856174cba5d1cd5326d32e) Importer(815301076,1909f56bfc062723c751e8b465ee728b) (PreviewImporter) -> (artifact id: '00000000000000000000000000000000') in 0.0008829 seconds
Import Error Code:(4)
Message: Build asset version error: assets/arena/scoremanager.cs in SourceAssetDB has modification time of '2026-04-09T15:31:27.6131237Z' while content on disk has modification time of '2026-04-09T15:31:39.8902584Z'
  ERROR: Build asset version error: assets/arena/scoremanager.cs in SourceAssetDB has modification time of '2026-04-09T15:31:27.6131237Z' while content on disk has modification time of '2026-04-09T15:31:39.8902584Z'
Number of updated asset objects reloaded before import = 0Number of asset objects unloaded after import = 0

========================================================================
Received Import Request.
  Time since last request: 0.000023 seconds.
  path: Assets/arena/ScoreManager.cs
  artifactKey: Guid(2770bf38b9856174cba5d1cd5326d32e) Importer(815301076,1909f56bfc062723c751e8b465ee728b)
Start importing Assets/arena/ScoreManager.cs using Guid(2770bf38b9856174cba5d1cd5326d32e) Importer(815301076,1909f56bfc062723c751e8b465ee728b) (PreviewImporter) -> (artifact id: '00000000000000000000000000000000') in 0.000751 seconds
Import Error Code:(4)
Message: Build asset version error: assets/arena/scoremanager.cs in SourceAssetDB has modification time of '2026-04-09T15:31:27.6131237Z' while content on disk has modification time of '2026-04-09T15:31:39.8902584Z'
  ERROR: Build asset version error: assets/arena/scoremanager.cs in SourceAssetDB has modification time of '2026-04-09T15:31:27.6131237Z' while content on disk has modification time of '2026-04-09T15:31:39.8902584Z'
Number of updated asset objects reloaded before import = 0Number of asset objects unloaded after import = 0

========================================================================
Received Import Request.
  Time since last request: 0.000029 seconds.
  path: Assets/arena/ScoreManager.cs
  artifactKey: Guid(2770bf38b9856174cba5d1cd5326d32e) Importer(815301076,1909f56bfc062723c751e8b465ee728b)
Start importing Assets/arena/ScoreManager.cs using Guid(2770bf38b9856174cba5d1cd5326d32e) Importer(815301076,1909f56bfc062723c751e8b465ee728b) (PreviewImporter) -> (artifact id: '00000000000000000000000000000000') in 0.0007549 seconds
Import Error Code:(4)
Message: Build asset version error: assets/arena/scoremanager.cs in SourceAssetDB has modification time of '2026-04-09T15:31:27.6131237Z' while content on disk has modification time of '2026-04-09T15:31:39.8902584Z'
  ERROR: Build asset version error: assets/arena/scoremanager.cs in SourceAssetDB has modification time of '2026-04-09T15:31:27.6131237Z' while content on disk has modification time of '2026-04-09T15:31:39.8902584Z'
Number of updated asset objects reloaded before import = 0Number of asset objects unloaded after import = 0

========================================================================
Received Import Request.
  Time since last request: 0.000041 seconds.
  path: Assets/arena/ScoreManager.cs
  artifactKey: Guid(2770bf38b9856174cba5d1cd5326d32e) Importer(815301076,1909f56bfc062723c751e8b465ee728b)
Start importing Assets/arena/ScoreManager.cs using Guid(2770bf38b9856174cba5d1cd5326d32e) Importer(815301076,1909f56bfc062723c751e8b465ee728b) (PreviewImporter) -> (artifact id: '00000000000000000000000000000000') in 0.0009644 seconds
Import Error Code:(4)
Message: Build asset version error: assets/arena/scoremanager.cs in SourceAssetDB has modification time of '2026-04-09T15:31:27.6131237Z' while content on disk has modification time of '2026-04-09T15:31:39.8902584Z'
  ERROR: Build asset version error: assets/arena/scoremanager.cs in SourceAssetDB has modification time of '2026-04-09T15:31:27.6131237Z' while content on disk has modification time of '2026-04-09T15:31:39.8902584Z'
Number of updated asset objects reloaded before import = 0Number of asset objects unloaded after import = 0

========================================================================
Received Import Request.
  Time since last request: 0.000023 seconds.
  path: Assets/arena/ScoreManager.cs
  artifactKey: Guid(2770bf38b9856174cba5d1cd5326d32e) Importer(815301076,1909f56bfc062723c751e8b465ee728b)
Start importing Assets/arena/ScoreManager.cs using Guid(2770bf38b9856174cba5d1cd5326d32e) Importer(815301076,1909f56bfc062723c751e8b465ee728b) (PreviewImporter) -> (artifact id: '00000000000000000000000000000000') in 0.0008049 seconds
Import Error Code:(4)
Message: Build asset version error: assets/arena/scoremanager.cs in SourceAssetDB has modification time of '2026-04-09T15:31:27.6131237Z' while content on disk has modification time of '2026-04-09T15:31:39.8902584Z'
  ERROR: Build asset version error: assets/arena/scoremanager.cs in SourceAssetDB has modification time of '2026-04-09T15:31:27.6131237Z' while content on disk has modification time of '2026-04-09T15:31:39.8902584Z'
Number of updated asset objects reloaded before import = 0Number of asset objects unloaded after import = 0

========================================================================
Received Import Request.
  Time since last request: 0.000021 seconds.
  path: Assets/arena/ScoreManager.cs
  artifactKey: Guid(2770bf38b9856174cba5d1cd5326d32e) Importer(815301076,1909f56bfc062723c751e8b465ee728b)
Start importing Assets/arena/ScoreManager.cs using Guid(2770bf38b9856174cba5d1cd5326d32e) Importer(815301076,1909f56bfc062723c751e8b465ee728b) (PreviewImporter) -> (artifact id: '00000000000000000000000000000000') in 0.0007698 seconds
Import Error Code:(4)
Message: Build asset version error: assets/arena/scoremanager.cs in SourceAssetDB has modification time of '2026-04-09T15:31:27.6131237Z' while content on disk has modification time of '2026-04-09T15:31:39.8902584Z'
  ERROR: Build asset version error: assets/arena/scoremanager.cs in SourceAssetDB has modification time of '2026-04-09T15:31:27.6131237Z' while content on disk has modification time of '2026-04-09T15:31:39.8902584Z'
Number of updated asset objects reloaded before import = 0Number of asset objects unloaded after import = 0

========================================================================
Received Import Request.
  Time since last request: 0.000023 seconds.
  path: Assets/arena/ScoreManager.cs
  artifactKey: Guid(2770bf38b9856174cba5d1cd5326d32e) Importer(815301076,1909f56bfc062723c751e8b465ee728b)
Start importing Assets/arena/ScoreManager.cs using Guid(2770bf38b9856174cba5d1cd5326d32e) Importer(815301076,1909f56bfc062723c751e8b465ee728b) (PreviewImporter) -> (artifact id: '00000000000000000000000000000000') in 0.0007674 seconds
Import Error Code:(4)
Message: Build asset version error: assets/arena/scoremanager.cs in SourceAssetDB has modification time of '2026-04-09T15:31:27.6131237Z' while content on disk has modification time of '2026-04-09T15:31:39.8902584Z'
  ERROR: Build asset version error: assets/arena/scoremanager.cs in SourceAssetDB has modification time of '2026-04-09T15:31:27.6131237Z' while content on disk has modification time of '2026-04-09T15:31:39.8902584Z'
Number of updated asset objects reloaded before import = 0Number of asset objects unloaded after import = 0

========================================================================
Received Import Request.
  Time since last request: 0.000025 seconds.
  path: Assets/arena/ScoreManager.cs
  artifactKey: Guid(2770bf38b9856174cba5d1cd5326d32e) Importer(815301076,1909f56bfc062723c751e8b465ee728b)
Start importing Assets/arena/ScoreManager.cs using Guid(2770bf38b9856174cba5d1cd5326d32e) Importer(815301076,1909f56bfc062723c751e8b465ee728b) (PreviewImporter) -> (artifact id: '00000000000000000000000000000000') in 0.0008199 seconds
Import Error Code:(4)
Message: Build asset version error: assets/arena/scoremanager.cs in SourceAssetDB has modification time of '2026-04-09T15:31:27.6131237Z' while content on disk has modification time of '2026-04-09T15:31:39.8902584Z'
  ERROR: Build asset version error: assets/arena/scoremanager.cs in SourceAssetDB has modification time of '2026-04-09T15:31:27.6131237Z' while content on disk has modification time of '2026-04-09T15:31:39.8902584Z'
Number of updated asset objects reloaded before import = 0Number of asset objects unloaded after import = 0

========================================================================
Received Import Request.
  Time since last request: 0.000036 seconds.
  path: Assets/arena/ScoreManager.cs
  artifactKey: Guid(2770bf38b9856174cba5d1cd5326d32e) Importer(815301076,1909f56bfc062723c751e8b465ee728b)
Start importing Assets/arena/ScoreManager.cs using Guid(2770bf38b9856174cba5d1cd5326d32e) Importer(815301076,1909f56bfc062723c751e8b465ee728b) (PreviewImporter) -> (artifact id: '00000000000000000000000000000000') in 0.0008687 seconds
Import Error Code:(4)
Message: Build asset version error: assets/arena/scoremanager.cs in SourceAssetDB has modification time of '2026-04-09T15:31:27.6131237Z' while content on disk has modification time of '2026-04-09T15:31:39.8902584Z'
  ERROR: Build asset version error: assets/arena/scoremanager.cs in SourceAssetDB has modification time of '2026-04-09T15:31:27.6131237Z' while content on disk has modification time of '2026-04-09T15:31:39.8902584Z'
Number of updated asset objects reloaded before import = 0Number of asset objects unloaded after import = 0

========================================================================
Received Import Request.
  Time since last request: 0.000021 seconds.
  path: Assets/arena/ScoreManager.cs
  artifactKey: Guid(2770bf38b9856174cba5d1cd5326d32e) Importer(815301076,1909f56bfc062723c751e8b465ee728b)
Start importing Assets/arena/ScoreManager.cs using Guid(2770bf38b9856174cba5d1cd5326d32e) Importer(815301076,1909f56bfc062723c751e8b465ee728b) (PreviewImporter) -> (artifact id: '00000000000000000000000000000000') in 0.0009895 seconds
Import Error Code:(4)
Message: Build asset version error: assets/arena/scoremanager.cs in SourceAssetDB has modification time of '2026-04-09T15:31:27.6131237Z' while content on disk has modification time of '2026-04-09T15:31:39.8902584Z'
  ERROR: Build asset version error: assets/arena/scoremanager.cs in SourceAssetDB has modification time of '2026-04-09T15:31:27.6131237Z' while content on disk has modification time of '2026-04-09T15:31:39.8902584Z'
Number of updated asset objects reloaded before import = 0Number of asset objects unloaded after import = 0

========================================================================
Received Import Request.
  Time since last request: 0.000022 seconds.
  path: Assets/arena/ScoreManager.cs
  artifactKey: Guid(2770bf38b9856174cba5d1cd5326d32e) Importer(815301076,1909f56bfc062723c751e8b465ee728b)
Start importing Assets/arena/ScoreManager.cs using Guid(2770bf38b9856174cba5d1cd5326d32e) Importer(815301076,1909f56bfc062723c751e8b465ee728b) (PreviewImporter) -> (artifact id: '00000000000000000000000000000000') in 0.0009 seconds
Import Error Code:(4)
Message: Build asset version error: assets/arena/scoremanager.cs in SourceAssetDB has modification time of '2026-04-09T15:31:27.6131237Z' while content on disk has modification time of '2026-04-09T15:31:39.8902584Z'
  ERROR: Build asset version error: assets/arena/scoremanager.cs in SourceAssetDB has modification time of '2026-04-09T15:31:27.6131237Z' while content on disk has modification time of '2026-04-09T15:31:39.8902584Z'
Number of updated asset objects reloaded before import = 0Number of asset objects unloaded after import = 0

========================================================================
Received Import Request.
  Time since last request: 0.000024 seconds.
  path: Assets/arena/ScoreManager.cs
  artifactKey: Guid(2770bf38b9856174cba5d1cd5326d32e) Importer(815301076,1909f56bfc062723c751e8b465ee728b)
Start importing Assets/arena/ScoreManager.cs using Guid(2770bf38b9856174cba5d1cd5326d32e) Importer(815301076,1909f56bfc062723c751e8b465ee728b) (PreviewImporter) -> (artifact id: '00000000000000000000000000000000') in 0.0007712 seconds
Import Error Code:(4)
Message: Build asset version error: assets/arena/scoremanager.cs in SourceAssetDB has modification time of '2026-04-09T15:31:27.6131237Z' while content on disk has modification time of '2026-04-09T15:31:39.8902584Z'
  ERROR: Build asset version error: assets/arena/scoremanager.cs in SourceAssetDB has modification time of '2026-04-09T15:31:27.6131237Z' while content on disk has modification time of '2026-04-09T15:31:39.8902584Z'
Number of updated asset objects reloaded before import = 0Number of asset objects unloaded after import = 0

========================================================================
Received Import Request.
  Time since last request: 0.000022 seconds.
  path: Assets/arena/ScoreManager.cs
  artifactKey: Guid(2770bf38b9856174cba5d1cd5326d32e) Importer(815301076,1909f56bfc062723c751e8b465ee728b)
Start importing Assets/arena/ScoreManager.cs using Guid(2770bf38b9856174cba5d1cd5326d32e) Importer(815301076,1909f56bfc062723c751e8b465ee728b) (PreviewImporter) -> (artifact id: '00000000000000000000000000000000') in 0.0007773 seconds
Import Error Code:(4)
Message: Build asset version error: assets/arena/scoremanager.cs in SourceAssetDB has modification time of '2026-04-09T15:31:27.6131237Z' while content on disk has modification time of '2026-04-09T15:31:39.8902584Z'
  ERROR: Build asset version error: assets/arena/scoremanager.cs in SourceAssetDB has modification time of '2026-04-09T15:31:27.6131237Z' while content on disk has modification time of '2026-04-09T15:31:39.8902584Z'
Number of updated asset objects reloaded before import = 0Number of asset objects unloaded after import = 0

========================================================================
Received Import Request.
  Time since last request: 0.000026 seconds.
  path: Assets/arena/ScoreManager.cs
  artifactKey: Guid(2770bf38b9856174cba5d1cd5326d32e) Importer(815301076,1909f56bfc062723c751e8b465ee728b)
Start importing Assets/arena/ScoreManager.cs using Guid(2770bf38b9856174cba5d1cd5326d32e) Importer(815301076,1909f56bfc062723c751e8b465ee728b) (PreviewImporter) -> (artifact id: '00000000000000000000000000000000') in 0.0010364 seconds
Import Error Code:(4)
Message: Build asset version error: assets/arena/scoremanager.cs in SourceAssetDB has modification time of '2026-04-09T15:31:27.6131237Z' while content on disk has modification time of '2026-04-09T15:31:39.8902584Z'
  ERROR: Build asset version error: assets/arena/scoremanager.cs in SourceAssetDB has modification time of '2026-04-09T15:31:27.6131237Z' while content on disk has modification time of '2026-04-09T15:31:39.8902584Z'
Number of updated asset objects reloaded before import = 0Number of asset objects unloaded after import = 0

========================================================================
Received Import Request.
  Time since last request: 0.000070 seconds.
  path: Assets/arena/ScoreManager.cs
  artifactKey: Guid(2770bf38b9856174cba5d1cd5326d32e) Importer(815301076,1909f56bfc062723c751e8b465ee728b)
Start importing Assets/arena/ScoreManager.cs using Guid(2770bf38b9856174cba5d1cd5326d32e) Importer(815301076,1909f56bfc062723c751e8b465ee728b) (PreviewImporter) -> (artifact id: '00000000000000000000000000000000') in 0.0007625 seconds
Import Error Code:(4)
Message: Build asset version error: assets/arena/scoremanager.cs in SourceAssetDB has modification time of '2026-04-09T15:31:27.6131237Z' while content on disk has modification time of '2026-04-09T15:31:39.8902584Z'
  ERROR: Build asset version error: assets/arena/scoremanager.cs in SourceAssetDB has modification time of '2026-04-09T15:31:27.6131237Z' while content on disk has modification time of '2026-04-09T15:31:39.8902584Z'
Number of updated asset objects reloaded before import = 0Number of asset objects unloaded after import = 0

========================================================================
Received Import Request.
  Time since last request: 0.000022 seconds.
  path: Assets/arena/ScoreManager.cs
  artifactKey: Guid(2770bf38b9856174cba5d1cd5326d32e) Importer(815301076,1909f56bfc062723c751e8b465ee728b)
Start importing Assets/arena/ScoreManager.cs using Guid(2770bf38b9856174cba5d1cd5326d32e) Importer(815301076,1909f56bfc062723c751e8b465ee728b) (PreviewImporter) -> (artifact id: '00000000000000000000000000000000') in 0.0009049 seconds
Import Error Code:(4)
Message: Build asset version error: assets/arena/scoremanager.cs in SourceAssetDB has modification time of '2026-04-09T15:31:27.6131237Z' while content on disk has modification time of '2026-04-09T15:31:39.8902584Z'
  ERROR: Build asset version error: assets/arena/scoremanager.cs in SourceAssetDB has modification time of '2026-04-09T15:31:27.6131237Z' while content on disk has modification time of '2026-04-09T15:31:39.8902584Z'
Number of updated asset objects reloaded before import = 0Number of asset objects unloaded after import = 0

========================================================================
Received Import Request.
  Time since last request: 0.000022 seconds.
  path: Assets/arena/ScoreManager.cs
  artifactKey: Guid(2770bf38b9856174cba5d1cd5326d32e) Importer(815301076,1909f56bfc062723c751e8b465ee728b)
Start importing Assets/arena/ScoreManager.cs using Guid(2770bf38b9856174cba5d1cd5326d32e) Importer(815301076,1909f56bfc062723c751e8b465ee728b) (PreviewImporter) -> (artifact id: '00000000000000000000000000000000') in 0.0007781 seconds
Import Error Code:(4)
Message: Build asset version error: assets/arena/scoremanager.cs in SourceAssetDB has modification time of '2026-04-09T15:31:27.6131237Z' while content on disk has modification time of '2026-04-09T15:31:39.8902584Z'
  ERROR: Build asset version error: assets/arena/scoremanager.cs in SourceAssetDB has modification time of '2026-04-09T15:31:27.6131237Z' while content on disk has modification time of '2026-04-09T15:31:39.8902584Z'
Number of updated asset objects reloaded before import = 0Number of asset objects unloaded after import = 0

========================================================================
Received Import Request.
  Time since last request: 0.000022 seconds.
  path: Assets/arena/ScoreManager.cs
  artifactKey: Guid(2770bf38b9856174cba5d1cd5326d32e) Importer(815301076,1909f56bfc062723c751e8b465ee728b)
Start importing Assets/arena/ScoreManager.cs using Guid(2770bf38b9856174cba5d1cd5326d32e) Importer(815301076,1909f56bfc062723c751e8b465ee728b) (PreviewImporter) -> (artifact id: '00000000000000000000000000000000') in 0.000802 seconds
Import Error Code:(4)
Message: Build asset version error: assets/arena/scoremanager.cs in SourceAssetDB has modification time of '2026-04-09T15:31:27.6131237Z' while content on disk has modification time of '2026-04-09T15:31:39.8902584Z'
  ERROR: Build asset version error: assets/arena/scoremanager.cs in SourceAssetDB has modification time of '2026-04-09T15:31:27.6131237Z' while content on disk has modification time of '2026-04-09T15:31:39.8902584Z'
Number of updated asset objects reloaded before import = 0Number of asset objects unloaded after import = 0

========================================================================
Received Import Request.
  Time since last request: 0.000021 seconds.
  path: Assets/arena/ScoreManager.cs
  artifactKey: Guid(2770bf38b9856174cba5d1cd5326d32e) Importer(815301076,1909f56bfc062723c751e8b465ee728b)
Start importing Assets/arena/ScoreManager.cs using Guid(2770bf38b9856174cba5d1cd5326d32e) Importer(815301076,1909f56bfc062723c751e8b465ee728b) (PreviewImporter) -> (artifact id: '00000000000000000000000000000000') in 0.0007947 seconds
Import Error Code:(4)
Message: Build asset version error: assets/arena/scoremanager.cs in SourceAssetDB has modification time of '2026-04-09T15:31:27.6131237Z' while content on disk has modification time of '2026-04-09T15:31:39.8902584Z'
  ERROR: Build asset version error: assets/arena/scoremanager.cs in SourceAssetDB has modification time of '2026-04-09T15:31:27.6131237Z' while content on disk has modification time of '2026-04-09T15:31:39.8902584Z'
Number of updated asset objects reloaded before import = 0Number of asset objects unloaded after import = 0

========================================================================
Received Import Request.
  Time since last request: 0.000024 seconds.
  path: Assets/arena/ScoreManager.cs
  artifactKey: Guid(2770bf38b9856174cba5d1cd5326d32e) Importer(815301076,1909f56bfc062723c751e8b465ee728b)
Start importing Assets/arena/ScoreManager.cs using Guid(2770bf38b9856174cba5d1cd5326d32e) Importer(815301076,1909f56bfc062723c751e8b465ee728b) (PreviewImporter) -> (artifact id: '00000000000000000000000000000000') in 0.0007835 seconds
Import Error Code:(4)
Message: Build asset version error: assets/arena/scoremanager.cs in SourceAssetDB has modification time of '2026-04-09T15:31:27.6131237Z' while content on disk has modification time of '2026-04-09T15:31:39.8902584Z'
  ERROR: Build asset version error: assets/arena/scoremanager.cs in SourceAssetDB has modification time of '2026-04-09T15:31:27.6131237Z' while content on disk has modification time of '2026-04-09T15:31:39.8902584Z'
Number of updated asset objects reloaded before import = 0Number of asset objects unloaded after import = 0

========================================================================
Received Import Request.
  Time since last request: 0.000036 seconds.
  path: Assets/arena/ScoreManager.cs
  artifactKey: Guid(2770bf38b9856174cba5d1cd5326d32e) Importer(815301076,1909f56bfc062723c751e8b465ee728b)
Start importing Assets/arena/ScoreManager.cs using Guid(2770bf38b9856174cba5d1cd5326d32e) Importer(815301076,1909f56bfc062723c751e8b465ee728b) (PreviewImporter) -> (artifact id: '00000000000000000000000000000000') in 0.0007745 seconds
Import Error Code:(4)
Message: Build asset version error: assets/arena/scoremanager.cs in SourceAssetDB has modification time of '2026-04-09T15:31:27.6131237Z' while content on disk has modification time of '2026-04-09T15:31:39.8902584Z'
  ERROR: Build asset version error: assets/arena/scoremanager.cs in SourceAssetDB has modification time of '2026-04-09T15:31:27.6131237Z' while content on disk has modification time of '2026-04-09T15:31:39.8902584Z'
Number of updated asset objects reloaded before import = 0Number of asset objects unloaded after import = 0

========================================================================
Received Import Request.
  Time since last request: 0.000023 seconds.
  path: Assets/arena/ScoreManager.cs
  artifactKey: Guid(2770bf38b9856174cba5d1cd5326d32e) Importer(815301076,1909f56bfc062723c751e8b465ee728b)
Start importing Assets/arena/ScoreManager.cs using Guid(2770bf38b9856174cba5d1cd5326d32e) Importer(815301076,1909f56bfc062723c751e8b465ee728b) (PreviewImporter) -> (artifact id: '00000000000000000000000000000000') in 0.0010551 seconds
Import Error Code:(4)
Message: Build asset version error: assets/arena/scoremanager.cs in SourceAssetDB has modification time of '2026-04-09T15:31:27.6131237Z' while content on disk has modification time of '2026-04-09T15:31:39.8902584Z'
  ERROR: Build asset version error: assets/arena/scoremanager.cs in SourceAssetDB has modification time of '2026-04-09T15:31:27.6131237Z' while content on disk has modification time of '2026-04-09T15:31:39.8902584Z'
Number of updated asset objects reloaded before import = 0Number of asset objects unloaded after import = 0

========================================================================
Received Import Request.
  Time since last request: 0.000021 seconds.
  path: Assets/arena/ScoreManager.cs
  artifactKey: Guid(2770bf38b9856174cba5d1cd5326d32e) Importer(815301076,1909f56bfc062723c751e8b465ee728b)
Start importing Assets/arena/ScoreManager.cs using Guid(2770bf38b9856174cba5d1cd5326d32e) Importer(815301076,1909f56bfc062723c751e8b465ee728b) (PreviewImporter) -> (artifact id: '00000000000000000000000000000000') in 0.00078 seconds
Import Error Code:(4)
Message: Build asset version error: assets/arena/scoremanager.cs in SourceAssetDB has modification time of '2026-04-09T15:31:27.6131237Z' while content on disk has modification time of '2026-04-09T15:31:39.8902584Z'
  ERROR: Build asset version error: assets/arena/scoremanager.cs in SourceAssetDB has modification time of '2026-04-09T15:31:27.6131237Z' while content on disk has modification time of '2026-04-09T15:31:39.8902584Z'
Number of updated asset objects reloaded before import = 0Number of asset objects unloaded after import = 0

========================================================================
Received Import Request.
  Time since last request: 0.000024 seconds.
  path: Assets/arena/ScoreManager.cs
  artifactKey: Guid(2770bf38b9856174cba5d1cd5326d32e) Importer(815301076,1909f56bfc062723c751e8b465ee728b)
Start importing Assets/arena/ScoreManager.cs using Guid(2770bf38b9856174cba5d1cd5326d32e) Importer(815301076,1909f56bfc062723c751e8b465ee728b) (PreviewImporter) -> (artifact id: '00000000000000000000000000000000') in 0.0008039 seconds
Import Error Code:(4)
Message: Build asset version error: assets/arena/scoremanager.cs in SourceAssetDB has modification time of '2026-04-09T15:31:27.6131237Z' while content on disk has modification time of '2026-04-09T15:31:39.8902584Z'
  ERROR: Build asset version error: assets/arena/scoremanager.cs in SourceAssetDB has modification time of '2026-04-09T15:31:27.6131237Z' while content on disk has modification time of '2026-04-09T15:31:39.8902584Z'
Number of updated asset objects reloaded before import = 0Number of asset objects unloaded after import = 0

========================================================================
Received Import Request.
  Time since last request: 0.000026 seconds.
  path: Assets/arena/ScoreManager.cs
  artifactKey: Guid(2770bf38b9856174cba5d1cd5326d32e) Importer(815301076,1909f56bfc062723c751e8b465ee728b)
Start importing Assets/arena/ScoreManager.cs using Guid(2770bf38b9856174cba5d1cd5326d32e) Importer(815301076,1909f56bfc062723c751e8b465ee728b) (PreviewImporter) -> (artifact id: '00000000000000000000000000000000') in 0.0008163 seconds
Import Error Code:(4)
Message: Build asset version error: assets/arena/scoremanager.cs in SourceAssetDB has modification time of '2026-04-09T15:31:27.6131237Z' while content on disk has modification time of '2026-04-09T15:31:39.8902584Z'
  ERROR: Build asset version error: assets/arena/scoremanager.cs in SourceAssetDB has modification time of '2026-04-09T15:31:27.6131237Z' while content on disk has modification time of '2026-04-09T15:31:39.8902584Z'
Number of updated asset objects reloaded before import = 0Number of asset objects unloaded after import = 0

========================================================================
Received Import Request.
  Time since last request: 0.000037 seconds.
  path: Assets/arena/ScoreManager.cs
  artifactKey: Guid(2770bf38b9856174cba5d1cd5326d32e) Importer(815301076,1909f56bfc062723c751e8b465ee728b)
Start importing Assets/arena/ScoreManager.cs using Guid(2770bf38b9856174cba5d1cd5326d32e) Importer(815301076,1909f56bfc062723c751e8b465ee728b) (PreviewImporter) -> (artifact id: '00000000000000000000000000000000') in 0.0009559 seconds
Import Error Code:(4)
Message: Build asset version error: assets/arena/scoremanager.cs in SourceAssetDB has modification time of '2026-04-09T15:31:27.6131237Z' while content on disk has modification time of '2026-04-09T15:31:39.8902584Z'
  ERROR: Build asset version error: assets/arena/scoremanager.cs in SourceAssetDB has modification time of '2026-04-09T15:31:27.6131237Z' while content on disk has modification time of '2026-04-09T15:31:39.8902584Z'
Number of updated asset objects reloaded before import = 0Number of asset objects unloaded after import = 0

========================================================================
Received Import Request.
  Time since last request: 0.000022 seconds.
  path: Assets/arena/ScoreManager.cs
  artifactKey: Guid(2770bf38b9856174cba5d1cd5326d32e) Importer(815301076,1909f56bfc062723c751e8b465ee728b)
Start importing Assets/arena/ScoreManager.cs using Guid(2770bf38b9856174cba5d1cd5326d32e) Importer(815301076,1909f56bfc062723c751e8b465ee728b) (PreviewImporter) -> (artifact id: '00000000000000000000000000000000') in 0.0008118 seconds
Import Error Code:(4)
Message: Build asset version error: assets/arena/scoremanager.cs in SourceAssetDB has modification time of '2026-04-09T15:31:27.6131237Z' while content on disk has modification time of '2026-04-09T15:31:39.8902584Z'
  ERROR: Build asset version error: assets/arena/scoremanager.cs in SourceAssetDB has modification time of '2026-04-09T15:31:27.6131237Z' while content on disk has modification time of '2026-04-09T15:31:39.8902584Z'
Number of updated asset objects reloaded before import = 0Number of asset objects unloaded after import = 0

========================================================================
Received Import Request.
  Time since last request: 0.000022 seconds.
  path: Assets/arena/ScoreManager.cs
  artifactKey: Guid(2770bf38b9856174cba5d1cd5326d32e) Importer(815301076,1909f56bfc062723c751e8b465ee728b)
Start importing Assets/arena/ScoreManager.cs using Guid(2770bf38b9856174cba5d1cd5326d32e) Importer(815301076,1909f56bfc062723c751e8b465ee728b) (PreviewImporter) -> (artifact id: '00000000000000000000000000000000') in 0.000805 seconds
Import Error Code:(4)
Message: Build asset version error: assets/arena/scoremanager.cs in SourceAssetDB has modification time of '2026-04-09T15:31:27.6131237Z' while content on disk has modification time of '2026-04-09T15:31:39.8902584Z'
  ERROR: Build asset version error: assets/arena/scoremanager.cs in SourceAssetDB has modification time of '2026-04-09T15:31:27.6131237Z' while content on disk has modification time of '2026-04-09T15:31:39.8902584Z'
Number of updated asset objects reloaded before import = 0Number of asset objects unloaded after import = 0

========================================================================
Received Import Request.
  Time since last request: 0.000023 seconds.
  path: Assets/arena/ScoreManager.cs
  artifactKey: Guid(2770bf38b9856174cba5d1cd5326d32e) Importer(815301076,1909f56bfc062723c751e8b465ee728b)
Start importing Assets/arena/ScoreManager.cs using Guid(2770bf38b9856174cba5d1cd5326d32e) Importer(815301076,1909f56bfc062723c751e8b465ee728b) (PreviewImporter) -> (artifact id: '00000000000000000000000000000000') in 0.0007791 seconds
Import Error Code:(4)
Message: Build asset version error: assets/arena/scoremanager.cs in SourceAssetDB has modification time of '2026-04-09T15:31:27.6131237Z' while content on disk has modification time of '2026-04-09T15:31:39.8902584Z'
  ERROR: Build asset version error: assets/arena/scoremanager.cs in SourceAssetDB has modification time of '2026-04-09T15:31:27.6131237Z' while content on disk has modification time of '2026-04-09T15:31:39.8902584Z'
Number of updated asset objects reloaded before import = 0Number of asset objects unloaded after import = 0

========================================================================
Received Import Request.
  Time since last request: 0.000025 seconds.
  path: Assets/arena/ScoreManager.cs
  artifactKey: Guid(2770bf38b9856174cba5d1cd5326d32e) Importer(815301076,1909f56bfc062723c751e8b465ee728b)
Start importing Assets/arena/ScoreManager.cs using Guid(2770bf38b9856174cba5d1cd5326d32e) Importer(815301076,1909f56bfc062723c751e8b465ee728b) (PreviewImporter) -> (artifact id: '00000000000000000000000000000000') in 0.0010849 seconds
Import Error Code:(4)
Message: Build asset version error: assets/arena/scoremanager.cs in SourceAssetDB has modification time of '2026-04-09T15:31:27.6131237Z' while content on disk has modification time of '2026-04-09T15:31:39.8902584Z'
  ERROR: Build asset version error: assets/arena/scoremanager.cs in SourceAssetDB has modification time of '2026-04-09T15:31:27.6131237Z' while content on disk has modification time of '2026-04-09T15:31:39.8902584Z'
Number of updated asset objects reloaded before import = 0Number of asset objects unloaded after import = 0

========================================================================
Received Import Request.
  Time since last request: 0.000035 seconds.
  path: Assets/arena/ScoreManager.cs
  artifactKey: Guid(2770bf38b9856174cba5d1cd5326d32e) Importer(815301076,1909f56bfc062723c751e8b465ee728b)
Start importing Assets/arena/ScoreManager.cs using Guid(2770bf38b9856174cba5d1cd5326d32e) Importer(815301076,1909f56bfc062723c751e8b465ee728b) (PreviewImporter) -> (artifact id: '00000000000000000000000000000000') in 0.0007346 seconds
Import Error Code:(4)
Message: Build asset version error: assets/arena/scoremanager.cs in SourceAssetDB has modification time of '2026-04-09T15:31:27.6131237Z' while content on disk has modification time of '2026-04-09T15:31:39.8902584Z'
  ERROR: Build asset version error: assets/arena/scoremanager.cs in SourceAssetDB has modification time of '2026-04-09T15:31:27.6131237Z' while content on disk has modification time of '2026-04-09T15:31:39.8902584Z'
Number of updated asset objects reloaded before import = 0Number of asset objects unloaded after import = 0

========================================================================
Received Import Request.
  Time since last request: 0.000021 seconds.
  path: Assets/arena/ScoreManager.cs
  artifactKey: Guid(2770bf38b9856174cba5d1cd5326d32e) Importer(815301076,1909f56bfc062723c751e8b465ee728b)
Start importing Assets/arena/ScoreManager.cs using Guid(2770bf38b9856174cba5d1cd5326d32e) Importer(815301076,1909f56bfc062723c751e8b465ee728b) (PreviewImporter) -> (artifact id: '00000000000000000000000000000000') in 0.0008542 seconds
Import Error Code:(4)
Message: Build asset version error: assets/arena/scoremanager.cs in SourceAssetDB has modification time of '2026-04-09T15:31:27.6131237Z' while content on disk has modification time of '2026-04-09T15:31:39.8902584Z'
  ERROR: Build asset version error: assets/arena/scoremanager.cs in SourceAssetDB has modification time of '2026-04-09T15:31:27.6131237Z' while content on disk has modification time of '2026-04-09T15:31:39.8902584Z'
Number of updated asset objects reloaded before import = 0Number of asset objects unloaded after import = 0

========================================================================
Received Import Request.
  Time since last request: 0.000024 seconds.
  path: Assets/arena/ScoreManager.cs
  artifactKey: Guid(2770bf38b9856174cba5d1cd5326d32e) Importer(815301076,1909f56bfc062723c751e8b465ee728b)
Start importing Assets/arena/ScoreManager.cs using Guid(2770bf38b9856174cba5d1cd5326d32e) Importer(815301076,1909f56bfc062723c751e8b465ee728b) (PreviewImporter) -> (artifact id: '00000000000000000000000000000000') in 0.0008153 seconds
Import Error Code:(4)
Message: Build asset version error: assets/arena/scoremanager.cs in SourceAssetDB has modification time of '2026-04-09T15:31:27.6131237Z' while content on disk has modification time of '2026-04-09T15:31:39.8902584Z'
  ERROR: Build asset version error: assets/arena/scoremanager.cs in SourceAssetDB has modification time of '2026-04-09T15:31:27.6131237Z' while content on disk has modification time of '2026-04-09T15:31:39.8902584Z'
Number of updated asset objects reloaded before import = 0Number of asset objects unloaded after import = 0

========================================================================
Received Import Request.
  Time since last request: 0.000021 seconds.
  path: Assets/arena/ScoreManager.cs
  artifactKey: Guid(2770bf38b9856174cba5d1cd5326d32e) Importer(815301076,1909f56bfc062723c751e8b465ee728b)
Start importing Assets/arena/ScoreManager.cs using Guid(2770bf38b9856174cba5d1cd5326d32e) Importer(815301076,1909f56bfc062723c751e8b465ee728b) (PreviewImporter) -> (artifact id: '00000000000000000000000000000000') in 0.0008824 seconds
Import Error Code:(4)
Message: Build asset version error: assets/arena/scoremanager.cs in SourceAssetDB has modification time of '2026-04-09T15:31:27.6131237Z' while content on disk has modification time of '2026-04-09T15:31:39.8902584Z'
  ERROR: Build asset version error: assets/arena/scoremanager.cs in SourceAssetDB has modification time of '2026-04-09T15:31:27.6131237Z' while content on disk has modification time of '2026-04-09T15:31:39.8902584Z'
Number of updated asset objects reloaded before import = 0Number of asset objects unloaded after import = 0

========================================================================
Received Import Request.
  Time since last request: 0.000024 seconds.
  path: Assets/arena/ScoreManager.cs
  artifactKey: Guid(2770bf38b9856174cba5d1cd5326d32e) Importer(815301076,1909f56bfc062723c751e8b465ee728b)
Start importing Assets/arena/ScoreManager.cs using Guid(2770bf38b9856174cba5d1cd5326d32e) Importer(815301076,1909f56bfc062723c751e8b465ee728b) (PreviewImporter) -> (artifact id: '00000000000000000000000000000000') in 0.0008028 seconds
Import Error Code:(4)
Message: Build asset version error: assets/arena/scoremanager.cs in SourceAssetDB has modification time of '2026-04-09T15:31:27.6131237Z' while content on disk has modification time of '2026-04-09T15:31:39.8902584Z'
  ERROR: Build asset version error: assets/arena/scoremanager.cs in SourceAssetDB has modification time of '2026-04-09T15:31:27.6131237Z' while content on disk has modification time of '2026-04-09T15:31:39.8902584Z'
Number of updated asset objects reloaded before import = 0Number of asset objects unloaded after import = 0

========================================================================
Received Import Request.
  Time since last request: 0.000046 seconds.
  path: Assets/arena/ScoreManager.cs
  artifactKey: Guid(2770bf38b9856174cba5d1cd5326d32e) Importer(815301076,1909f56bfc062723c751e8b465ee728b)
Start importing Assets/arena/ScoreManager.cs using Guid(2770bf38b9856174cba5d1cd5326d32e) Importer(815301076,1909f56bfc062723c751e8b465ee728b) (PreviewImporter) -> (artifact id: '00000000000000000000000000000000') in 0.0008752 seconds
Import Error Code:(4)
Message: Build asset version error: assets/arena/scoremanager.cs in SourceAssetDB has modification time of '2026-04-09T15:31:27.6131237Z' while content on disk has modification time of '2026-04-09T15:31:39.8902584Z'
  ERROR: Build asset version error: assets/arena/scoremanager.cs in SourceAssetDB has modification time of '2026-04-09T15:31:27.6131237Z' while content on disk has modification time of '2026-04-09T15:31:39.8902584Z'
Number of updated asset objects reloaded before import = 0Number of asset objects unloaded after import = 0

========================================================================
Received Import Request.
  Time since last request: 0.000021 seconds.
  path: Assets/arena/ScoreManager.cs
  artifactKey: Guid(2770bf38b9856174cba5d1cd5326d32e) Importer(815301076,1909f56bfc062723c751e8b465ee728b)
Start importing Assets/arena/ScoreManager.cs using Guid(2770bf38b9856174cba5d1cd5326d32e) Importer(815301076,1909f56bfc062723c751e8b465ee728b) (PreviewImporter) -> (artifact id: '00000000000000000000000000000000') in 0.0007742 seconds
Import Error Code:(4)
Message: Build asset version error: assets/arena/scoremanager.cs in SourceAssetDB has modification time of '2026-04-09T15:31:27.6131237Z' while content on disk has modification time of '2026-04-09T15:31:39.8902584Z'
  ERROR: Build asset version error: assets/arena/scoremanager.cs in SourceAssetDB has modification time of '2026-04-09T15:31:27.6131237Z' while content on disk has modification time of '2026-04-09T15:31:39.8902584Z'
Number of updated asset objects reloaded before import = 0Number of asset objects unloaded after import = 0

========================================================================
Received Import Request.
  Time since last request: 0.000023 seconds.
  path: Assets/arena/ScoreManager.cs
  artifactKey: Guid(2770bf38b9856174cba5d1cd5326d32e) Importer(815301076,1909f56bfc062723c751e8b465ee728b)
Start importing Assets/arena/ScoreManager.cs using Guid(2770bf38b9856174cba5d1cd5326d32e) Importer(815301076,1909f56bfc062723c751e8b465ee728b) (PreviewImporter) -> (artifact id: '00000000000000000000000000000000') in 0.0008581 seconds
Import Error Code:(4)
Message: Build asset version error: assets/arena/scoremanager.cs in SourceAssetDB has modification time of '2026-04-09T15:31:27.6131237Z' while content on disk has modification time of '2026-04-09T15:31:39.8902584Z'
  ERROR: Build asset version error: assets/arena/scoremanager.cs in SourceAssetDB has modification time of '2026-04-09T15:31:27.6131237Z' while content on disk has modification time of '2026-04-09T15:31:39.8902584Z'
Number of updated asset objects reloaded before import = 0Number of asset objects unloaded after import = 0

========================================================================
Received Import Request.
  Time since last request: 0.000022 seconds.
  path: Assets/arena/ScoreManager.cs
  artifactKey: Guid(2770bf38b9856174cba5d1cd5326d32e) Importer(815301076,1909f56bfc062723c751e8b465ee728b)
Start importing Assets/arena/ScoreManager.cs using Guid(2770bf38b9856174cba5d1cd5326d32e) Importer(815301076,1909f56bfc062723c751e8b465ee728b) (PreviewImporter) -> (artifact id: '00000000000000000000000000000000') in 0.0007655 seconds
Import Error Code:(4)
Message: Build asset version error: assets/arena/scoremanager.cs in SourceAssetDB has modification time of '2026-04-09T15:31:27.6131237Z' while content on disk has modification time of '2026-04-09T15:31:39.8902584Z'
  ERROR: Build asset version error: assets/arena/scoremanager.cs in SourceAssetDB has modification time of '2026-04-09T15:31:27.6131237Z' while content on disk has modification time of '2026-04-09T15:31:39.8902584Z'
Number of updated asset objects reloaded before import = 0Number of asset objects unloaded after import = 0

========================================================================
Received Import Request.
  Time since last request: 0.000023 seconds.
  path: Assets/arena/ScoreManager.cs
  artifactKey: Guid(2770bf38b9856174cba5d1cd5326d32e) Importer(815301076,1909f56bfc062723c751e8b465ee728b)
Start importing Assets/arena/ScoreManager.cs using Guid(2770bf38b9856174cba5d1cd5326d32e) Importer(815301076,1909f56bfc062723c751e8b465ee728b) (PreviewImporter) -> (artifact id: '00000000000000000000000000000000') in 0.0008848 seconds
Import Error Code:(4)
Message: Build asset version error: assets/arena/scoremanager.cs in SourceAssetDB has modification time of '2026-04-09T15:31:27.6131237Z' while content on disk has modification time of '2026-04-09T15:31:39.8902584Z'
  ERROR: Build asset version error: assets/arena/scoremanager.cs in SourceAssetDB has modification time of '2026-04-09T15:31:27.6131237Z' while content on disk has modification time of '2026-04-09T15:31:39.8902584Z'
Number of updated asset objects reloaded before import = 0Number of asset objects unloaded after import = 0

========================================================================
Received Import Request.
  Time since last request: 0.000025 seconds.
  path: Assets/arena/ScoreManager.cs
  artifactKey: Guid(2770bf38b9856174cba5d1cd5326d32e) Importer(815301076,1909f56bfc062723c751e8b465ee728b)
Start importing Assets/arena/ScoreManager.cs using Guid(2770bf38b9856174cba5d1cd5326d32e) Importer(815301076,1909f56bfc062723c751e8b465ee728b) (PreviewImporter) -> (artifact id: '00000000000000000000000000000000') in 0.0008232 seconds
Import Error Code:(4)
Message: Build asset version error: assets/arena/scoremanager.cs in SourceAssetDB has modification time of '2026-04-09T15:31:27.6131237Z' while content on disk has modification time of '2026-04-09T15:31:39.8902584Z'
  ERROR: Build asset version error: assets/arena/scoremanager.cs in SourceAssetDB has modification time of '2026-04-09T15:31:27.6131237Z' while content on disk has modification time of '2026-04-09T15:31:39.8902584Z'
Number of updated asset objects reloaded before import = 0Number of asset objects unloaded after import = 0

========================================================================
Received Import Request.
  Time since last request: 0.000034 seconds.
  path: Assets/arena/ScoreManager.cs
  artifactKey: Guid(2770bf38b9856174cba5d1cd5326d32e) Importer(815301076,1909f56bfc062723c751e8b465ee728b)
Start importing Assets/arena/ScoreManager.cs using Guid(2770bf38b9856174cba5d1cd5326d32e) Importer(815301076,1909f56bfc062723c751e8b465ee728b) (PreviewImporter) -> (artifact id: '00000000000000000000000000000000') in 0.0010694 seconds
Import Error Code:(4)
Message: Build asset version error: assets/arena/scoremanager.cs in SourceAssetDB has modification time of '2026-04-09T15:31:27.6131237Z' while content on disk has modification time of '2026-04-09T15:31:39.8902584Z'
  ERROR: Build asset version error: assets/arena/scoremanager.cs in SourceAssetDB has modification time of '2026-04-09T15:31:27.6131237Z' while content on disk has modification time of '2026-04-09T15:31:39.8902584Z'
Number of updated asset objects reloaded before import = 0Number of asset objects unloaded after import = 0

========================================================================
Received Import Request.
  Time since last request: 0.000022 seconds.
  path: Assets/arena/ScoreManager.cs
  artifactKey: Guid(2770bf38b9856174cba5d1cd5326d32e) Importer(815301076,1909f56bfc062723c751e8b465ee728b)
Start importing Assets/arena/ScoreManager.cs using Guid(2770bf38b9856174cba5d1cd5326d32e) Importer(815301076,1909f56bfc062723c751e8b465ee728b) (PreviewImporter) -> (artifact id: '00000000000000000000000000000000') in 0.0007529 seconds
Import Error Code:(4)
Message: Build asset version error: assets/arena/scoremanager.cs in SourceAssetDB has modification time of '2026-04-09T15:31:27.6131237Z' while content on disk has modification time of '2026-04-09T15:31:39.8902584Z'
  ERROR: Build asset version error: assets/arena/scoremanager.cs in SourceAssetDB has modification time of '2026-04-09T15:31:27.6131237Z' while content on disk has modification time of '2026-04-09T15:31:39.8902584Z'
Number of updated asset objects reloaded before import = 0Number of asset objects unloaded after import = 0

========================================================================
Received Import Request.
  Time since last request: 0.000023 seconds.
  path: Assets/arena/ScoreManager.cs
  artifactKey: Guid(2770bf38b9856174cba5d1cd5326d32e) Importer(815301076,1909f56bfc062723c751e8b465ee728b)
Start importing Assets/arena/ScoreManager.cs using Guid(2770bf38b9856174cba5d1cd5326d32e) Importer(815301076,1909f56bfc062723c751e8b465ee728b) (PreviewImporter) -> (artifact id: '00000000000000000000000000000000') in 0.0007787 seconds
Import Error Code:(4)
Message: Build asset version error: assets/arena/scoremanager.cs in SourceAssetDB has modification time of '2026-04-09T15:31:27.6131237Z' while content on disk has modification time of '2026-04-09T15:31:39.8902584Z'
  ERROR: Build asset version error: assets/arena/scoremanager.cs in SourceAssetDB has modification time of '2026-04-09T15:31:27.6131237Z' while content on disk has modification time of '2026-04-09T15:31:39.8902584Z'
Number of updated asset objects reloaded before import = 0Number of asset objects unloaded after import = 0

========================================================================
Received Import Request.
  Time since last request: 0.000025 seconds.
  path: Assets/arena/ScoreManager.cs
  artifactKey: Guid(2770bf38b9856174cba5d1cd5326d32e) Importer(815301076,1909f56bfc062723c751e8b465ee728b)
Start importing Assets/arena/ScoreManager.cs using Guid(2770bf38b9856174cba5d1cd5326d32e) Importer(815301076,1909f56bfc062723c751e8b465ee728b) (PreviewImporter) -> (artifact id: '00000000000000000000000000000000') in 0.0008356 seconds
Import Error Code:(4)
Message: Build asset version error: assets/arena/scoremanager.cs in SourceAssetDB has modification time of '2026-04-09T15:31:27.6131237Z' while content on disk has modification time of '2026-04-09T15:31:39.8902584Z'
  ERROR: Build asset version error: assets/arena/scoremanager.cs in SourceAssetDB has modification time of '2026-04-09T15:31:27.6131237Z' while content on disk has modification time of '2026-04-09T15:31:39.8902584Z'
Number of updated asset objects reloaded before import = 0Number of asset objects unloaded after import = 0

========================================================================
Received Import Request.
  Time since last request: 0.000021 seconds.
  path: Assets/arena/ScoreManager.cs
  artifactKey: Guid(2770bf38b9856174cba5d1cd5326d32e) Importer(815301076,1909f56bfc062723c751e8b465ee728b)
Start importing Assets/arena/ScoreManager.cs using Guid(2770bf38b9856174cba5d1cd5326d32e) Importer(815301076,1909f56bfc062723c751e8b465ee728b) (PreviewImporter) -> (artifact id: '00000000000000000000000000000000') in 0.0009759 seconds
Import Error Code:(4)
Message: Build asset version error: assets/arena/scoremanager.cs in SourceAssetDB has modification time of '2026-04-09T15:31:27.6131237Z' while content on disk has modification time of '2026-04-09T15:31:39.8902584Z'
  ERROR: Build asset version error: assets/arena/scoremanager.cs in SourceAssetDB has modification time of '2026-04-09T15:31:27.6131237Z' while content on disk has modification time of '2026-04-09T15:31:39.8902584Z'
Number of updated asset objects reloaded before import = 0Number of asset objects unloaded after import = 0

========================================================================
Received Import Request.
  Time since last request: 0.000025 seconds.
  path: Assets/arena/ScoreManager.cs
  artifactKey: Guid(2770bf38b9856174cba5d1cd5326d32e) Importer(815301076,1909f56bfc062723c751e8b465ee728b)
Start importing Assets/arena/ScoreManager.cs using Guid(2770bf38b9856174cba5d1cd5326d32e) Importer(815301076,1909f56bfc062723c751e8b465ee728b) (PreviewImporter) -> (artifact id: '00000000000000000000000000000000') in 0.000814 seconds
Import Error Code:(4)
Message: Build asset version error: assets/arena/scoremanager.cs in SourceAssetDB has modification time of '2026-04-09T15:31:27.6131237Z' while content on disk has modification time of '2026-04-09T15:31:39.8902584Z'
  ERROR: Build asset version error: assets/arena/scoremanager.cs in SourceAssetDB has modification time of '2026-04-09T15:31:27.6131237Z' while content on disk has modification time of '2026-04-09T15:31:39.8902584Z'
Number of updated asset objects reloaded before import = 0Number of asset objects unloaded after import = 0

========================================================================
Received Import Request.
  Time since last request: 0.000034 seconds.
  path: Assets/arena/ScoreManager.cs
  artifactKey: Guid(2770bf38b9856174cba5d1cd5326d32e) Importer(815301076,1909f56bfc062723c751e8b465ee728b)
Start importing Assets/arena/ScoreManager.cs using Guid(2770bf38b9856174cba5d1cd5326d32e) Importer(815301076,1909f56bfc062723c751e8b465ee728b) (PreviewImporter) -> (artifact id: '00000000000000000000000000000000') in 0.0008334 seconds
Import Error Code:(4)
Message: Build asset version error: assets/arena/scoremanager.cs in SourceAssetDB has modification time of '2026-04-09T15:31:27.6131237Z' while content on disk has modification time of '2026-04-09T15:31:39.8902584Z'
  ERROR: Build asset version error: assets/arena/scoremanager.cs in SourceAssetDB has modification time of '2026-04-09T15:31:27.6131237Z' while content on disk has modification time of '2026-04-09T15:31:39.8902584Z'
Number of updated asset objects reloaded before import = 0Number of asset objects unloaded after import = 0

========================================================================
Received Import Request.
  Time since last request: 0.000021 seconds.
  path: Assets/arena/ScoreManager.cs
  artifactKey: Guid(2770bf38b9856174cba5d1cd5326d32e) Importer(815301076,1909f56bfc062723c751e8b465ee728b)
Start importing Assets/arena/ScoreManager.cs using Guid(2770bf38b9856174cba5d1cd5326d32e) Importer(815301076,1909f56bfc062723c751e8b465ee728b) (PreviewImporter) -> (artifact id: '00000000000000000000000000000000') in 0.0007934 seconds
Import Error Code:(4)
Message: Build asset version error: assets/arena/scoremanager.cs in SourceAssetDB has modification time of '2026-04-09T15:31:27.6131237Z' while content on disk has modification time of '2026-04-09T15:31:39.8902584Z'
  ERROR: Build asset version error: assets/arena/scoremanager.cs in SourceAssetDB has modification time of '2026-04-09T15:31:27.6131237Z' while content on disk has modification time of '2026-04-09T15:31:39.8902584Z'
Number of updated asset objects reloaded before import = 0Number of asset objects unloaded after import = 0

========================================================================
Received Import Request.
  Time since last request: 0.000023 seconds.
  path: Assets/arena/ScoreManager.cs
  artifactKey: Guid(2770bf38b9856174cba5d1cd5326d32e) Importer(815301076,1909f56bfc062723c751e8b465ee728b)
Start importing Assets/arena/ScoreManager.cs using Guid(2770bf38b9856174cba5d1cd5326d32e) Importer(815301076,1909f56bfc062723c751e8b465ee728b) (PreviewImporter) -> (artifact id: '00000000000000000000000000000000') in 0.0009945 seconds
Import Error Code:(4)
Message: Build asset version error: assets/arena/scoremanager.cs in SourceAssetDB has modification time of '2026-04-09T15:31:27.6131237Z' while content on disk has modification time of '2026-04-09T15:31:39.8902584Z'
  ERROR: Build asset version error: assets/arena/scoremanager.cs in SourceAssetDB has modification time of '2026-04-09T15:31:27.6131237Z' while content on disk has modification time of '2026-04-09T15:31:39.8902584Z'
Number of updated asset objects reloaded before import = 0Number of asset objects unloaded after import = 0

========================================================================
Received Import Request.
  Time since last request: 0.000026 seconds.
  path: Assets/arena/ScoreManager.cs
  artifactKey: Guid(2770bf38b9856174cba5d1cd5326d32e) Importer(815301076,1909f56bfc062723c751e8b465ee728b)
Start importing Assets/arena/ScoreManager.cs using Guid(2770bf38b9856174cba5d1cd5326d32e) Importer(815301076,1909f56bfc062723c751e8b465ee728b) (PreviewImporter) -> (artifact id: '00000000000000000000000000000000') in 0.0007936 seconds
Import Error Code:(4)
Message: Build asset version error: assets/arena/scoremanager.cs in SourceAssetDB has modification time of '2026-04-09T15:31:27.6131237Z' while content on disk has modification time of '2026-04-09T15:31:39.8902584Z'
  ERROR: Build asset version error: assets/arena/scoremanager.cs in SourceAssetDB has modification time of '2026-04-09T15:31:27.6131237Z' while content on disk has modification time of '2026-04-09T15:31:39.8902584Z'
Number of updated asset objects reloaded before import = 0Number of asset objects unloaded after import = 0

========================================================================
Received Import Request.
  Time since last request: 0.000030 seconds.
  path: Assets/arena/ScoreManager.cs
  artifactKey: Guid(2770bf38b9856174cba5d1cd5326d32e) Importer(815301076,1909f56bfc062723c751e8b465ee728b)
Start importing Assets/arena/ScoreManager.cs using Guid(2770bf38b9856174cba5d1cd5326d32e) Importer(815301076,1909f56bfc062723c751e8b465ee728b) (PreviewImporter) -> (artifact id: '00000000000000000000000000000000') in 0.0008188 seconds
Import Error Code:(4)
Message: Build asset version error: assets/arena/scoremanager.cs in SourceAssetDB has modification time of '2026-04-09T15:31:27.6131237Z' while content on disk has modification time of '2026-04-09T15:31:39.8902584Z'
  ERROR: Build asset version error: assets/arena/scoremanager.cs in SourceAssetDB has modification time of '2026-04-09T15:31:27.6131237Z' while content on disk has modification time of '2026-04-09T15:31:39.8902584Z'
Number of updated asset objects reloaded before import = 0Number of asset objects unloaded after import = 0

========================================================================
Received Import Request.
  Time since last request: 0.000035 seconds.
  path: Assets/arena/ScoreManager.cs
  artifactKey: Guid(2770bf38b9856174cba5d1cd5326d32e) Importer(815301076,1909f56bfc062723c751e8b465ee728b)
Start importing Assets/arena/ScoreManager.cs using Guid(2770bf38b9856174cba5d1cd5326d32e) Importer(815301076,1909f56bfc062723c751e8b465ee728b) (PreviewImporter) -> (artifact id: '00000000000000000000000000000000') in 0.000807 seconds
Import Error Code:(4)
Message: Build asset version error: assets/arena/scoremanager.cs in SourceAssetDB has modification time of '2026-04-09T15:31:27.6131237Z' while content on disk has modification time of '2026-04-09T15:31:39.8902584Z'
  ERROR: Build asset version error: assets/arena/scoremanager.cs in SourceAssetDB has modification time of '2026-04-09T15:31:27.6131237Z' while content on disk has modification time of '2026-04-09T15:31:39.8902584Z'
Number of updated asset objects reloaded before import = 0Number of asset objects unloaded after import = 0

========================================================================
Received Import Request.
  Time since last request: 0.000021 seconds.
  path: Assets/arena/ScoreManager.cs
  artifactKey: Guid(2770bf38b9856174cba5d1cd5326d32e) Importer(815301076,1909f56bfc062723c751e8b465ee728b)
Start importing Assets/arena/ScoreManager.cs using Guid(2770bf38b9856174cba5d1cd5326d32e) Importer(815301076,1909f56bfc062723c751e8b465ee728b) (PreviewImporter) -> (artifact id: '00000000000000000000000000000000') in 0.0008041 seconds
Import Error Code:(4)
Message: Build asset version error: assets/arena/scoremanager.cs in SourceAssetDB has modification time of '2026-04-09T15:31:27.6131237Z' while content on disk has modification time of '2026-04-09T15:31:39.8902584Z'
  ERROR: Build asset version error: assets/arena/scoremanager.cs in SourceAssetDB has modification time of '2026-04-09T15:31:27.6131237Z' while content on disk has modification time of '2026-04-09T15:31:39.8902584Z'
Number of updated asset objects reloaded before import = 0Number of asset objects unloaded after import = 0

========================================================================
Received Import Request.
  Time since last request: 0.000021 seconds.
  path: Assets/arena/ScoreManager.cs
  artifactKey: Guid(2770bf38b9856174cba5d1cd5326d32e) Importer(815301076,1909f56bfc062723c751e8b465ee728b)
Start importing Assets/arena/ScoreManager.cs using Guid(2770bf38b9856174cba5d1cd5326d32e) Importer(815301076,1909f56bfc062723c751e8b465ee728b) (PreviewImporter) -> (artifact id: '00000000000000000000000000000000') in 0.0007828 seconds
Import Error Code:(4)
Message: Build asset version error: assets/arena/scoremanager.cs in SourceAssetDB has modification time of '2026-04-09T15:31:27.6131237Z' while content on disk has modification time of '2026-04-09T15:31:39.8902584Z'
  ERROR: Build asset version error: assets/arena/scoremanager.cs in SourceAssetDB has modification time of '2026-04-09T15:31:27.6131237Z' while content on disk has modification time of '2026-04-09T15:31:39.8902584Z'
Number of updated asset objects reloaded before import = 0Number of asset objects unloaded after import = 0

========================================================================
Received Import Request.
  Time since last request: 0.000023 seconds.
  path: Assets/arena/ScoreManager.cs
  artifactKey: Guid(2770bf38b9856174cba5d1cd5326d32e) Importer(815301076,1909f56bfc062723c751e8b465ee728b)
Start importing Assets/arena/ScoreManager.cs using Guid(2770bf38b9856174cba5d1cd5326d32e) Importer(815301076,1909f56bfc062723c751e8b465ee728b) (PreviewImporter) -> (artifact id: '00000000000000000000000000000000') in 0.0008032 seconds
Import Error Code:(4)
Message: Build asset version error: assets/arena/scoremanager.cs in SourceAssetDB has modification time of '2026-04-09T15:31:27.6131237Z' while content on disk has modification time of '2026-04-09T15:31:39.8902584Z'
  ERROR: Build asset version error: assets/arena/scoremanager.cs in SourceAssetDB has modification time of '2026-04-09T15:31:27.6131237Z' while content on disk has modification time of '2026-04-09T15:31:39.8902584Z'
Number of updated asset objects reloaded before import = 0Number of asset objects unloaded after import = 0

========================================================================
Received Import Request.
  Time since last request: 0.000022 seconds.
  path: Assets/arena/ScoreManager.cs
  artifactKey: Guid(2770bf38b9856174cba5d1cd5326d32e) Importer(815301076,1909f56bfc062723c751e8b465ee728b)
Start importing Assets/arena/ScoreManager.cs using Guid(2770bf38b9856174cba5d1cd5326d32e) Importer(815301076,1909f56bfc062723c751e8b465ee728b) (PreviewImporter) -> (artifact id: '00000000000000000000000000000000') in 0.0008103 seconds
Import Error Code:(4)
Message: Build asset version error: assets/arena/scoremanager.cs in SourceAssetDB has modification time of '2026-04-09T15:31:27.6131237Z' while content on disk has modification time of '2026-04-09T15:31:39.8902584Z'
  ERROR: Build asset version error: assets/arena/scoremanager.cs in SourceAssetDB has modification time of '2026-04-09T15:31:27.6131237Z' while content on disk has modification time of '2026-04-09T15:31:39.8902584Z'
Number of updated asset objects reloaded before import = 0Number of asset objects unloaded after import = 0

========================================================================
Received Import Request.
  Time since last request: 0.000027 seconds.
  path: Assets/arena/ScoreManager.cs
  artifactKey: Guid(2770bf38b9856174cba5d1cd5326d32e) Importer(815301076,1909f56bfc062723c751e8b465ee728b)
Start importing Assets/arena/ScoreManager.cs using Guid(2770bf38b9856174cba5d1cd5326d32e) Importer(815301076,1909f56bfc062723c751e8b465ee728b) (PreviewImporter) -> (artifact id: '00000000000000000000000000000000') in 0.0008204 seconds
Import Error Code:(4)
Message: Build asset version error: assets/arena/scoremanager.cs in SourceAssetDB has modification time of '2026-04-09T15:31:27.6131237Z' while content on disk has modification time of '2026-04-09T15:31:39.8902584Z'
  ERROR: Build asset version error: assets/arena/scoremanager.cs in SourceAssetDB has modification time of '2026-04-09T15:31:27.6131237Z' while content on disk has modification time of '2026-04-09T15:31:39.8902584Z'
Number of updated asset objects reloaded before import = 0Number of asset objects unloaded after import = 0

========================================================================
Received Import Request.
  Time since last request: 0.000034 seconds.
  path: Assets/arena/ScoreManager.cs
  artifactKey: Guid(2770bf38b9856174cba5d1cd5326d32e) Importer(815301076,1909f56bfc062723c751e8b465ee728b)
Start importing Assets/arena/ScoreManager.cs using Guid(2770bf38b9856174cba5d1cd5326d32e) Importer(815301076,1909f56bfc062723c751e8b465ee728b) (PreviewImporter) -> (artifact id: '00000000000000000000000000000000') in 0.000853 seconds
Import Error Code:(4)
Message: Build asset version error: assets/arena/scoremanager.cs in SourceAssetDB has modification time of '2026-04-09T15:31:27.6131237Z' while content on disk has modification time of '2026-04-09T15:31:39.8902584Z'
  ERROR: Build asset version error: assets/arena/scoremanager.cs in SourceAssetDB has modification time of '2026-04-09T15:31:27.6131237Z' while content on disk has modification time of '2026-04-09T15:31:39.8902584Z'
Number of updated asset objects reloaded before import = 0Number of asset objects unloaded after import = 0

========================================================================
Received Import Request.
  Time since last request: 0.000021 seconds.
  path: Assets/arena/ScoreManager.cs
  artifactKey: Guid(2770bf38b9856174cba5d1cd5326d32e) Importer(815301076,1909f56bfc062723c751e8b465ee728b)
Start importing Assets/arena/ScoreManager.cs using Guid(2770bf38b9856174cba5d1cd5326d32e) Importer(815301076,1909f56bfc062723c751e8b465ee728b) (PreviewImporter) -> (artifact id: '00000000000000000000000000000000') in 0.0008221 seconds
Import Error Code:(4)
Message: Build asset version error: assets/arena/scoremanager.cs in SourceAssetDB has modification time of '2026-04-09T15:31:27.6131237Z' while content on disk has modification time of '2026-04-09T15:31:39.8902584Z'
  ERROR: Build asset version error: assets/arena/scoremanager.cs in SourceAssetDB has modification time of '2026-04-09T15:31:27.6131237Z' while content on disk has modification time of '2026-04-09T15:31:39.8902584Z'
Number of updated asset objects reloaded before import = 0Number of asset objects unloaded after import = 0

========================================================================
Received Import Request.
  Time since last request: 0.000024 seconds.
  path: Assets/arena/ScoreManager.cs
  artifactKey: Guid(2770bf38b9856174cba5d1cd5326d32e) Importer(815301076,1909f56bfc062723c751e8b465ee728b)
Start importing Assets/arena/ScoreManager.cs using Guid(2770bf38b9856174cba5d1cd5326d32e) Importer(815301076,1909f56bfc062723c751e8b465ee728b) (PreviewImporter) -> (artifact id: '00000000000000000000000000000000') in 0.000783 seconds
Import Error Code:(4)
Message: Build asset version error: assets/arena/scoremanager.cs in SourceAssetDB has modification time of '2026-04-09T15:31:27.6131237Z' while content on disk has modification time of '2026-04-09T15:31:39.8902584Z'
  ERROR: Build asset version error: assets/arena/scoremanager.cs in SourceAssetDB has modification time of '2026-04-09T15:31:27.6131237Z' while content on disk has modification time of '2026-04-09T15:31:39.8902584Z'
Number of updated asset objects reloaded before import = 0Number of asset objects unloaded after import = 0

========================================================================
Received Import Request.
  Time since last request: 0.000022 seconds.
  path: Assets/arena/ScoreManager.cs
  artifactKey: Guid(2770bf38b9856174cba5d1cd5326d32e) Importer(815301076,1909f56bfc062723c751e8b465ee728b)
Start importing Assets/arena/ScoreManager.cs using Guid(2770bf38b9856174cba5d1cd5326d32e) Importer(815301076,1909f56bfc062723c751e8b465ee728b) (PreviewImporter) -> (artifact id: '00000000000000000000000000000000') in 0.0008597 seconds
Import Error Code:(4)
Message: Build asset version error: assets/arena/scoremanager.cs in SourceAssetDB has modification time of '2026-04-09T15:31:27.6131237Z' while content on disk has modification time of '2026-04-09T15:31:39.8902584Z'
  ERROR: Build asset version error: assets/arena/scoremanager.cs in SourceAssetDB has modification time of '2026-04-09T15:31:27.6131237Z' while content on disk has modification time of '2026-04-09T15:31:39.8902584Z'
Number of updated asset objects reloaded before import = 0Number of asset objects unloaded after import = 0

========================================================================
Received Import Request.
  Time since last request: 0.000022 seconds.
  path: Assets/arena/ScoreManager.cs
  artifactKey: Guid(2770bf38b9856174cba5d1cd5326d32e) Importer(815301076,1909f56bfc062723c751e8b465ee728b)
Start importing Assets/arena/ScoreManager.cs using Guid(2770bf38b9856174cba5d1cd5326d32e) Importer(815301076,1909f56bfc062723c751e8b465ee728b) (PreviewImporter) -> (artifact id: '00000000000000000000000000000000') in 0.0010106 seconds
Import Error Code:(4)
Message: Build asset version error: assets/arena/scoremanager.cs in SourceAssetDB has modification time of '2026-04-09T15:31:27.6131237Z' while content on disk has modification time of '2026-04-09T15:31:39.8902584Z'
  ERROR: Build asset version error: assets/arena/scoremanager.cs in SourceAssetDB has modification time of '2026-04-09T15:31:27.6131237Z' while content on disk has modification time of '2026-04-09T15:31:39.8902584Z'
Number of updated asset objects reloaded before import = 0Number of asset objects unloaded after import = 0

========================================================================
Received Import Request.
  Time since last request: 0.000032 seconds.
  path: Assets/arena/ScoreManager.cs
  artifactKey: Guid(2770bf38b9856174cba5d1cd5326d32e) Importer(815301076,1909f56bfc062723c751e8b465ee728b)
Start importing Assets/arena/ScoreManager.cs using Guid(2770bf38b9856174cba5d1cd5326d32e) Importer(815301076,1909f56bfc062723c751e8b465ee728b) (PreviewImporter) -> (artifact id: '00000000000000000000000000000000') in 0.0008486 seconds
Import Error Code:(4)
Message: Build asset version error: assets/arena/scoremanager.cs in SourceAssetDB has modification time of '2026-04-09T15:31:27.6131237Z' while content on disk has modification time of '2026-04-09T15:31:39.8902584Z'
  ERROR: Build asset version error: assets/arena/scoremanager.cs in SourceAssetDB has modification time of '2026-04-09T15:31:27.6131237Z' while content on disk has modification time of '2026-04-09T15:31:39.8902584Z'
Number of updated asset objects reloaded before import = 0Number of asset objects unloaded after import = 0

========================================================================
Received Import Request.
  Time since last request: 0.000034 seconds.
  path: Assets/arena/ScoreManager.cs
  artifactKey: Guid(2770bf38b9856174cba5d1cd5326d32e) Importer(815301076,1909f56bfc062723c751e8b465ee728b)
Start importing Assets/arena/ScoreManager.cs using Guid(2770bf38b9856174cba5d1cd5326d32e) Importer(815301076,1909f56bfc062723c751e8b465ee728b) (PreviewImporter) -> (artifact id: '00000000000000000000000000000000') in 0.0008534 seconds
Import Error Code:(4)
Message: Build asset version error: assets/arena/scoremanager.cs in SourceAssetDB has modification time of '2026-04-09T15:31:27.6131237Z' while content on disk has modification time of '2026-04-09T15:31:39.8902584Z'
  ERROR: Build asset version error: assets/arena/scoremanager.cs in SourceAssetDB has modification time of '2026-04-09T15:31:27.6131237Z' while content on disk has modification time of '2026-04-09T15:31:39.8902584Z'
Number of updated asset objects reloaded before import = 0Number of asset objects unloaded after import = 0

========================================================================
Received Import Request.
  Time since last request: 0.000022 seconds.
  path: Assets/arena/ScoreManager.cs
  artifactKey: Guid(2770bf38b9856174cba5d1cd5326d32e) Importer(815301076,1909f56bfc062723c751e8b465ee728b)
Start importing Assets/arena/ScoreManager.cs using Guid(2770bf38b9856174cba5d1cd5326d32e) Importer(815301076,1909f56bfc062723c751e8b465ee728b) (PreviewImporter) -> (artifact id: '00000000000000000000000000000000') in 0.0008131 seconds
Import Error Code:(4)
Message: Build asset version error: assets/arena/scoremanager.cs in SourceAssetDB has modification time of '2026-04-09T15:31:27.6131237Z' while content on disk has modification time of '2026-04-09T15:31:39.8902584Z'
  ERROR: Build asset version error: assets/arena/scoremanager.cs in SourceAssetDB has modification time of '2026-04-09T15:31:27.6131237Z' while content on disk has modification time of '2026-04-09T15:31:39.8902584Z'
Number of updated asset objects reloaded before import = 0Number of asset objects unloaded after import = 0

========================================================================
Received Import Request.
  Time since last request: 0.000021 seconds.
  path: Assets/arena/ScoreManager.cs
  artifactKey: Guid(2770bf38b9856174cba5d1cd5326d32e) Importer(815301076,1909f56bfc062723c751e8b465ee728b)
Start importing Assets/arena/ScoreManager.cs using Guid(2770bf38b9856174cba5d1cd5326d32e) Importer(815301076,1909f56bfc062723c751e8b465ee728b) (PreviewImporter) -> (artifact id: '00000000000000000000000000000000') in 0.0007932 seconds
Import Error Code:(4)
Message: Build asset version error: assets/arena/scoremanager.cs in SourceAssetDB has modification time of '2026-04-09T15:31:27.6131237Z' while content on disk has modification time of '2026-04-09T15:31:39.8902584Z'
  ERROR: Build asset version error: assets/arena/scoremanager.cs in SourceAssetDB has modification time of '2026-04-09T15:31:27.6131237Z' while content on disk has modification time of '2026-04-09T15:31:39.8902584Z'
Number of updated asset objects reloaded before import = 0Number of asset objects unloaded after import = 0

========================================================================
Received Import Request.
  Time since last request: 0.000021 seconds.
  path: Assets/arena/ScoreManager.cs
  artifactKey: Guid(2770bf38b9856174cba5d1cd5326d32e) Importer(815301076,1909f56bfc062723c751e8b465ee728b)
Start importing Assets/arena/ScoreManager.cs using Guid(2770bf38b9856174cba5d1cd5326d32e) Importer(815301076,1909f56bfc062723c751e8b465ee728b) (PreviewImporter) -> (artifact id: '00000000000000000000000000000000') in 0.0007691 seconds
Import Error Code:(4)
Message: Build asset version error: assets/arena/scoremanager.cs in SourceAssetDB has modification time of '2026-04-09T15:31:27.6131237Z' while content on disk has modification time of '2026-04-09T15:31:39.8902584Z'
  ERROR: Build asset version error: assets/arena/scoremanager.cs in SourceAssetDB has modification time of '2026-04-09T15:31:27.6131237Z' while content on disk has modification time of '2026-04-09T15:31:39.8902584Z'
Number of updated asset objects reloaded before import = 0Number of asset objects unloaded after import = 0

========================================================================
Received Import Request.
  Time since last request: 0.000021 seconds.
  path: Assets/arena/ScoreManager.cs
  artifactKey: Guid(2770bf38b9856174cba5d1cd5326d32e) Importer(815301076,1909f56bfc062723c751e8b465ee728b)
Start importing Assets/arena/ScoreManager.cs using Guid(2770bf38b9856174cba5d1cd5326d32e) Importer(815301076,1909f56bfc062723c751e8b465ee728b) (PreviewImporter) -> (artifact id: '00000000000000000000000000000000') in 0.0008035 seconds
Import Error Code:(4)
Message: Build asset version error: assets/arena/scoremanager.cs in SourceAssetDB has modification time of '2026-04-09T15:31:27.6131237Z' while content on disk has modification time of '2026-04-09T15:31:39.8902584Z'
  ERROR: Build asset version error: assets/arena/scoremanager.cs in SourceAssetDB has modification time of '2026-04-09T15:31:27.6131237Z' while content on disk has modification time of '2026-04-09T15:31:39.8902584Z'
Number of updated asset objects reloaded before import = 0Number of asset objects unloaded after import = 0

========================================================================
Received Import Request.
  Time since last request: 0.000026 seconds.
  path: Assets/arena/ScoreManager.cs
  artifactKey: Guid(2770bf38b9856174cba5d1cd5326d32e) Importer(815301076,1909f56bfc062723c751e8b465ee728b)
Start importing Assets/arena/ScoreManager.cs using Guid(2770bf38b9856174cba5d1cd5326d32e) Importer(815301076,1909f56bfc062723c751e8b465ee728b) (PreviewImporter) -> (artifact id: '00000000000000000000000000000000') in 0.0007708 seconds
Import Error Code:(4)
Message: Build asset version error: assets/arena/scoremanager.cs in SourceAssetDB has modification time of '2026-04-09T15:31:27.6131237Z' while content on disk has modification time of '2026-04-09T15:31:39.8902584Z'
  ERROR: Build asset version error: assets/arena/scoremanager.cs in SourceAssetDB has modification time of '2026-04-09T15:31:27.6131237Z' while content on disk has modification time of '2026-04-09T15:31:39.8902584Z'
Number of updated asset objects reloaded before import = 0Number of asset objects unloaded after import = 0

========================================================================
Received Import Request.
  Time since last request: 0.000036 seconds.
  path: Assets/arena/ScoreManager.cs
  artifactKey: Guid(2770bf38b9856174cba5d1cd5326d32e) Importer(815301076,1909f56bfc062723c751e8b465ee728b)
Start importing Assets/arena/ScoreManager.cs using Guid(2770bf38b9856174cba5d1cd5326d32e) Importer(815301076,1909f56bfc062723c751e8b465ee728b) (PreviewImporter) -> (artifact id: '00000000000000000000000000000000') in 0.0007965 seconds
Import Error Code:(4)
Message: Build asset version error: assets/arena/scoremanager.cs in SourceAssetDB has modification time of '2026-04-09T15:31:27.6131237Z' while content on disk has modification time of '2026-04-09T15:31:39.8902584Z'
  ERROR: Build asset version error: assets/arena/scoremanager.cs in SourceAssetDB has modification time of '2026-04-09T15:31:27.6131237Z' while content on disk has modification time of '2026-04-09T15:31:39.8902584Z'
Number of updated asset objects reloaded before import = 0Number of asset objects unloaded after import = 0

========================================================================
Received Import Request.
  Time since last request: 0.000029 seconds.
  path: Assets/arena/ScoreManager.cs
  artifactKey: Guid(2770bf38b9856174cba5d1cd5326d32e) Importer(815301076,1909f56bfc062723c751e8b465ee728b)
Start importing Assets/arena/ScoreManager.cs using Guid(2770bf38b9856174cba5d1cd5326d32e) Importer(815301076,1909f56bfc062723c751e8b465ee728b) (PreviewImporter) -> (artifact id: '00000000000000000000000000000000') in 0.0007607 seconds
Import Error Code:(4)
Message: Build asset version error: assets/arena/scoremanager.cs in SourceAssetDB has modification time of '2026-04-09T15:31:27.6131237Z' while content on disk has modification time of '2026-04-09T15:31:39.8902584Z'
  ERROR: Build asset version error: assets/arena/scoremanager.cs in SourceAssetDB has modification time of '2026-04-09T15:31:27.6131237Z' while content on disk has modification time of '2026-04-09T15:31:39.8902584Z'
Number of updated asset objects reloaded before import = 0Number of asset objects unloaded after import = 0

========================================================================
Received Import Request.
  Time since last request: 0.000022 seconds.
  path: Assets/arena/ScoreManager.cs
  artifactKey: Guid(2770bf38b9856174cba5d1cd5326d32e) Importer(815301076,1909f56bfc062723c751e8b465ee728b)
Start importing Assets/arena/ScoreManager.cs using Guid(2770bf38b9856174cba5d1cd5326d32e) Importer(815301076,1909f56bfc062723c751e8b465ee728b) (PreviewImporter) -> (artifact id: '00000000000000000000000000000000') in 0.0007958 seconds
Import Error Code:(4)
Message: Build asset version error: assets/arena/scoremanager.cs in SourceAssetDB has modification time of '2026-04-09T15:31:27.6131237Z' while content on disk has modification time of '2026-04-09T15:31:39.8902584Z'
  ERROR: Build asset version error: assets/arena/scoremanager.cs in SourceAssetDB has modification time of '2026-04-09T15:31:27.6131237Z' while content on disk has modification time of '2026-04-09T15:31:39.8902584Z'
Number of updated asset objects reloaded before import = 0Number of asset objects unloaded after import = 0

========================================================================
Received Import Request.
  Time since last request: 0.000022 seconds.
  path: Assets/arena/ScoreManager.cs
  artifactKey: Guid(2770bf38b9856174cba5d1cd5326d32e) Importer(815301076,1909f56bfc062723c751e8b465ee728b)
Start importing Assets/arena/ScoreManager.cs using Guid(2770bf38b9856174cba5d1cd5326d32e) Importer(815301076,1909f56bfc062723c751e8b465ee728b) (PreviewImporter) -> (artifact id: '00000000000000000000000000000000') in 0.0007705 seconds
Import Error Code:(4)
Message: Build asset version error: assets/arena/scoremanager.cs in SourceAssetDB has modification time of '2026-04-09T15:31:27.6131237Z' while content on disk has modification time of '2026-04-09T15:31:39.8902584Z'
  ERROR: Build asset version error: assets/arena/scoremanager.cs in SourceAssetDB has modification time of '2026-04-09T15:31:27.6131237Z' while content on disk has modification time of '2026-04-09T15:31:39.8902584Z'
Number of updated asset objects reloaded before import = 0Number of asset objects unloaded after import = 0

========================================================================
Received Import Request.
  Time since last request: 0.000021 seconds.
  path: Assets/arena/ScoreManager.cs
  artifactKey: Guid(2770bf38b9856174cba5d1cd5326d32e) Importer(815301076,1909f56bfc062723c751e8b465ee728b)
Start importing Assets/arena/ScoreManager.cs using Guid(2770bf38b9856174cba5d1cd5326d32e) Importer(815301076,1909f56bfc062723c751e8b465ee728b) (PreviewImporter) -> (artifact id: '00000000000000000000000000000000') in 0.0008161 seconds
Import Error Code:(4)
Message: Build asset version error: assets/arena/scoremanager.cs in SourceAssetDB has modification time of '2026-04-09T15:31:27.6131237Z' while content on disk has modification time of '2026-04-09T15:31:39.8902584Z'
  ERROR: Build asset version error: assets/arena/scoremanager.cs in SourceAssetDB has modification time of '2026-04-09T15:31:27.6131237Z' while content on disk has modification time of '2026-04-09T15:31:39.8902584Z'
Number of updated asset objects reloaded before import = 0Number of asset objects unloaded after import = 0

========================================================================
Received Import Request.
  Time since last request: 0.000028 seconds.
  path: Assets/arena/ScoreManager.cs
  artifactKey: Guid(2770bf38b9856174cba5d1cd5326d32e) Importer(815301076,1909f56bfc062723c751e8b465ee728b)
Start importing Assets/arena/ScoreManager.cs using Guid(2770bf38b9856174cba5d1cd5326d32e) Importer(815301076,1909f56bfc062723c751e8b465ee728b) (PreviewImporter) -> (artifact id: '00000000000000000000000000000000') in 0.0007765 seconds
Import Error Code:(4)
Message: Build asset version error: assets/arena/scoremanager.cs in SourceAssetDB has modification time of '2026-04-09T15:31:27.6131237Z' while content on disk has modification time of '2026-04-09T15:31:39.8902584Z'
  ERROR: Build asset version error: assets/arena/scoremanager.cs in SourceAssetDB has modification time of '2026-04-09T15:31:27.6131237Z' while content on disk has modification time of '2026-04-09T15:31:39.8902584Z'
Number of updated asset objects reloaded before import = 0Number of asset objects unloaded after import = 0

========================================================================
Received Import Request.
  Time since last request: 0.000034 seconds.
  path: Assets/arena/ScoreManager.cs
  artifactKey: Guid(2770bf38b9856174cba5d1cd5326d32e) Importer(815301076,1909f56bfc062723c751e8b465ee728b)
Start importing Assets/arena/ScoreManager.cs using Guid(2770bf38b9856174cba5d1cd5326d32e) Importer(815301076,1909f56bfc062723c751e8b465ee728b) (PreviewImporter) -> (artifact id: '00000000000000000000000000000000') in 0.000787 seconds
Import Error Code:(4)
Message: Build asset version error: assets/arena/scoremanager.cs in SourceAssetDB has modification time of '2026-04-09T15:31:27.6131237Z' while content on disk has modification time of '2026-04-09T15:31:39.8902584Z'
  ERROR: Build asset version error: assets/arena/scoremanager.cs in SourceAssetDB has modification time of '2026-04-09T15:31:27.6131237Z' while content on disk has modification time of '2026-04-09T15:31:39.8902584Z'
Number of updated asset objects reloaded before import = 0Number of asset objects unloaded after import = 0

========================================================================
Received Import Request.
  Time since last request: 0.000021 seconds.
  path: Assets/arena/ScoreManager.cs
  artifactKey: Guid(2770bf38b9856174cba5d1cd5326d32e) Importer(815301076,1909f56bfc062723c751e8b465ee728b)
Start importing Assets/arena/ScoreManager.cs using Guid(2770bf38b9856174cba5d1cd5326d32e) Importer(815301076,1909f56bfc062723c751e8b465ee728b) (PreviewImporter) -> (artifact id: '00000000000000000000000000000000') in 0.0007848 seconds
Import Error Code:(4)
Message: Build asset version error: assets/arena/scoremanager.cs in SourceAssetDB has modification time of '2026-04-09T15:31:27.6131237Z' while content on disk has modification time of '2026-04-09T15:31:39.8902584Z'
  ERROR: Build asset version error: assets/arena/scoremanager.cs in SourceAssetDB has modification time of '2026-04-09T15:31:27.6131237Z' while content on disk has modification time of '2026-04-09T15:31:39.8902584Z'
Number of updated asset objects reloaded before import = 0Number of asset objects unloaded after import = 0

========================================================================
Received Import Request.
  Time since last request: 0.000022 seconds.
  path: Assets/arena/ScoreManager.cs
  artifactKey: Guid(2770bf38b9856174cba5d1cd5326d32e) Importer(815301076,1909f56bfc062723c751e8b465ee728b)
Start importing Assets/arena/ScoreManager.cs using Guid(2770bf38b9856174cba5d1cd5326d32e) Importer(815301076,1909f56bfc062723c751e8b465ee728b) (PreviewImporter) -> (artifact id: '00000000000000000000000000000000') in 0.0008132 seconds
Import Error Code:(4)
Message: Build asset version error: assets/arena/scoremanager.cs in SourceAssetDB has modification time of '2026-04-09T15:31:27.6131237Z' while content on disk has modification time of '2026-04-09T15:31:39.8902584Z'
  ERROR: Build asset version error: assets/arena/scoremanager.cs in SourceAssetDB has modification time of '2026-04-09T15:31:27.6131237Z' while content on disk has modification time of '2026-04-09T15:31:39.8902584Z'
Number of updated asset objects reloaded before import = 0Number of asset objects unloaded after import = 0

========================================================================
Received Import Request.
  Time since last request: 0.000023 seconds.
  path: Assets/arena/ScoreManager.cs
  artifactKey: Guid(2770bf38b9856174cba5d1cd5326d32e) Importer(815301076,1909f56bfc062723c751e8b465ee728b)
Start importing Assets/arena/ScoreManager.cs using Guid(2770bf38b9856174cba5d1cd5326d32e) Importer(815301076,1909f56bfc062723c751e8b465ee728b) (PreviewImporter) -> (artifact id: '00000000000000000000000000000000') in 0.0008296 seconds
Import Error Code:(4)
Message: Build asset version error: assets/arena/scoremanager.cs in SourceAssetDB has modification time of '2026-04-09T15:31:27.6131237Z' while content on disk has modification time of '2026-04-09T15:31:39.8902584Z'
  ERROR: Build asset version error: assets/arena/scoremanager.cs in SourceAssetDB has modification time of '2026-04-09T15:31:27.6131237Z' while content on disk has modification time of '2026-04-09T15:31:39.8902584Z'
Number of updated asset objects reloaded before import = 0Number of asset objects unloaded after import = 0

========================================================================
Received Import Request.
  Time since last request: 0.000030 seconds.
  path: Assets/arena/ScoreManager.cs
  artifactKey: Guid(2770bf38b9856174cba5d1cd5326d32e) Importer(815301076,1909f56bfc062723c751e8b465ee728b)
Start importing Assets/arena/ScoreManager.cs using Guid(2770bf38b9856174cba5d1cd5326d32e) Importer(815301076,1909f56bfc062723c751e8b465ee728b) (PreviewImporter) -> (artifact id: '00000000000000000000000000000000') in 0.0007868 seconds
Import Error Code:(4)
Message: Build asset version error: assets/arena/scoremanager.cs in SourceAssetDB has modification time of '2026-04-09T15:31:27.6131237Z' while content on disk has modification time of '2026-04-09T15:31:39.8902584Z'
  ERROR: Build asset version error: assets/arena/scoremanager.cs in SourceAssetDB has modification time of '2026-04-09T15:31:27.6131237Z' while content on disk has modification time of '2026-04-09T15:31:39.8902584Z'
Number of updated asset objects reloaded before import = 0Number of asset objects unloaded after import = 0

========================================================================
Received Import Request.
  Time since last request: 0.000027 seconds.
  path: Assets/arena/ScoreManager.cs
  artifactKey: Guid(2770bf38b9856174cba5d1cd5326d32e) Importer(815301076,1909f56bfc062723c751e8b465ee728b)
Start importing Assets/arena/ScoreManager.cs using Guid(2770bf38b9856174cba5d1cd5326d32e) Importer(815301076,1909f56bfc062723c751e8b465ee728b) (PreviewImporter) -> (artifact id: '00000000000000000000000000000000') in 0.0008143 seconds
Import Error Code:(4)
Message: Build asset version error: assets/arena/scoremanager.cs in SourceAssetDB has modification time of '2026-04-09T15:31:27.6131237Z' while content on disk has modification time of '2026-04-09T15:31:39.8902584Z'
  ERROR: Build asset version error: assets/arena/scoremanager.cs in SourceAssetDB has modification time of '2026-04-09T15:31:27.6131237Z' while content on disk has modification time of '2026-04-09T15:31:39.8902584Z'
Number of updated asset objects reloaded before import = 0Number of asset objects unloaded after import = 0

========================================================================
Received Import Request.
  Time since last request: 0.000034 seconds.
  path: Assets/arena/ScoreManager.cs
  artifactKey: Guid(2770bf38b9856174cba5d1cd5326d32e) Importer(815301076,1909f56bfc062723c751e8b465ee728b)
Start importing Assets/arena/ScoreManager.cs using Guid(2770bf38b9856174cba5d1cd5326d32e) Importer(815301076,1909f56bfc062723c751e8b465ee728b) (PreviewImporter) -> (artifact id: '00000000000000000000000000000000') in 0.0008162 seconds
Import Error Code:(4)
Message: Build asset version error: assets/arena/scoremanager.cs in SourceAssetDB has modification time of '2026-04-09T15:31:27.6131237Z' while content on disk has modification time of '2026-04-09T15:31:39.8902584Z'
  ERROR: Build asset version error: assets/arena/scoremanager.cs in SourceAssetDB has modification time of '2026-04-09T15:31:27.6131237Z' while content on disk has modification time of '2026-04-09T15:31:39.8902584Z'
Number of updated asset objects reloaded before import = 0Number of asset objects unloaded after import = 0

========================================================================
Received Import Request.
  Time since last request: 0.000023 seconds.
  path: Assets/arena/ScoreManager.cs
  artifactKey: Guid(2770bf38b9856174cba5d1cd5326d32e) Importer(815301076,1909f56bfc062723c751e8b465ee728b)
Start importing Assets/arena/ScoreManager.cs using Guid(2770bf38b9856174cba5d1cd5326d32e) Importer(815301076,1909f56bfc062723c751e8b465ee728b) (PreviewImporter) -> (artifact id: '00000000000000000000000000000000') in 0.0008015 seconds
Import Error Code:(4)
Message: Build asset version error: assets/arena/scoremanager.cs in SourceAssetDB has modification time of '2026-04-09T15:31:27.6131237Z' while content on disk has modification time of '2026-04-09T15:31:39.8902584Z'
  ERROR: Build asset version error: assets/arena/scoremanager.cs in SourceAssetDB has modification time of '2026-04-09T15:31:27.6131237Z' while content on disk has modification time of '2026-04-09T15:31:39.8902584Z'
Number of updated asset objects reloaded before import = 0Number of asset objects unloaded after import = 0

========================================================================
Received Import Request.
  Time since last request: 0.000021 seconds.
  path: Assets/arena/ScoreManager.cs
  artifactKey: Guid(2770bf38b9856174cba5d1cd5326d32e) Importer(815301076,1909f56bfc062723c751e8b465ee728b)
Start importing Assets/arena/ScoreManager.cs using Guid(2770bf38b9856174cba5d1cd5326d32e) Importer(815301076,1909f56bfc062723c751e8b465ee728b) (PreviewImporter) -> (artifact id: '00000000000000000000000000000000') in 0.0007905 seconds
Import Error Code:(4)
Message: Build asset version error: assets/arena/scoremanager.cs in SourceAssetDB has modification time of '2026-04-09T15:31:27.6131237Z' while content on disk has modification time of '2026-04-09T15:31:39.8902584Z'
  ERROR: Build asset version error: assets/arena/scoremanager.cs in SourceAssetDB has modification time of '2026-04-09T15:31:27.6131237Z' while content on disk has modification time of '2026-04-09T15:31:39.8902584Z'
Number of updated asset objects reloaded before import = 0Number of asset objects unloaded after import = 0

========================================================================
Received Import Request.
  Time since last request: 0.000022 seconds.
  path: Assets/arena/ScoreManager.cs
  artifactKey: Guid(2770bf38b9856174cba5d1cd5326d32e) Importer(815301076,1909f56bfc062723c751e8b465ee728b)
Start importing Assets/arena/ScoreManager.cs using Guid(2770bf38b9856174cba5d1cd5326d32e) Importer(815301076,1909f56bfc062723c751e8b465ee728b) (PreviewImporter) -> (artifact id: '00000000000000000000000000000000') in 0.000742 seconds
Import Error Code:(4)
Message: Build asset version error: assets/arena/scoremanager.cs in SourceAssetDB has modification time of '2026-04-09T15:31:27.6131237Z' while content on disk has modification time of '2026-04-09T15:31:39.8902584Z'
  ERROR: Build asset version error: assets/arena/scoremanager.cs in SourceAssetDB has modification time of '2026-04-09T15:31:27.6131237Z' while content on disk has modification time of '2026-04-09T15:31:39.8902584Z'
Number of updated asset objects reloaded before import = 0Number of asset objects unloaded after import = 0

========================================================================
Received Import Request.
  Time since last request: 0.000022 seconds.
  path: Assets/arena/ScoreManager.cs
  artifactKey: Guid(2770bf38b9856174cba5d1cd5326d32e) Importer(815301076,1909f56bfc062723c751e8b465ee728b)
Start importing Assets/arena/ScoreManager.cs using Guid(2770bf38b9856174cba5d1cd5326d32e) Importer(815301076,1909f56bfc062723c751e8b465ee728b) (PreviewImporter) -> (artifact id: '00000000000000000000000000000000') in 0.0009524 seconds
Import Error Code:(4)
Message: Build asset version error: assets/arena/scoremanager.cs in SourceAssetDB has modification time of '2026-04-09T15:31:27.6131237Z' while content on disk has modification time of '2026-04-09T15:31:39.8902584Z'
  ERROR: Build asset version error: assets/arena/scoremanager.cs in SourceAssetDB has modification time of '2026-04-09T15:31:27.6131237Z' while content on disk has modification time of '2026-04-09T15:31:39.8902584Z'
Number of updated asset objects reloaded before import = 0Number of asset objects unloaded after import = 0

========================================================================
Received Import Request.
  Time since last request: 0.000025 seconds.
  path: Assets/arena/ScoreManager.cs
  artifactKey: Guid(2770bf38b9856174cba5d1cd5326d32e) Importer(815301076,1909f56bfc062723c751e8b465ee728b)
Start importing Assets/arena/ScoreManager.cs using Guid(2770bf38b9856174cba5d1cd5326d32e) Importer(815301076,1909f56bfc062723c751e8b465ee728b) (PreviewImporter) -> (artifact id: '00000000000000000000000000000000') in 0.0009954 seconds
Import Error Code:(4)
Message: Build asset version error: assets/arena/scoremanager.cs in SourceAssetDB has modification time of '2026-04-09T15:31:27.6131237Z' while content on disk has modification time of '2026-04-09T15:31:39.8902584Z'
  ERROR: Build asset version error: assets/arena/scoremanager.cs in SourceAssetDB has modification time of '2026-04-09T15:31:27.6131237Z' while content on disk has modification time of '2026-04-09T15:31:39.8902584Z'
Number of updated asset objects reloaded before import = 0Number of asset objects unloaded after import = 0

========================================================================
Received Import Request.
  Time since last request: 0.000035 seconds.
  path: Assets/arena/ScoreManager.cs
  artifactKey: Guid(2770bf38b9856174cba5d1cd5326d32e) Importer(815301076,1909f56bfc062723c751e8b465ee728b)
Start importing Assets/arena/ScoreManager.cs using Guid(2770bf38b9856174cba5d1cd5326d32e) Importer(815301076,1909f56bfc062723c751e8b465ee728b) (PreviewImporter) -> (artifact id: '00000000000000000000000000000000') in 0.0008264 seconds
Import Error Code:(4)
Message: Build asset version error: assets/arena/scoremanager.cs in SourceAssetDB has modification time of '2026-04-09T15:31:27.6131237Z' while content on disk has modification time of '2026-04-09T15:31:39.8902584Z'
  ERROR: Build asset version error: assets/arena/scoremanager.cs in SourceAssetDB has modification time of '2026-04-09T15:31:27.6131237Z' while content on disk has modification time of '2026-04-09T15:31:39.8902584Z'
Number of updated asset objects reloaded before import = 0Number of asset objects unloaded after import = 0

========================================================================
Received Import Request.
  Time since last request: 0.000022 seconds.
  path: Assets/arena/ScoreManager.cs
  artifactKey: Guid(2770bf38b9856174cba5d1cd5326d32e) Importer(815301076,1909f56bfc062723c751e8b465ee728b)
Start importing Assets/arena/ScoreManager.cs using Guid(2770bf38b9856174cba5d1cd5326d32e) Importer(815301076,1909f56bfc062723c751e8b465ee728b) (PreviewImporter) -> (artifact id: '00000000000000000000000000000000') in 0.0008788 seconds
Import Error Code:(4)
Message: Build asset version error: assets/arena/scoremanager.cs in SourceAssetDB has modification time of '2026-04-09T15:31:27.6131237Z' while content on disk has modification time of '2026-04-09T15:31:39.8902584Z'
  ERROR: Build asset version error: assets/arena/scoremanager.cs in SourceAssetDB has modification time of '2026-04-09T15:31:27.6131237Z' while content on disk has modification time of '2026-04-09T15:31:39.8902584Z'
Number of updated asset objects reloaded before import = 0Number of asset objects unloaded after import = 0

========================================================================
Received Import Request.
  Time since last request: 0.000023 seconds.
  path: Assets/arena/ScoreManager.cs
  artifactKey: Guid(2770bf38b9856174cba5d1cd5326d32e) Importer(815301076,1909f56bfc062723c751e8b465ee728b)
Start importing Assets/arena/ScoreManager.cs using Guid(2770bf38b9856174cba5d1cd5326d32e) Importer(815301076,1909f56bfc062723c751e8b465ee728b) (PreviewImporter) -> (artifact id: '00000000000000000000000000000000') in 0.0008219 seconds
Import Error Code:(4)
Message: Build asset version error: assets/arena/scoremanager.cs in SourceAssetDB has modification time of '2026-04-09T15:31:27.6131237Z' while content on disk has modification time of '2026-04-09T15:31:39.8902584Z'
  ERROR: Build asset version error: assets/arena/scoremanager.cs in SourceAssetDB has modification time of '2026-04-09T15:31:27.6131237Z' while content on disk has modification time of '2026-04-09T15:31:39.8902584Z'
Number of updated asset objects reloaded before import = 0Number of asset objects unloaded after import = 0

========================================================================
Received Import Request.
  Time since last request: 0.000022 seconds.
  path: Assets/arena/ScoreManager.cs
  artifactKey: Guid(2770bf38b9856174cba5d1cd5326d32e) Importer(815301076,1909f56bfc062723c751e8b465ee728b)
Start importing Assets/arena/ScoreManager.cs using Guid(2770bf38b9856174cba5d1cd5326d32e) Importer(815301076,1909f56bfc062723c751e8b465ee728b) (PreviewImporter) -> (artifact id: '00000000000000000000000000000000') in 0.0008487 seconds
Import Error Code:(4)
Message: Build asset version error: assets/arena/scoremanager.cs in SourceAssetDB has modification time of '2026-04-09T15:31:27.6131237Z' while content on disk has modification time of '2026-04-09T15:31:39.8902584Z'
  ERROR: Build asset version error: assets/arena/scoremanager.cs in SourceAssetDB has modification time of '2026-04-09T15:31:27.6131237Z' while content on disk has modification time of '2026-04-09T15:31:39.8902584Z'
Number of updated asset objects reloaded before import = 0Number of asset objects unloaded after import = 0

========================================================================
Received Import Request.
  Time since last request: 0.000022 seconds.
  path: Assets/arena/ScoreManager.cs
  artifactKey: Guid(2770bf38b9856174cba5d1cd5326d32e) Importer(815301076,1909f56bfc062723c751e8b465ee728b)
Start importing Assets/arena/ScoreManager.cs using Guid(2770bf38b9856174cba5d1cd5326d32e) Importer(815301076,1909f56bfc062723c751e8b465ee728b) (PreviewImporter) -> (artifact id: '00000000000000000000000000000000') in 0.0007543 seconds
Import Error Code:(4)
Message: Build asset version error: assets/arena/scoremanager.cs in SourceAssetDB has modification time of '2026-04-09T15:31:27.6131237Z' while content on disk has modification time of '2026-04-09T15:31:39.8902584Z'
  ERROR: Build asset version error: assets/arena/scoremanager.cs in SourceAssetDB has modification time of '2026-04-09T15:31:27.6131237Z' while content on disk has modification time of '2026-04-09T15:31:39.8902584Z'
Number of updated asset objects reloaded before import = 0Number of asset objects unloaded after import = 0

========================================================================
Received Import Request.
  Time since last request: 0.000026 seconds.
  path: Assets/arena/ScoreManager.cs
  artifactKey: Guid(2770bf38b9856174cba5d1cd5326d32e) Importer(815301076,1909f56bfc062723c751e8b465ee728b)
Start importing Assets/arena/ScoreManager.cs using Guid(2770bf38b9856174cba5d1cd5326d32e) Importer(815301076,1909f56bfc062723c751e8b465ee728b) (PreviewImporter) -> (artifact id: '00000000000000000000000000000000') in 0.0009732 seconds
Import Error Code:(4)
Message: Build asset version error: assets/arena/scoremanager.cs in SourceAssetDB has modification time of '2026-04-09T15:31:27.6131237Z' while content on disk has modification time of '2026-04-09T15:31:39.8902584Z'
  ERROR: Build asset version error: assets/arena/scoremanager.cs in SourceAssetDB has modification time of '2026-04-09T15:31:27.6131237Z' while content on disk has modification time of '2026-04-09T15:31:39.8902584Z'
Number of updated asset objects reloaded before import = 0Number of asset objects unloaded after import = 0

========================================================================
Received Import Request.
  Time since last request: 0.000033 seconds.
  path: Assets/arena/ScoreManager.cs
  artifactKey: Guid(2770bf38b9856174cba5d1cd5326d32e) Importer(815301076,1909f56bfc062723c751e8b465ee728b)
Start importing Assets/arena/ScoreManager.cs using Guid(2770bf38b9856174cba5d1cd5326d32e) Importer(815301076,1909f56bfc062723c751e8b465ee728b) (PreviewImporter) -> (artifact id: '00000000000000000000000000000000') in 0.000823 seconds
Import Error Code:(4)
Message: Build asset version error: assets/arena/scoremanager.cs in SourceAssetDB has modification time of '2026-04-09T15:31:27.6131237Z' while content on disk has modification time of '2026-04-09T15:31:39.8902584Z'
  ERROR: Build asset version error: assets/arena/scoremanager.cs in SourceAssetDB has modification time of '2026-04-09T15:31:27.6131237Z' while content on disk has modification time of '2026-04-09T15:31:39.8902584Z'
Number of updated asset objects reloaded before import = 0Number of asset objects unloaded after import = 0

========================================================================
Received Import Request.
  Time since last request: 0.000023 seconds.
  path: Assets/arena/ScoreManager.cs
  artifactKey: Guid(2770bf38b9856174cba5d1cd5326d32e) Importer(815301076,1909f56bfc062723c751e8b465ee728b)
Start importing Assets/arena/ScoreManager.cs using Guid(2770bf38b9856174cba5d1cd5326d32e) Importer(815301076,1909f56bfc062723c751e8b465ee728b) (PreviewImporter) -> (artifact id: '00000000000000000000000000000000') in 0.0008099 seconds
Import Error Code:(4)
Message: Build asset version error: assets/arena/scoremanager.cs in SourceAssetDB has modification time of '2026-04-09T15:31:27.6131237Z' while content on disk has modification time of '2026-04-09T15:31:39.8902584Z'
  ERROR: Build asset version error: assets/arena/scoremanager.cs in SourceAssetDB has modification time of '2026-04-09T15:31:27.6131237Z' while content on disk has modification time of '2026-04-09T15:31:39.8902584Z'
Number of updated asset objects reloaded before import = 0Number of asset objects unloaded after import = 0

========================================================================
Received Import Request.
  Time since last request: 0.000021 seconds.
  path: Assets/arena/ScoreManager.cs
  artifactKey: Guid(2770bf38b9856174cba5d1cd5326d32e) Importer(815301076,1909f56bfc062723c751e8b465ee728b)
Start importing Assets/arena/ScoreManager.cs using Guid(2770bf38b9856174cba5d1cd5326d32e) Importer(815301076,1909f56bfc062723c751e8b465ee728b) (PreviewImporter) -> (artifact id: '00000000000000000000000000000000') in 0.0008684 seconds
Import Error Code:(4)
Message: Build asset version error: assets/arena/scoremanager.cs in SourceAssetDB has modification time of '2026-04-09T15:31:27.6131237Z' while content on disk has modification time of '2026-04-09T15:31:39.8902584Z'
  ERROR: Build asset version error: assets/arena/scoremanager.cs in SourceAssetDB has modification time of '2026-04-09T15:31:27.6131237Z' while content on disk has modification time of '2026-04-09T15:31:39.8902584Z'
Number of updated asset objects reloaded before import = 0Number of asset objects unloaded after import = 0

========================================================================
Received Import Request.
  Time since last request: 0.000022 seconds.
  path: Assets/arena/ScoreManager.cs
  artifactKey: Guid(2770bf38b9856174cba5d1cd5326d32e) Importer(815301076,1909f56bfc062723c751e8b465ee728b)
Start importing Assets/arena/ScoreManager.cs using Guid(2770bf38b9856174cba5d1cd5326d32e) Importer(815301076,1909f56bfc062723c751e8b465ee728b) (PreviewImporter) -> (artifact id: '00000000000000000000000000000000') in 0.0007526 seconds
Import Error Code:(4)
Message: Build asset version error: assets/arena/scoremanager.cs in SourceAssetDB has modification time of '2026-04-09T15:31:27.6131237Z' while content on disk has modification time of '2026-04-09T15:31:39.8902584Z'
  ERROR: Build asset version error: assets/arena/scoremanager.cs in SourceAssetDB has modification time of '2026-04-09T15:31:27.6131237Z' while content on disk has modification time of '2026-04-09T15:31:39.8902584Z'
Number of updated asset objects reloaded before import = 0Number of asset objects unloaded after import = 0

========================================================================
Received Import Request.
  Time since last request: 0.000021 seconds.
  path: Assets/arena/ScoreManager.cs
  artifactKey: Guid(2770bf38b9856174cba5d1cd5326d32e) Importer(815301076,1909f56bfc062723c751e8b465ee728b)
Start importing Assets/arena/ScoreManager.cs using Guid(2770bf38b9856174cba5d1cd5326d32e) Importer(815301076,1909f56bfc062723c751e8b465ee728b) (PreviewImporter) -> (artifact id: '00000000000000000000000000000000') in 0.0007533 seconds
Import Error Code:(4)
Message: Build asset version error: assets/arena/scoremanager.cs in SourceAssetDB has modification time of '2026-04-09T15:31:27.6131237Z' while content on disk has modification time of '2026-04-09T15:31:39.8902584Z'
  ERROR: Build asset version error: assets/arena/scoremanager.cs in SourceAssetDB has modification time of '2026-04-09T15:31:27.6131237Z' while content on disk has modification time of '2026-04-09T15:31:39.8902584Z'
Number of updated asset objects reloaded before import = 0Number of asset objects unloaded after import = 0

========================================================================
Received Import Request.
  Time since last request: 0.000025 seconds.
  path: Assets/arena/ScoreManager.cs
  artifactKey: Guid(2770bf38b9856174cba5d1cd5326d32e) Importer(815301076,1909f56bfc062723c751e8b465ee728b)
Start importing Assets/arena/ScoreManager.cs using Guid(2770bf38b9856174cba5d1cd5326d32e) Importer(815301076,1909f56bfc062723c751e8b465ee728b) (PreviewImporter) -> (artifact id: '00000000000000000000000000000000') in 0.0008215 seconds
Import Error Code:(4)
Message: Build asset version error: assets/arena/scoremanager.cs in SourceAssetDB has modification time of '2026-04-09T15:31:27.6131237Z' while content on disk has modification time of '2026-04-09T15:31:39.8902584Z'
  ERROR: Build asset version error: assets/arena/scoremanager.cs in SourceAssetDB has modification time of '2026-04-09T15:31:27.6131237Z' while content on disk has modification time of '2026-04-09T15:31:39.8902584Z'
Number of updated asset objects reloaded before import = 0Number of asset objects unloaded after import = 0

========================================================================
Received Import Request.
  Time since last request: 0.000036 seconds.
  path: Assets/arena/ScoreManager.cs
  artifactKey: Guid(2770bf38b9856174cba5d1cd5326d32e) Importer(815301076,1909f56bfc062723c751e8b465ee728b)
Start importing Assets/arena/ScoreManager.cs using Guid(2770bf38b9856174cba5d1cd5326d32e) Importer(815301076,1909f56bfc062723c751e8b465ee728b) (PreviewImporter) -> (artifact id: '00000000000000000000000000000000') in 0.0008197 seconds
Import Error Code:(4)
Message: Build asset version error: assets/arena/scoremanager.cs in SourceAssetDB has modification time of '2026-04-09T15:31:27.6131237Z' while content on disk has modification time of '2026-04-09T15:31:39.8902584Z'
  ERROR: Build asset version error: assets/arena/scoremanager.cs in SourceAssetDB has modification time of '2026-04-09T15:31:27.6131237Z' while content on disk has modification time of '2026-04-09T15:31:39.8902584Z'
Number of updated asset objects reloaded before import = 0Number of asset objects unloaded after import = 0

========================================================================
Received Import Request.
  Time since last request: 0.000039 seconds.
  path: Assets/arena/ScoreManager.cs
  artifactKey: Guid(2770bf38b9856174cba5d1cd5326d32e) Importer(815301076,1909f56bfc062723c751e8b465ee728b)
Start importing Assets/arena/ScoreManager.cs using Guid(2770bf38b9856174cba5d1cd5326d32e) Importer(815301076,1909f56bfc062723c751e8b465ee728b) (PreviewImporter) -> (artifact id: '00000000000000000000000000000000') in 0.0008155 seconds
Import Error Code:(4)
Message: Build asset version error: assets/arena/scoremanager.cs in SourceAssetDB has modification time of '2026-04-09T15:31:27.6131237Z' while content on disk has modification time of '2026-04-09T15:31:39.8902584Z'
  ERROR: Build asset version error: assets/arena/scoremanager.cs in SourceAssetDB has modification time of '2026-04-09T15:31:27.6131237Z' while content on disk has modification time of '2026-04-09T15:31:39.8902584Z'
Number of updated asset objects reloaded before import = 0Number of asset objects unloaded after import = 0

========================================================================
Received Import Request.
  Time since last request: 0.000021 seconds.
  path: Assets/arena/ScoreManager.cs
  artifactKey: Guid(2770bf38b9856174cba5d1cd5326d32e) Importer(815301076,1909f56bfc062723c751e8b465ee728b)
Start importing Assets/arena/ScoreManager.cs using Guid(2770bf38b9856174cba5d1cd5326d32e) Importer(815301076,1909f56bfc062723c751e8b465ee728b) (PreviewImporter) -> (artifact id: '00000000000000000000000000000000') in 0.0007943 seconds
Import Error Code:(4)
Message: Build asset version error: assets/arena/scoremanager.cs in SourceAssetDB has modification time of '2026-04-09T15:31:27.6131237Z' while content on disk has modification time of '2026-04-09T15:31:39.8902584Z'
  ERROR: Build asset version error: assets/arena/scoremanager.cs in SourceAssetDB has modification time of '2026-04-09T15:31:27.6131237Z' while content on disk has modification time of '2026-04-09T15:31:39.8902584Z'
Number of updated asset objects reloaded before import = 0Number of asset objects unloaded after import = 0

========================================================================
Received Import Request.
  Time since last request: 0.000023 seconds.
  path: Assets/arena/ScoreManager.cs
  artifactKey: Guid(2770bf38b9856174cba5d1cd5326d32e) Importer(815301076,1909f56bfc062723c751e8b465ee728b)
Start importing Assets/arena/ScoreManager.cs using Guid(2770bf38b9856174cba5d1cd5326d32e) Importer(815301076,1909f56bfc062723c751e8b465ee728b) (PreviewImporter) -> (artifact id: '00000000000000000000000000000000') in 0.0008035 seconds
Import Error Code:(4)
Message: Build asset version error: assets/arena/scoremanager.cs in SourceAssetDB has modification time of '2026-04-09T15:31:27.6131237Z' while content on disk has modification time of '2026-04-09T15:31:39.8902584Z'
  ERROR: Build asset version error: assets/arena/scoremanager.cs in SourceAssetDB has modification time of '2026-04-09T15:31:27.6131237Z' while content on disk has modification time of '2026-04-09T15:31:39.8902584Z'
Number of updated asset objects reloaded before import = 0Number of asset objects unloaded after import = 0

========================================================================
Received Import Request.
  Time since last request: 0.000047 seconds.
  path: Assets/arena/ScoreManager.cs
  artifactKey: Guid(2770bf38b9856174cba5d1cd5326d32e) Importer(815301076,1909f56bfc062723c751e8b465ee728b)
Start importing Assets/arena/ScoreManager.cs using Guid(2770bf38b9856174cba5d1cd5326d32e) Importer(815301076,1909f56bfc062723c751e8b465ee728b) (PreviewImporter) -> (artifact id: '00000000000000000000000000000000') in 0.0008168 seconds
Import Error Code:(4)
Message: Build asset version error: assets/arena/scoremanager.cs in SourceAssetDB has modification time of '2026-04-09T15:31:27.6131237Z' while content on disk has modification time of '2026-04-09T15:31:39.8902584Z'
  ERROR: Build asset version error: assets/arena/scoremanager.cs in SourceAssetDB has modification time of '2026-04-09T15:31:27.6131237Z' while content on disk has modification time of '2026-04-09T15:31:39.8902584Z'
Number of updated asset objects reloaded before import = 0Number of asset objects unloaded after import = 0

========================================================================
Received Import Request.
  Time since last request: 0.000034 seconds.
  path: Assets/arena/ScoreManager.cs
  artifactKey: Guid(2770bf38b9856174cba5d1cd5326d32e) Importer(815301076,1909f56bfc062723c751e8b465ee728b)
Start importing Assets/arena/ScoreManager.cs using Guid(2770bf38b9856174cba5d1cd5326d32e) Importer(815301076,1909f56bfc062723c751e8b465ee728b) (PreviewImporter) -> (artifact id: '00000000000000000000000000000000') in 0.0008644 seconds
Import Error Code:(4)
Message: Build asset version error: assets/arena/scoremanager.cs in SourceAssetDB has modification time of '2026-04-09T15:31:27.6131237Z' while content on disk has modification time of '2026-04-09T15:31:39.8902584Z'
  ERROR: Build asset version error: assets/arena/scoremanager.cs in SourceAssetDB has modification time of '2026-04-09T15:31:27.6131237Z' while content on disk has modification time of '2026-04-09T15:31:39.8902584Z'
Number of updated asset objects reloaded before import = 0Number of asset objects unloaded after import = 0

========================================================================
Received Import Request.
  Time since last request: 0.000022 seconds.
  path: Assets/arena/ScoreManager.cs
  artifactKey: Guid(2770bf38b9856174cba5d1cd5326d32e) Importer(815301076,1909f56bfc062723c751e8b465ee728b)
Start importing Assets/arena/ScoreManager.cs using Guid(2770bf38b9856174cba5d1cd5326d32e) Importer(815301076,1909f56bfc062723c751e8b465ee728b) (PreviewImporter) -> (artifact id: '00000000000000000000000000000000') in 0.0008764 seconds
Import Error Code:(4)
Message: Build asset version error: assets/arena/scoremanager.cs in SourceAssetDB has modification time of '2026-04-09T15:31:27.6131237Z' while content on disk has modification time of '2026-04-09T15:31:39.8902584Z'
  ERROR: Build asset version error: assets/arena/scoremanager.cs in SourceAssetDB has modification time of '2026-04-09T15:31:27.6131237Z' while content on disk has modification time of '2026-04-09T15:31:39.8902584Z'
Number of updated asset objects reloaded before import = 0Number of asset objects unloaded after import = 0

========================================================================
Received Import Request.
  Time since last request: 0.000022 seconds.
  path: Assets/arena/ScoreManager.cs
  artifactKey: Guid(2770bf38b9856174cba5d1cd5326d32e) Importer(815301076,1909f56bfc062723c751e8b465ee728b)
Start importing Assets/arena/ScoreManager.cs using Guid(2770bf38b9856174cba5d1cd5326d32e) Importer(815301076,1909f56bfc062723c751e8b465ee728b) (PreviewImporter) -> (artifact id: '00000000000000000000000000000000') in 0.0008176 seconds
Import Error Code:(4)
Message: Build asset version error: assets/arena/scoremanager.cs in SourceAssetDB has modification time of '2026-04-09T15:31:27.6131237Z' while content on disk has modification time of '2026-04-09T15:31:39.8902584Z'
  ERROR: Build asset version error: assets/arena/scoremanager.cs in SourceAssetDB has modification time of '2026-04-09T15:31:27.6131237Z' while content on disk has modification time of '2026-04-09T15:31:39.8902584Z'
Number of updated asset objects reloaded before import = 0Number of asset objects unloaded after import = 0

========================================================================
Received Import Request.
  Time since last request: 0.000022 seconds.
  path: Assets/arena/ScoreManager.cs
  artifactKey: Guid(2770bf38b9856174cba5d1cd5326d32e) Importer(815301076,1909f56bfc062723c751e8b465ee728b)
Start importing Assets/arena/ScoreManager.cs using Guid(2770bf38b9856174cba5d1cd5326d32e) Importer(815301076,1909f56bfc062723c751e8b465ee728b) (PreviewImporter) -> (artifact id: '00000000000000000000000000000000') in 0.00081 seconds
Import Error Code:(4)
Message: Build asset version error: assets/arena/scoremanager.cs in SourceAssetDB has modification time of '2026-04-09T15:31:27.6131237Z' while content on disk has modification time of '2026-04-09T15:31:39.8902584Z'
  ERROR: Build asset version error: assets/arena/scoremanager.cs in SourceAssetDB has modification time of '2026-04-09T15:31:27.6131237Z' while content on disk has modification time of '2026-04-09T15:31:39.8902584Z'
Number of updated asset objects reloaded before import = 0Number of asset objects unloaded after import = 0

========================================================================
Received Import Request.
  Time since last request: 0.000023 seconds.
  path: Assets/arena/ScoreManager.cs
  artifactKey: Guid(2770bf38b9856174cba5d1cd5326d32e) Importer(815301076,1909f56bfc062723c751e8b465ee728b)
Start importing Assets/arena/ScoreManager.cs using Guid(2770bf38b9856174cba5d1cd5326d32e) Importer(815301076,1909f56bfc062723c751e8b465ee728b) (PreviewImporter) -> (artifact id: '00000000000000000000000000000000') in 0.0008716 seconds
Import Error Code:(4)
Message: Build asset version error: assets/arena/scoremanager.cs in SourceAssetDB has modification time of '2026-04-09T15:31:27.6131237Z' while content on disk has modification time of '2026-04-09T15:31:39.8902584Z'
  ERROR: Build asset version error: assets/arena/scoremanager.cs in SourceAssetDB has modification time of '2026-04-09T15:31:27.6131237Z' while content on disk has modification time of '2026-04-09T15:31:39.8902584Z'
Number of updated asset objects reloaded before import = 0Number of asset objects unloaded after import = 0

========================================================================
Received Import Request.
  Time since last request: 0.000035 seconds.
  path: Assets/arena/ScoreManager.cs
  artifactKey: Guid(2770bf38b9856174cba5d1cd5326d32e) Importer(815301076,1909f56bfc062723c751e8b465ee728b)
Start importing Assets/arena/ScoreManager.cs using Guid(2770bf38b9856174cba5d1cd5326d32e) Importer(815301076,1909f56bfc062723c751e8b465ee728b) (PreviewImporter) -> (artifact id: '00000000000000000000000000000000') in 0.0008063 seconds
Import Error Code:(4)
Message: Build asset version error: assets/arena/scoremanager.cs in SourceAssetDB has modification time of '2026-04-09T15:31:27.6131237Z' while content on disk has modification time of '2026-04-09T15:31:39.8902584Z'
  ERROR: Build asset version error: assets/arena/scoremanager.cs in SourceAssetDB has modification time of '2026-04-09T15:31:27.6131237Z' while content on disk has modification time of '2026-04-09T15:31:39.8902584Z'
Number of updated asset objects reloaded before import = 0Number of asset objects unloaded after import = 0

========================================================================
Received Import Request.
  Time since last request: 0.000025 seconds.
  path: Assets/arena/ScoreManager.cs
  artifactKey: Guid(2770bf38b9856174cba5d1cd5326d32e) Importer(815301076,1909f56bfc062723c751e8b465ee728b)
Start importing Assets/arena/ScoreManager.cs using Guid(2770bf38b9856174cba5d1cd5326d32e) Importer(815301076,1909f56bfc062723c751e8b465ee728b) (PreviewImporter) -> (artifact id: '00000000000000000000000000000000') in 0.0008152 seconds
Import Error Code:(4)
Message: Build asset version error: assets/arena/scoremanager.cs in SourceAssetDB has modification time of '2026-04-09T15:31:27.6131237Z' while content on disk has modification time of '2026-04-09T15:31:39.8902584Z'
  ERROR: Build asset version error: assets/arena/scoremanager.cs in SourceAssetDB has modification time of '2026-04-09T15:31:27.6131237Z' while content on disk has modification time of '2026-04-09T15:31:39.8902584Z'
Number of updated asset objects reloaded before import = 0Number of asset objects unloaded after import = 0

========================================================================
Received Import Request.
  Time since last request: 0.000023 seconds.
  path: Assets/arena/ScoreManager.cs
  artifactKey: Guid(2770bf38b9856174cba5d1cd5326d32e) Importer(815301076,1909f56bfc062723c751e8b465ee728b)
Start importing Assets/arena/ScoreManager.cs using Guid(2770bf38b9856174cba5d1cd5326d32e) Importer(815301076,1909f56bfc062723c751e8b465ee728b) (PreviewImporter) -> (artifact id: '00000000000000000000000000000000') in 0.0007919 seconds
Import Error Code:(4)
Message: Build asset version error: assets/arena/scoremanager.cs in SourceAssetDB has modification time of '2026-04-09T15:31:27.6131237Z' while content on disk has modification time of '2026-04-09T15:31:39.8902584Z'
  ERROR: Build asset version error: assets/arena/scoremanager.cs in SourceAssetDB has modification time of '2026-04-09T15:31:27.6131237Z' while content on disk has modification time of '2026-04-09T15:31:39.8902584Z'
Number of updated asset objects reloaded before import = 0Number of asset objects unloaded after import = 0

========================================================================
Received Import Request.
  Time since last request: 0.000021 seconds.
  path: Assets/arena/ScoreManager.cs
  artifactKey: Guid(2770bf38b9856174cba5d1cd5326d32e) Importer(815301076,1909f56bfc062723c751e8b465ee728b)
Start importing Assets/arena/ScoreManager.cs using Guid(2770bf38b9856174cba5d1cd5326d32e) Importer(815301076,1909f56bfc062723c751e8b465ee728b) (PreviewImporter) -> (artifact id: '00000000000000000000000000000000') in 0.0009347 seconds
Import Error Code:(4)
Message: Build asset version error: assets/arena/scoremanager.cs in SourceAssetDB has modification time of '2026-04-09T15:31:27.6131237Z' while content on disk has modification time of '2026-04-09T15:31:39.8902584Z'
  ERROR: Build asset version error: assets/arena/scoremanager.cs in SourceAssetDB has modification time of '2026-04-09T15:31:27.6131237Z' while content on disk has modification time of '2026-04-09T15:31:39.8902584Z'
Number of updated asset objects reloaded before import = 0Number of asset objects unloaded after import = 0

========================================================================
Received Import Request.
  Time since last request: 0.000027 seconds.
  path: Assets/arena/ScoreManager.cs
  artifactKey: Guid(2770bf38b9856174cba5d1cd5326d32e) Importer(815301076,1909f56bfc062723c751e8b465ee728b)
Start importing Assets/arena/ScoreManager.cs using Guid(2770bf38b9856174cba5d1cd5326d32e) Importer(815301076,1909f56bfc062723c751e8b465ee728b) (PreviewImporter) -> (artifact id: '00000000000000000000000000000000') in 0.0008731 seconds
Import Error Code:(4)
Message: Build asset version error: assets/arena/scoremanager.cs in SourceAssetDB has modification time of '2026-04-09T15:31:27.6131237Z' while content on disk has modification time of '2026-04-09T15:31:39.8902584Z'
  ERROR: Build asset version error: assets/arena/scoremanager.cs in SourceAssetDB has modification time of '2026-04-09T15:31:27.6131237Z' while content on disk has modification time of '2026-04-09T15:31:39.8902584Z'
Number of updated asset objects reloaded before import = 0Number of asset objects unloaded after import = 0

========================================================================
Received Import Request.
  Time since last request: 0.000035 seconds.
  path: Assets/arena/ScoreManager.cs
  artifactKey: Guid(2770bf38b9856174cba5d1cd5326d32e) Importer(815301076,1909f56bfc062723c751e8b465ee728b)
Start importing Assets/arena/ScoreManager.cs using Guid(2770bf38b9856174cba5d1cd5326d32e) Importer(815301076,1909f56bfc062723c751e8b465ee728b) (PreviewImporter) -> (artifact id: '00000000000000000000000000000000') in 0.0007882 seconds
Import Error Code:(4)
Message: Build asset version error: assets/arena/scoremanager.cs in SourceAssetDB has modification time of '2026-04-09T15:31:27.6131237Z' while content on disk has modification time of '2026-04-09T15:31:39.8902584Z'
  ERROR: Build asset version error: assets/arena/scoremanager.cs in SourceAssetDB has modification time of '2026-04-09T15:31:27.6131237Z' while content on disk has modification time of '2026-04-09T15:31:39.8902584Z'
Number of updated asset objects reloaded before import = 0Number of asset objects unloaded after import = 0

========================================================================
Received Import Request.
  Time since last request: 0.000021 seconds.
  path: Assets/arena/ScoreManager.cs
  artifactKey: Guid(2770bf38b9856174cba5d1cd5326d32e) Importer(815301076,1909f56bfc062723c751e8b465ee728b)
Start importing Assets/arena/ScoreManager.cs using Guid(2770bf38b9856174cba5d1cd5326d32e) Importer(815301076,1909f56bfc062723c751e8b465ee728b) (PreviewImporter) -> (artifact id: '00000000000000000000000000000000') in 0.0007801 seconds
Import Error Code:(4)
Message: Build asset version error: assets/arena/scoremanager.cs in SourceAssetDB has modification time of '2026-04-09T15:31:27.6131237Z' while content on disk has modification time of '2026-04-09T15:31:39.8902584Z'
  ERROR: Build asset version error: assets/arena/scoremanager.cs in SourceAssetDB has modification time of '2026-04-09T15:31:27.6131237Z' while content on disk has modification time of '2026-04-09T15:31:39.8902584Z'
Number of updated asset objects reloaded before import = 0Number of asset objects unloaded after import = 0

========================================================================
Received Import Request.
  Time since last request: 0.000022 seconds.
  path: Assets/arena/ScoreManager.cs
  artifactKey: Guid(2770bf38b9856174cba5d1cd5326d32e) Importer(815301076,1909f56bfc062723c751e8b465ee728b)
Start importing Assets/arena/ScoreManager.cs using Guid(2770bf38b9856174cba5d1cd5326d32e) Importer(815301076,1909f56bfc062723c751e8b465ee728b) (PreviewImporter) -> (artifact id: '00000000000000000000000000000000') in 0.0008835 seconds
Import Error Code:(4)
Message: Build asset version error: assets/arena/scoremanager.cs in SourceAssetDB has modification time of '2026-04-09T15:31:27.6131237Z' while content on disk has modification time of '2026-04-09T15:31:39.8902584Z'
  ERROR: Build asset version error: assets/arena/scoremanager.cs in SourceAssetDB has modification time of '2026-04-09T15:31:27.6131237Z' while content on disk has modification time of '2026-04-09T15:31:39.8902584Z'
Number of updated asset objects reloaded before import = 0Number of asset objects unloaded after import = 0

========================================================================
Received Import Request.
  Time since last request: 0.000021 seconds.
  path: Assets/arena/ScoreManager.cs
  artifactKey: Guid(2770bf38b9856174cba5d1cd5326d32e) Importer(815301076,1909f56bfc062723c751e8b465ee728b)
Start importing Assets/arena/ScoreManager.cs using Guid(2770bf38b9856174cba5d1cd5326d32e) Importer(815301076,1909f56bfc062723c751e8b465ee728b) (PreviewImporter) -> (artifact id: '00000000000000000000000000000000') in 0.000802 seconds
Import Error Code:(4)
Message: Build asset version error: assets/arena/scoremanager.cs in SourceAssetDB has modification time of '2026-04-09T15:31:27.6131237Z' while content on disk has modification time of '2026-04-09T15:31:39.8902584Z'
  ERROR: Build asset version error: assets/arena/scoremanager.cs in SourceAssetDB has modification time of '2026-04-09T15:31:27.6131237Z' while content on disk has modification time of '2026-04-09T15:31:39.8902584Z'
Number of updated asset objects reloaded before import = 0Number of asset objects unloaded after import = 0

========================================================================
Received Import Request.
  Time since last request: 0.000022 seconds.
  path: Assets/arena/ScoreManager.cs
  artifactKey: Guid(2770bf38b9856174cba5d1cd5326d32e) Importer(815301076,1909f56bfc062723c751e8b465ee728b)
Start importing Assets/arena/ScoreManager.cs using Guid(2770bf38b9856174cba5d1cd5326d32e) Importer(815301076,1909f56bfc062723c751e8b465ee728b) (PreviewImporter) -> (artifact id: '00000000000000000000000000000000') in 0.0009358 seconds
Import Error Code:(4)
Message: Build asset version error: assets/arena/scoremanager.cs in SourceAssetDB has modification time of '2026-04-09T15:31:27.6131237Z' while content on disk has modification time of '2026-04-09T15:31:39.8902584Z'
  ERROR: Build asset version error: assets/arena/scoremanager.cs in SourceAssetDB has modification time of '2026-04-09T15:31:27.6131237Z' while content on disk has modification time of '2026-04-09T15:31:39.8902584Z'
Number of updated asset objects reloaded before import = 0Number of asset objects unloaded after import = 0

========================================================================
Received Import Request.
  Time since last request: 0.000029 seconds.
  path: Assets/arena/ScoreManager.cs
  artifactKey: Guid(2770bf38b9856174cba5d1cd5326d32e) Importer(815301076,1909f56bfc062723c751e8b465ee728b)
Start importing Assets/arena/ScoreManager.cs using Guid(2770bf38b9856174cba5d1cd5326d32e) Importer(815301076,1909f56bfc062723c751e8b465ee728b) (PreviewImporter) -> (artifact id: '00000000000000000000000000000000') in 0.0008395 seconds
Import Error Code:(4)
Message: Build asset version error: assets/arena/scoremanager.cs in SourceAssetDB has modification time of '2026-04-09T15:31:27.6131237Z' while content on disk has modification time of '2026-04-09T15:31:39.8902584Z'
  ERROR: Build asset version error: assets/arena/scoremanager.cs in SourceAssetDB has modification time of '2026-04-09T15:31:27.6131237Z' while content on disk has modification time of '2026-04-09T15:31:39.8902584Z'
Number of updated asset objects reloaded before import = 0Number of asset objects unloaded after import = 0

========================================================================
Received Import Request.
  Time since last request: 0.000032 seconds.
  path: Assets/arena/ScoreManager.cs
  artifactKey: Guid(2770bf38b9856174cba5d1cd5326d32e) Importer(815301076,1909f56bfc062723c751e8b465ee728b)
Start importing Assets/arena/ScoreManager.cs using Guid(2770bf38b9856174cba5d1cd5326d32e) Importer(815301076,1909f56bfc062723c751e8b465ee728b) (PreviewImporter) -> (artifact id: '00000000000000000000000000000000') in 0.0008176 seconds
Import Error Code:(4)
Message: Build asset version error: assets/arena/scoremanager.cs in SourceAssetDB has modification time of '2026-04-09T15:31:27.6131237Z' while content on disk has modification time of '2026-04-09T15:31:39.8902584Z'
  ERROR: Build asset version error: assets/arena/scoremanager.cs in SourceAssetDB has modification time of '2026-04-09T15:31:27.6131237Z' while content on disk has modification time of '2026-04-09T15:31:39.8902584Z'
Number of updated asset objects reloaded before import = 0Number of asset objects unloaded after import = 0

========================================================================
Received Import Request.
  Time since last request: 0.000021 seconds.
  path: Assets/arena/ScoreManager.cs
  artifactKey: Guid(2770bf38b9856174cba5d1cd5326d32e) Importer(815301076,1909f56bfc062723c751e8b465ee728b)
Start importing Assets/arena/ScoreManager.cs using Guid(2770bf38b9856174cba5d1cd5326d32e) Importer(815301076,1909f56bfc062723c751e8b465ee728b) (PreviewImporter) -> (artifact id: '00000000000000000000000000000000') in 0.000792 seconds
Import Error Code:(4)
Message: Build asset version error: assets/arena/scoremanager.cs in SourceAssetDB has modification time of '2026-04-09T15:31:27.6131237Z' while content on disk has modification time of '2026-04-09T15:31:39.8902584Z'
  ERROR: Build asset version error: assets/arena/scoremanager.cs in SourceAssetDB has modification time of '2026-04-09T15:31:27.6131237Z' while content on disk has modification time of '2026-04-09T15:31:39.8902584Z'
Number of updated asset objects reloaded before import = 0Number of asset objects unloaded after import = 0

========================================================================
Received Import Request.
  Time since last request: 0.000024 seconds.
  path: Assets/arena/ScoreManager.cs
  artifactKey: Guid(2770bf38b9856174cba5d1cd5326d32e) Importer(815301076,1909f56bfc062723c751e8b465ee728b)
Start importing Assets/arena/ScoreManager.cs using Guid(2770bf38b9856174cba5d1cd5326d32e) Importer(815301076,1909f56bfc062723c751e8b465ee728b) (PreviewImporter) -> (artifact id: '00000000000000000000000000000000') in 0.0008014 seconds
Import Error Code:(4)
Message: Build asset version error: assets/arena/scoremanager.cs in SourceAssetDB has modification time of '2026-04-09T15:31:27.6131237Z' while content on disk has modification time of '2026-04-09T15:31:39.8902584Z'
  ERROR: Build asset version error: assets/arena/scoremanager.cs in SourceAssetDB has modification time of '2026-04-09T15:31:27.6131237Z' while content on disk has modification time of '2026-04-09T15:31:39.8902584Z'
Number of updated asset objects reloaded before import = 0Number of asset objects unloaded after import = 0

========================================================================
Received Import Request.
  Time since last request: 0.000022 seconds.
  path: Assets/arena/ScoreManager.cs
  artifactKey: Guid(2770bf38b9856174cba5d1cd5326d32e) Importer(815301076,1909f56bfc062723c751e8b465ee728b)
Start importing Assets/arena/ScoreManager.cs using Guid(2770bf38b9856174cba5d1cd5326d32e) Importer(815301076,1909f56bfc062723c751e8b465ee728b) (PreviewImporter) -> (artifact id: '00000000000000000000000000000000') in 0.0007798 seconds
Import Error Code:(4)
Message: Build asset version error: assets/arena/scoremanager.cs in SourceAssetDB has modification time of '2026-04-09T15:31:27.6131237Z' while content on disk has modification time of '2026-04-09T15:31:39.8902584Z'
  ERROR: Build asset version error: assets/arena/scoremanager.cs in SourceAssetDB has modification time of '2026-04-09T15:31:27.6131237Z' while content on disk has modification time of '2026-04-09T15:31:39.8902584Z'
Number of updated asset objects reloaded before import = 0Number of asset objects unloaded after import = 0

========================================================================
Received Import Request.
  Time since last request: 0.000030 seconds.
  path: Assets/arena/ScoreManager.cs
  artifactKey: Guid(2770bf38b9856174cba5d1cd5326d32e) Importer(815301076,1909f56bfc062723c751e8b465ee728b)
Start importing Assets/arena/ScoreManager.cs using Guid(2770bf38b9856174cba5d1cd5326d32e) Importer(815301076,1909f56bfc062723c751e8b465ee728b) (PreviewImporter) -> (artifact id: '00000000000000000000000000000000') in 0.0008264 seconds
Import Error Code:(4)
Message: Build asset version error: assets/arena/scoremanager.cs in SourceAssetDB has modification time of '2026-04-09T15:31:27.6131237Z' while content on disk has modification time of '2026-04-09T15:31:39.8902584Z'
  ERROR: Build asset version error: assets/arena/scoremanager.cs in SourceAssetDB has modification time of '2026-04-09T15:31:27.6131237Z' while content on disk has modification time of '2026-04-09T15:31:39.8902584Z'
Number of updated asset objects reloaded before import = 0Number of asset objects unloaded after import = 0

========================================================================
Received Import Request.
  Time since last request: 0.000033 seconds.
  path: Assets/arena/ScoreManager.cs
  artifactKey: Guid(2770bf38b9856174cba5d1cd5326d32e) Importer(815301076,1909f56bfc062723c751e8b465ee728b)
Start importing Assets/arena/ScoreManager.cs using Guid(2770bf38b9856174cba5d1cd5326d32e) Importer(815301076,1909f56bfc062723c751e8b465ee728b) (PreviewImporter) -> (artifact id: '00000000000000000000000000000000') in 0.0007421 seconds
Import Error Code:(4)
Message: Build asset version error: assets/arena/scoremanager.cs in SourceAssetDB has modification time of '2026-04-09T15:31:27.6131237Z' while content on disk has modification time of '2026-04-09T15:31:39.8902584Z'
  ERROR: Build asset version error: assets/arena/scoremanager.cs in SourceAssetDB has modification time of '2026-04-09T15:31:27.6131237Z' while content on disk has modification time of '2026-04-09T15:31:39.8902584Z'
Number of updated asset objects reloaded before import = 0Number of asset objects unloaded after import = 0

========================================================================
Received Import Request.
  Time since last request: 0.000022 seconds.
  path: Assets/arena/ScoreManager.cs
  artifactKey: Guid(2770bf38b9856174cba5d1cd5326d32e) Importer(815301076,1909f56bfc062723c751e8b465ee728b)
Start importing Assets/arena/ScoreManager.cs using Guid(2770bf38b9856174cba5d1cd5326d32e) Importer(815301076,1909f56bfc062723c751e8b465ee728b) (PreviewImporter) -> (artifact id: '00000000000000000000000000000000') in 0.0007474 seconds
Import Error Code:(4)
Message: Build asset version error: assets/arena/scoremanager.cs in SourceAssetDB has modification time of '2026-04-09T15:31:27.6131237Z' while content on disk has modification time of '2026-04-09T15:31:39.8902584Z'
  ERROR: Build asset version error: assets/arena/scoremanager.cs in SourceAssetDB has modification time of '2026-04-09T15:31:27.6131237Z' while content on disk has modification time of '2026-04-09T15:31:39.8902584Z'
Number of updated asset objects reloaded before import = 0Number of asset objects unloaded after import = 0

========================================================================
Received Import Request.
  Time since last request: 0.000022 seconds.
  path: Assets/arena/ScoreManager.cs
  artifactKey: Guid(2770bf38b9856174cba5d1cd5326d32e) Importer(815301076,1909f56bfc062723c751e8b465ee728b)
Start importing Assets/arena/ScoreManager.cs using Guid(2770bf38b9856174cba5d1cd5326d32e) Importer(815301076,1909f56bfc062723c751e8b465ee728b) (PreviewImporter) -> (artifact id: '00000000000000000000000000000000') in 0.0008067 seconds
Import Error Code:(4)
Message: Build asset version error: assets/arena/scoremanager.cs in SourceAssetDB has modification time of '2026-04-09T15:31:27.6131237Z' while content on disk has modification time of '2026-04-09T15:31:39.8902584Z'
  ERROR: Build asset version error: assets/arena/scoremanager.cs in SourceAssetDB has modification time of '2026-04-09T15:31:27.6131237Z' while content on disk has modification time of '2026-04-09T15:31:39.8902584Z'
Number of updated asset objects reloaded before import = 0Number of asset objects unloaded after import = 0

========================================================================
Received Import Request.
  Time since last request: 0.000021 seconds.
  path: Assets/arena/ScoreManager.cs
  artifactKey: Guid(2770bf38b9856174cba5d1cd5326d32e) Importer(815301076,1909f56bfc062723c751e8b465ee728b)
Start importing Assets/arena/ScoreManager.cs using Guid(2770bf38b9856174cba5d1cd5326d32e) Importer(815301076,1909f56bfc062723c751e8b465ee728b) (PreviewImporter) -> (artifact id: '00000000000000000000000000000000') in 0.0007784 seconds
Import Error Code:(4)
Message: Build asset version error: assets/arena/scoremanager.cs in SourceAssetDB has modification time of '2026-04-09T15:31:27.6131237Z' while content on disk has modification time of '2026-04-09T15:31:39.8902584Z'
  ERROR: Build asset version error: assets/arena/scoremanager.cs in SourceAssetDB has modification time of '2026-04-09T15:31:27.6131237Z' while content on disk has modification time of '2026-04-09T15:31:39.8902584Z'
Number of updated asset objects reloaded before import = 0Number of asset objects unloaded after import = 0

========================================================================
Received Import Request.
  Time since last request: 0.000026 seconds.
  path: Assets/arena/ScoreManager.cs
  artifactKey: Guid(2770bf38b9856174cba5d1cd5326d32e) Importer(815301076,1909f56bfc062723c751e8b465ee728b)
Start importing Assets/arena/ScoreManager.cs using Guid(2770bf38b9856174cba5d1cd5326d32e) Importer(815301076,1909f56bfc062723c751e8b465ee728b) (PreviewImporter) -> (artifact id: '00000000000000000000000000000000') in 0.0008455 seconds
Import Error Code:(4)
Message: Build asset version error: assets/arena/scoremanager.cs in SourceAssetDB has modification time of '2026-04-09T15:31:27.6131237Z' while content on disk has modification time of '2026-04-09T15:31:39.8902584Z'
  ERROR: Build asset version error: assets/arena/scoremanager.cs in SourceAssetDB has modification time of '2026-04-09T15:31:27.6131237Z' while content on disk has modification time of '2026-04-09T15:31:39.8902584Z'
Number of updated asset objects reloaded before import = 0Number of asset objects unloaded after import = 0

========================================================================
Received Import Request.
  Time since last request: 0.000033 seconds.
  path: Assets/arena/ScoreManager.cs
  artifactKey: Guid(2770bf38b9856174cba5d1cd5326d32e) Importer(815301076,1909f56bfc062723c751e8b465ee728b)
Start importing Assets/arena/ScoreManager.cs using Guid(2770bf38b9856174cba5d1cd5326d32e) Importer(815301076,1909f56bfc062723c751e8b465ee728b) (PreviewImporter) -> (artifact id: '00000000000000000000000000000000') in 0.0007389 seconds
Import Error Code:(4)
Message: Build asset version error: assets/arena/scoremanager.cs in SourceAssetDB has modification time of '2026-04-09T15:31:27.6131237Z' while content on disk has modification time of '2026-04-09T15:31:39.8902584Z'
  ERROR: Build asset version error: assets/arena/scoremanager.cs in SourceAssetDB has modification time of '2026-04-09T15:31:27.6131237Z' while content on disk has modification time of '2026-04-09T15:31:39.8902584Z'
Number of updated asset objects reloaded before import = 0Number of asset objects unloaded after import = 0

========================================================================
Received Import Request.
  Time since last request: 0.000022 seconds.
  path: Assets/arena/ScoreManager.cs
  artifactKey: Guid(2770bf38b9856174cba5d1cd5326d32e) Importer(815301076,1909f56bfc062723c751e8b465ee728b)
Start importing Assets/arena/ScoreManager.cs using Guid(2770bf38b9856174cba5d1cd5326d32e) Importer(815301076,1909f56bfc062723c751e8b465ee728b) (PreviewImporter) -> (artifact id: '00000000000000000000000000000000') in 0.0008015 seconds
Import Error Code:(4)
Message: Build asset version error: assets/arena/scoremanager.cs in SourceAssetDB has modification time of '2026-04-09T15:31:27.6131237Z' while content on disk has modification time of '2026-04-09T15:31:39.8902584Z'
  ERROR: Build asset version error: assets/arena/scoremanager.cs in SourceAssetDB has modification time of '2026-04-09T15:31:27.6131237Z' while content on disk has modification time of '2026-04-09T15:31:39.8902584Z'
Number of updated asset objects reloaded before import = 0Number of asset objects unloaded after import = 0

========================================================================
Received Import Request.
  Time since last request: 0.000021 seconds.
  path: Assets/arena/ScoreManager.cs
  artifactKey: Guid(2770bf38b9856174cba5d1cd5326d32e) Importer(815301076,1909f56bfc062723c751e8b465ee728b)
Start importing Assets/arena/ScoreManager.cs using Guid(2770bf38b9856174cba5d1cd5326d32e) Importer(815301076,1909f56bfc062723c751e8b465ee728b) (PreviewImporter) -> (artifact id: '00000000000000000000000000000000') in 0.0007743 seconds
Import Error Code:(4)
Message: Build asset version error: assets/arena/scoremanager.cs in SourceAssetDB has modification time of '2026-04-09T15:31:27.6131237Z' while content on disk has modification time of '2026-04-09T15:31:39.8902584Z'
  ERROR: Build asset version error: assets/arena/scoremanager.cs in SourceAssetDB has modification time of '2026-04-09T15:31:27.6131237Z' while content on disk has modification time of '2026-04-09T15:31:39.8902584Z'
Number of updated asset objects reloaded before import = 0Number of asset objects unloaded after import = 0

========================================================================
Received Import Request.
  Time since last request: 0.000021 seconds.
  path: Assets/arena/ScoreManager.cs
  artifactKey: Guid(2770bf38b9856174cba5d1cd5326d32e) Importer(815301076,1909f56bfc062723c751e8b465ee728b)
Start importing Assets/arena/ScoreManager.cs using Guid(2770bf38b9856174cba5d1cd5326d32e) Importer(815301076,1909f56bfc062723c751e8b465ee728b) (PreviewImporter) -> (artifact id: '00000000000000000000000000000000') in 0.0008596 seconds
Import Error Code:(4)
Message: Build asset version error: assets/arena/scoremanager.cs in SourceAssetDB has modification time of '2026-04-09T15:31:27.6131237Z' while content on disk has modification time of '2026-04-09T15:31:39.8902584Z'
  ERROR: Build asset version error: assets/arena/scoremanager.cs in SourceAssetDB has modification time of '2026-04-09T15:31:27.6131237Z' while content on disk has modification time of '2026-04-09T15:31:39.8902584Z'
Number of updated asset objects reloaded before import = 0Number of asset objects unloaded after import = 0

========================================================================
Received Import Request.
  Time since last request: 0.000022 seconds.
  path: Assets/arena/ScoreManager.cs
  artifactKey: Guid(2770bf38b9856174cba5d1cd5326d32e) Importer(815301076,1909f56bfc062723c751e8b465ee728b)
Start importing Assets/arena/ScoreManager.cs using Guid(2770bf38b9856174cba5d1cd5326d32e) Importer(815301076,1909f56bfc062723c751e8b465ee728b) (PreviewImporter) -> (artifact id: '00000000000000000000000000000000') in 0.00086 seconds
Import Error Code:(4)
Message: Build asset version error: assets/arena/scoremanager.cs in SourceAssetDB has modification time of '2026-04-09T15:31:27.6131237Z' while content on disk has modification time of '2026-04-09T15:31:39.8902584Z'
  ERROR: Build asset version error: assets/arena/scoremanager.cs in SourceAssetDB has modification time of '2026-04-09T15:31:27.6131237Z' while content on disk has modification time of '2026-04-09T15:31:39.8902584Z'
Number of updated asset objects reloaded before import = 0Number of asset objects unloaded after import = 0

========================================================================
Received Import Request.
  Time since last request: 0.000025 seconds.
  path: Assets/arena/ScoreManager.cs
  artifactKey: Guid(2770bf38b9856174cba5d1cd5326d32e) Importer(815301076,1909f56bfc062723c751e8b465ee728b)
Start importing Assets/arena/ScoreManager.cs using Guid(2770bf38b9856174cba5d1cd5326d32e) Importer(815301076,1909f56bfc062723c751e8b465ee728b) (PreviewImporter) -> (artifact id: '00000000000000000000000000000000') in 0.0008107 seconds
Import Error Code:(4)
Message: Build asset version error: assets/arena/scoremanager.cs in SourceAssetDB has modification time of '2026-04-09T15:31:27.6131237Z' while content on disk has modification time of '2026-04-09T15:31:39.8902584Z'
  ERROR: Build asset version error: assets/arena/scoremanager.cs in SourceAssetDB has modification time of '2026-04-09T15:31:27.6131237Z' while content on disk has modification time of '2026-04-09T15:31:39.8902584Z'
Number of updated asset objects reloaded before import = 0Number of asset objects unloaded after import = 0

========================================================================
Received Import Request.
  Time since last request: 0.000034 seconds.
  path: Assets/arena/ScoreManager.cs
  artifactKey: Guid(2770bf38b9856174cba5d1cd5326d32e) Importer(815301076,1909f56bfc062723c751e8b465ee728b)
Start importing Assets/arena/ScoreManager.cs using Guid(2770bf38b9856174cba5d1cd5326d32e) Importer(815301076,1909f56bfc062723c751e8b465ee728b) (PreviewImporter) -> (artifact id: '00000000000000000000000000000000') in 0.0007991 seconds
Import Error Code:(4)
Message: Build asset version error: assets/arena/scoremanager.cs in SourceAssetDB has modification time of '2026-04-09T15:31:27.6131237Z' while content on disk has modification time of '2026-04-09T15:31:39.8902584Z'
  ERROR: Build asset version error: assets/arena/scoremanager.cs in SourceAssetDB has modification time of '2026-04-09T15:31:27.6131237Z' while content on disk has modification time of '2026-04-09T15:31:39.8902584Z'
Number of updated asset objects reloaded before import = 0Number of asset objects unloaded after import = 0

========================================================================
Received Import Request.
  Time since last request: 0.000022 seconds.
  path: Assets/arena/ScoreManager.cs
  artifactKey: Guid(2770bf38b9856174cba5d1cd5326d32e) Importer(815301076,1909f56bfc062723c751e8b465ee728b)
Start importing Assets/arena/ScoreManager.cs using Guid(2770bf38b9856174cba5d1cd5326d32e) Importer(815301076,1909f56bfc062723c751e8b465ee728b) (PreviewImporter) -> (artifact id: '00000000000000000000000000000000') in 0.0007542 seconds
Import Error Code:(4)
Message: Build asset version error: assets/arena/scoremanager.cs in SourceAssetDB has modification time of '2026-04-09T15:31:27.6131237Z' while content on disk has modification time of '2026-04-09T15:31:39.8902584Z'
  ERROR: Build asset version error: assets/arena/scoremanager.cs in SourceAssetDB has modification time of '2026-04-09T15:31:27.6131237Z' while content on disk has modification time of '2026-04-09T15:31:39.8902584Z'
Number of updated asset objects reloaded before import = 0Number of asset objects unloaded after import = 0

========================================================================
Received Import Request.
  Time since last request: 0.000022 seconds.
  path: Assets/arena/ScoreManager.cs
  artifactKey: Guid(2770bf38b9856174cba5d1cd5326d32e) Importer(815301076,1909f56bfc062723c751e8b465ee728b)
Start importing Assets/arena/ScoreManager.cs using Guid(2770bf38b9856174cba5d1cd5326d32e) Importer(815301076,1909f56bfc062723c751e8b465ee728b) (PreviewImporter) -> (artifact id: '00000000000000000000000000000000') in 0.0007965 seconds
Import Error Code:(4)
Message: Build asset version error: assets/arena/scoremanager.cs in SourceAssetDB has modification time of '2026-04-09T15:31:27.6131237Z' while content on disk has modification time of '2026-04-09T15:31:39.8902584Z'
  ERROR: Build asset version error: assets/arena/scoremanager.cs in SourceAssetDB has modification time of '2026-04-09T15:31:27.6131237Z' while content on disk has modification time of '2026-04-09T15:31:39.8902584Z'
Number of updated asset objects reloaded before import = 0Number of asset objects unloaded after import = 0

========================================================================
Received Import Request.
  Time since last request: 0.000022 seconds.
  path: Assets/arena/ScoreManager.cs
  artifactKey: Guid(2770bf38b9856174cba5d1cd5326d32e) Importer(815301076,1909f56bfc062723c751e8b465ee728b)
Start importing Assets/arena/ScoreManager.cs using Guid(2770bf38b9856174cba5d1cd5326d32e) Importer(815301076,1909f56bfc062723c751e8b465ee728b) (PreviewImporter) -> (artifact id: '00000000000000000000000000000000') in 0.0008527 seconds
Import Error Code:(4)
Message: Build asset version error: assets/arena/scoremanager.cs in SourceAssetDB has modification time of '2026-04-09T15:31:27.6131237Z' while content on disk has modification time of '2026-04-09T15:31:39.8902584Z'
  ERROR: Build asset version error: assets/arena/scoremanager.cs in SourceAssetDB has modification time of '2026-04-09T15:31:27.6131237Z' while content on disk has modification time of '2026-04-09T15:31:39.8902584Z'
Number of updated asset objects reloaded before import = 0Number of asset objects unloaded after import = 0

========================================================================
Received Import Request.
  Time since last request: 0.000026 seconds.
  path: Assets/arena/ScoreManager.cs
  artifactKey: Guid(2770bf38b9856174cba5d1cd5326d32e) Importer(815301076,1909f56bfc062723c751e8b465ee728b)
Start importing Assets/arena/ScoreManager.cs using Guid(2770bf38b9856174cba5d1cd5326d32e) Importer(815301076,1909f56bfc062723c751e8b465ee728b) (PreviewImporter) -> (artifact id: '00000000000000000000000000000000') in 0.0008378 seconds
Import Error Code:(4)
Message: Build asset version error: assets/arena/scoremanager.cs in SourceAssetDB has modification time of '2026-04-09T15:31:27.6131237Z' while content on disk has modification time of '2026-04-09T15:31:39.8902584Z'
  ERROR: Build asset version error: assets/arena/scoremanager.cs in SourceAssetDB has modification time of '2026-04-09T15:31:27.6131237Z' while content on disk has modification time of '2026-04-09T15:31:39.8902584Z'
Number of updated asset objects reloaded before import = 0Number of asset objects unloaded after import = 0

========================================================================
Received Import Request.
  Time since last request: 0.000025 seconds.
  path: Assets/arena/ScoreManager.cs
  artifactKey: Guid(2770bf38b9856174cba5d1cd5326d32e) Importer(815301076,1909f56bfc062723c751e8b465ee728b)
Start importing Assets/arena/ScoreManager.cs using Guid(2770bf38b9856174cba5d1cd5326d32e) Importer(815301076,1909f56bfc062723c751e8b465ee728b) (PreviewImporter) -> (artifact id: '00000000000000000000000000000000') in 0.0007737 seconds
Import Error Code:(4)
Message: Build asset version error: assets/arena/scoremanager.cs in SourceAssetDB has modification time of '2026-04-09T15:31:27.6131237Z' while content on disk has modification time of '2026-04-09T15:31:39.8902584Z'
  ERROR: Build asset version error: assets/arena/scoremanager.cs in SourceAssetDB has modification time of '2026-04-09T15:31:27.6131237Z' while content on disk has modification time of '2026-04-09T15:31:39.8902584Z'
Number of updated asset objects reloaded before import = 0Number of asset objects unloaded after import = 0

========================================================================
Received Import Request.
  Time since last request: 0.000033 seconds.
  path: Assets/arena/ScoreManager.cs
  artifactKey: Guid(2770bf38b9856174cba5d1cd5326d32e) Importer(815301076,1909f56bfc062723c751e8b465ee728b)
Start importing Assets/arena/ScoreManager.cs using Guid(2770bf38b9856174cba5d1cd5326d32e) Importer(815301076,1909f56bfc062723c751e8b465ee728b) (PreviewImporter) -> (artifact id: '00000000000000000000000000000000') in 0.0008223 seconds
Import Error Code:(4)
Message: Build asset version error: assets/arena/scoremanager.cs in SourceAssetDB has modification time of '2026-04-09T15:31:27.6131237Z' while content on disk has modification time of '2026-04-09T15:31:39.8902584Z'
  ERROR: Build asset version error: assets/arena/scoremanager.cs in SourceAssetDB has modification time of '2026-04-09T15:31:27.6131237Z' while content on disk has modification time of '2026-04-09T15:31:39.8902584Z'
Number of updated asset objects reloaded before import = 0Number of asset objects unloaded after import = 0

========================================================================
Received Import Request.
  Time since last request: 0.000022 seconds.
  path: Assets/arena/ScoreManager.cs
  artifactKey: Guid(2770bf38b9856174cba5d1cd5326d32e) Importer(815301076,1909f56bfc062723c751e8b465ee728b)
Start importing Assets/arena/ScoreManager.cs using Guid(2770bf38b9856174cba5d1cd5326d32e) Importer(815301076,1909f56bfc062723c751e8b465ee728b) (PreviewImporter) -> (artifact id: '00000000000000000000000000000000') in 0.0010783 seconds
Import Error Code:(4)
Message: Build asset version error: assets/arena/scoremanager.cs in SourceAssetDB has modification time of '2026-04-09T15:31:27.6131237Z' while content on disk has modification time of '2026-04-09T15:31:39.8902584Z'
  ERROR: Build asset version error: assets/arena/scoremanager.cs in SourceAssetDB has modification time of '2026-04-09T15:31:27.6131237Z' while content on disk has modification time of '2026-04-09T15:31:39.8902584Z'
Number of updated asset objects reloaded before import = 0Number of asset objects unloaded after import = 0

========================================================================
Received Import Request.
  Time since last request: 0.000022 seconds.
  path: Assets/arena/ScoreManager.cs
  artifactKey: Guid(2770bf38b9856174cba5d1cd5326d32e) Importer(815301076,1909f56bfc062723c751e8b465ee728b)
Start importing Assets/arena/ScoreManager.cs using Guid(2770bf38b9856174cba5d1cd5326d32e) Importer(815301076,1909f56bfc062723c751e8b465ee728b) (PreviewImporter) -> (artifact id: '00000000000000000000000000000000') in 0.0007682 seconds
Import Error Code:(4)
Message: Build asset version error: assets/arena/scoremanager.cs in SourceAssetDB has modification time of '2026-04-09T15:31:27.6131237Z' while content on disk has modification time of '2026-04-09T15:31:39.8902584Z'
  ERROR: Build asset version error: assets/arena/scoremanager.cs in SourceAssetDB has modification time of '2026-04-09T15:31:27.6131237Z' while content on disk has modification time of '2026-04-09T15:31:39.8902584Z'
Number of updated asset objects reloaded before import = 0Number of asset objects unloaded after import = 0

========================================================================
Received Import Request.
  Time since last request: 0.000021 seconds.
  path: Assets/arena/ScoreManager.cs
  artifactKey: Guid(2770bf38b9856174cba5d1cd5326d32e) Importer(815301076,1909f56bfc062723c751e8b465ee728b)
Start importing Assets/arena/ScoreManager.cs using Guid(2770bf38b9856174cba5d1cd5326d32e) Importer(815301076,1909f56bfc062723c751e8b465ee728b) (PreviewImporter) -> (artifact id: '00000000000000000000000000000000') in 0.0008026 seconds
Import Error Code:(4)
Message: Build asset version error: assets/arena/scoremanager.cs in SourceAssetDB has modification time of '2026-04-09T15:31:27.6131237Z' while content on disk has modification time of '2026-04-09T15:31:39.8902584Z'
  ERROR: Build asset version error: assets/arena/scoremanager.cs in SourceAssetDB has modification time of '2026-04-09T15:31:27.6131237Z' while content on disk has modification time of '2026-04-09T15:31:39.8902584Z'
Number of updated asset objects reloaded before import = 0Number of asset objects unloaded after import = 0

========================================================================
Received Import Request.
  Time since last request: 0.000022 seconds.
  path: Assets/arena/ScoreManager.cs
  artifactKey: Guid(2770bf38b9856174cba5d1cd5326d32e) Importer(815301076,1909f56bfc062723c751e8b465ee728b)
Start importing Assets/arena/ScoreManager.cs using Guid(2770bf38b9856174cba5d1cd5326d32e) Importer(815301076,1909f56bfc062723c751e8b465ee728b) (PreviewImporter) -> (artifact id: '00000000000000000000000000000000') in 0.0007706 seconds
Import Error Code:(4)
Message: Build asset version error: assets/arena/scoremanager.cs in SourceAssetDB has modification time of '2026-04-09T15:31:27.6131237Z' while content on disk has modification time of '2026-04-09T15:31:39.8902584Z'
  ERROR: Build asset version error: assets/arena/scoremanager.cs in SourceAssetDB has modification time of '2026-04-09T15:31:27.6131237Z' while content on disk has modification time of '2026-04-09T15:31:39.8902584Z'
Number of updated asset objects reloaded before import = 0Number of asset objects unloaded after import = 0

========================================================================
Received Import Request.
  Time since last request: 0.000030 seconds.
  path: Assets/arena/ScoreManager.cs
  artifactKey: Guid(2770bf38b9856174cba5d1cd5326d32e) Importer(815301076,1909f56bfc062723c751e8b465ee728b)
Start importing Assets/arena/ScoreManager.cs using Guid(2770bf38b9856174cba5d1cd5326d32e) Importer(815301076,1909f56bfc062723c751e8b465ee728b) (PreviewImporter) -> (artifact id: '00000000000000000000000000000000') in 0.0008723 seconds
Import Error Code:(4)
Message: Build asset version error: assets/arena/scoremanager.cs in SourceAssetDB has modification time of '2026-04-09T15:31:27.6131237Z' while content on disk has modification time of '2026-04-09T15:31:39.8902584Z'
  ERROR: Build asset version error: assets/arena/scoremanager.cs in SourceAssetDB has modification time of '2026-04-09T15:31:27.6131237Z' while content on disk has modification time of '2026-04-09T15:31:39.8902584Z'
Number of updated asset objects reloaded before import = 0Number of asset objects unloaded after import = 0

========================================================================
Received Import Request.
  Time since last request: 0.000041 seconds.
  path: Assets/arena/ScoreManager.cs
  artifactKey: Guid(2770bf38b9856174cba5d1cd5326d32e) Importer(815301076,1909f56bfc062723c751e8b465ee728b)
Start importing Assets/arena/ScoreManager.cs using Guid(2770bf38b9856174cba5d1cd5326d32e) Importer(815301076,1909f56bfc062723c751e8b465ee728b) (PreviewImporter) -> (artifact id: '00000000000000000000000000000000') in 0.0008438 seconds
Import Error Code:(4)
Message: Build asset version error: assets/arena/scoremanager.cs in SourceAssetDB has modification time of '2026-04-09T15:31:27.6131237Z' while content on disk has modification time of '2026-04-09T15:31:39.8902584Z'
  ERROR: Build asset version error: assets/arena/scoremanager.cs in SourceAssetDB has modification time of '2026-04-09T15:31:27.6131237Z' while content on disk has modification time of '2026-04-09T15:31:39.8902584Z'
Number of updated asset objects reloaded before import = 0Number of asset objects unloaded after import = 0

========================================================================
Received Import Request.
  Time since last request: 0.000026 seconds.
  path: Assets/arena/ScoreManager.cs
  artifactKey: Guid(2770bf38b9856174cba5d1cd5326d32e) Importer(815301076,1909f56bfc062723c751e8b465ee728b)
Start importing Assets/arena/ScoreManager.cs using Guid(2770bf38b9856174cba5d1cd5326d32e) Importer(815301076,1909f56bfc062723c751e8b465ee728b) (PreviewImporter) -> (artifact id: '00000000000000000000000000000000') in 0.0008458 seconds
Import Error Code:(4)
Message: Build asset version error: assets/arena/scoremanager.cs in SourceAssetDB has modification time of '2026-04-09T15:31:27.6131237Z' while content on disk has modification time of '2026-04-09T15:31:39.8902584Z'
  ERROR: Build asset version error: assets/arena/scoremanager.cs in SourceAssetDB has modification time of '2026-04-09T15:31:27.6131237Z' while content on disk has modification time of '2026-04-09T15:31:39.8902584Z'
Number of updated asset objects reloaded before import = 0Number of asset objects unloaded after import = 0

========================================================================
Received Import Request.
  Time since last request: 0.000023 seconds.
  path: Assets/arena/ScoreManager.cs
  artifactKey: Guid(2770bf38b9856174cba5d1cd5326d32e) Importer(815301076,1909f56bfc062723c751e8b465ee728b)
Start importing Assets/arena/ScoreManager.cs using Guid(2770bf38b9856174cba5d1cd5326d32e) Importer(815301076,1909f56bfc062723c751e8b465ee728b) (PreviewImporter) -> (artifact id: '00000000000000000000000000000000') in 0.0007473 seconds
Import Error Code:(4)
Message: Build asset version error: assets/arena/scoremanager.cs in SourceAssetDB has modification time of '2026-04-09T15:31:27.6131237Z' while content on disk has modification time of '2026-04-09T15:31:39.8902584Z'
  ERROR: Build asset version error: assets/arena/scoremanager.cs in SourceAssetDB has modification time of '2026-04-09T15:31:27.6131237Z' while content on disk has modification time of '2026-04-09T15:31:39.8902584Z'
Number of updated asset objects reloaded before import = 0Number of asset objects unloaded after import = 0

========================================================================
Received Import Request.
  Time since last request: 0.000023 seconds.
  path: Assets/arena/ScoreManager.cs
  artifactKey: Guid(2770bf38b9856174cba5d1cd5326d32e) Importer(815301076,1909f56bfc062723c751e8b465ee728b)
Start importing Assets/arena/ScoreManager.cs using Guid(2770bf38b9856174cba5d1cd5326d32e) Importer(815301076,1909f56bfc062723c751e8b465ee728b) (PreviewImporter) -> (artifact id: '00000000000000000000000000000000') in 0.0007976 seconds
Import Error Code:(4)
Message: Build asset version error: assets/arena/scoremanager.cs in SourceAssetDB has modification time of '2026-04-09T15:31:27.6131237Z' while content on disk has modification time of '2026-04-09T15:31:39.8902584Z'
  ERROR: Build asset version error: assets/arena/scoremanager.cs in SourceAssetDB has modification time of '2026-04-09T15:31:27.6131237Z' while content on disk has modification time of '2026-04-09T15:31:39.8902584Z'
Number of updated asset objects reloaded before import = 0Number of asset objects unloaded after import = 0

========================================================================
Received Import Request.
  Time since last request: 0.000035 seconds.
  path: Assets/arena/ScoreManager.cs
  artifactKey: Guid(2770bf38b9856174cba5d1cd5326d32e) Importer(815301076,1909f56bfc062723c751e8b465ee728b)
Start importing Assets/arena/ScoreManager.cs using Guid(2770bf38b9856174cba5d1cd5326d32e) Importer(815301076,1909f56bfc062723c751e8b465ee728b) (PreviewImporter) -> (artifact id: '00000000000000000000000000000000') in 0.0007872 seconds
Import Error Code:(4)
Message: Build asset version error: assets/arena/scoremanager.cs in SourceAssetDB has modification time of '2026-04-09T15:31:27.6131237Z' while content on disk has modification time of '2026-04-09T15:31:39.8902584Z'
  ERROR: Build asset version error: assets/arena/scoremanager.cs in SourceAssetDB has modification time of '2026-04-09T15:31:27.6131237Z' while content on disk has modification time of '2026-04-09T15:31:39.8902584Z'
Number of updated asset objects reloaded before import = 0Number of asset objects unloaded after import = 0

========================================================================
Received Import Request.
  Time since last request: 0.000034 seconds.
  path: Assets/arena/ScoreManager.cs
  artifactKey: Guid(2770bf38b9856174cba5d1cd5326d32e) Importer(815301076,1909f56bfc062723c751e8b465ee728b)
Start importing Assets/arena/ScoreManager.cs using Guid(2770bf38b9856174cba5d1cd5326d32e) Importer(815301076,1909f56bfc062723c751e8b465ee728b) (PreviewImporter) -> (artifact id: '00000000000000000000000000000000') in 0.000835 seconds
Import Error Code:(4)
Message: Build asset version error: assets/arena/scoremanager.cs in SourceAssetDB has modification time of '2026-04-09T15:31:27.6131237Z' while content on disk has modification time of '2026-04-09T15:31:39.8902584Z'
  ERROR: Build asset version error: assets/arena/scoremanager.cs in SourceAssetDB has modification time of '2026-04-09T15:31:27.6131237Z' while content on disk has modification time of '2026-04-09T15:31:39.8902584Z'
Number of updated asset objects reloaded before import = 0Number of asset objects unloaded after import = 0

========================================================================
Received Import Request.
  Time since last request: 0.000023 seconds.
  path: Assets/arena/ScoreManager.cs
  artifactKey: Guid(2770bf38b9856174cba5d1cd5326d32e) Importer(815301076,1909f56bfc062723c751e8b465ee728b)
Start importing Assets/arena/ScoreManager.cs using Guid(2770bf38b9856174cba5d1cd5326d32e) Importer(815301076,1909f56bfc062723c751e8b465ee728b) (PreviewImporter) -> (artifact id: '00000000000000000000000000000000') in 0.0007668 seconds
Import Error Code:(4)
Message: Build asset version error: assets/arena/scoremanager.cs in SourceAssetDB has modification time of '2026-04-09T15:31:27.6131237Z' while content on disk has modification time of '2026-04-09T15:31:39.8902584Z'
  ERROR: Build asset version error: assets/arena/scoremanager.cs in SourceAssetDB has modification time of '2026-04-09T15:31:27.6131237Z' while content on disk has modification time of '2026-04-09T15:31:39.8902584Z'
Number of updated asset objects reloaded before import = 0Number of asset objects unloaded after import = 0

========================================================================
Received Import Request.
  Time since last request: 0.000021 seconds.
  path: Assets/arena/ScoreManager.cs
  artifactKey: Guid(2770bf38b9856174cba5d1cd5326d32e) Importer(815301076,1909f56bfc062723c751e8b465ee728b)
Start importing Assets/arena/ScoreManager.cs using Guid(2770bf38b9856174cba5d1cd5326d32e) Importer(815301076,1909f56bfc062723c751e8b465ee728b) (PreviewImporter) -> (artifact id: '00000000000000000000000000000000') in 0.0007624 seconds
Import Error Code:(4)
Message: Build asset version error: assets/arena/scoremanager.cs in SourceAssetDB has modification time of '2026-04-09T15:31:27.6131237Z' while content on disk has modification time of '2026-04-09T15:31:39.8902584Z'
  ERROR: Build asset version error: assets/arena/scoremanager.cs in SourceAssetDB has modification time of '2026-04-09T15:31:27.6131237Z' while content on disk has modification time of '2026-04-09T15:31:39.8902584Z'
Number of updated asset objects reloaded before import = 0Number of asset objects unloaded after import = 0

========================================================================
Received Import Request.
  Time since last request: 0.000022 seconds.
  path: Assets/arena/ScoreManager.cs
  artifactKey: Guid(2770bf38b9856174cba5d1cd5326d32e) Importer(815301076,1909f56bfc062723c751e8b465ee728b)
Start importing Assets/arena/ScoreManager.cs using Guid(2770bf38b9856174cba5d1cd5326d32e) Importer(815301076,1909f56bfc062723c751e8b465ee728b) (PreviewImporter) -> (artifact id: '00000000000000000000000000000000') in 0.0011079 seconds
Import Error Code:(4)
Message: Build asset version error: assets/arena/scoremanager.cs in SourceAssetDB has modification time of '2026-04-09T15:31:27.6131237Z' while content on disk has modification time of '2026-04-09T15:31:39.8902584Z'
  ERROR: Build asset version error: assets/arena/scoremanager.cs in SourceAssetDB has modification time of '2026-04-09T15:31:27.6131237Z' while content on disk has modification time of '2026-04-09T15:31:39.8902584Z'
Number of updated asset objects reloaded before import = 0Number of asset objects unloaded after import = 0

========================================================================
Received Import Request.
  Time since last request: 0.000022 seconds.
  path: Assets/arena/ScoreManager.cs
  artifactKey: Guid(2770bf38b9856174cba5d1cd5326d32e) Importer(815301076,1909f56bfc062723c751e8b465ee728b)
Start importing Assets/arena/ScoreManager.cs using Guid(2770bf38b9856174cba5d1cd5326d32e) Importer(815301076,1909f56bfc062723c751e8b465ee728b) (PreviewImporter) -> (artifact id: '00000000000000000000000000000000') in 0.0008347 seconds
Import Error Code:(4)
Message: Build asset version error: assets/arena/scoremanager.cs in SourceAssetDB has modification time of '2026-04-09T15:31:27.6131237Z' while content on disk has modification time of '2026-04-09T15:31:39.8902584Z'
  ERROR: Build asset version error: assets/arena/scoremanager.cs in SourceAssetDB has modification time of '2026-04-09T15:31:27.6131237Z' while content on disk has modification time of '2026-04-09T15:31:39.8902584Z'
Number of updated asset objects reloaded before import = 0Number of asset objects unloaded after import = 0

========================================================================
Received Import Request.
  Time since last request: 0.000024 seconds.
  path: Assets/arena/ScoreManager.cs
  artifactKey: Guid(2770bf38b9856174cba5d1cd5326d32e) Importer(815301076,1909f56bfc062723c751e8b465ee728b)
Start importing Assets/arena/ScoreManager.cs using Guid(2770bf38b9856174cba5d1cd5326d32e) Importer(815301076,1909f56bfc062723c751e8b465ee728b) (PreviewImporter) -> (artifact id: '00000000000000000000000000000000') in 0.0008975 seconds
Import Error Code:(4)
Message: Build asset version error: assets/arena/scoremanager.cs in SourceAssetDB has modification time of '2026-04-09T15:31:27.6131237Z' while content on disk has modification time of '2026-04-09T15:31:39.8902584Z'
  ERROR: Build asset version error: assets/arena/scoremanager.cs in SourceAssetDB has modification time of '2026-04-09T15:31:27.6131237Z' while content on disk has modification time of '2026-04-09T15:31:39.8902584Z'
Number of updated asset objects reloaded before import = 0Number of asset objects unloaded after import = 0

========================================================================
Received Import Request.
  Time since last request: 0.000033 seconds.
  path: Assets/arena/ScoreManager.cs
  artifactKey: Guid(2770bf38b9856174cba5d1cd5326d32e) Importer(815301076,1909f56bfc062723c751e8b465ee728b)
Start importing Assets/arena/ScoreManager.cs using Guid(2770bf38b9856174cba5d1cd5326d32e) Importer(815301076,1909f56bfc062723c751e8b465ee728b) (PreviewImporter) -> (artifact id: '00000000000000000000000000000000') in 0.000838 seconds
Import Error Code:(4)
Message: Build asset version error: assets/arena/scoremanager.cs in SourceAssetDB has modification time of '2026-04-09T15:31:27.6131237Z' while content on disk has modification time of '2026-04-09T15:31:39.8902584Z'
  ERROR: Build asset version error: assets/arena/scoremanager.cs in SourceAssetDB has modification time of '2026-04-09T15:31:27.6131237Z' while content on disk has modification time of '2026-04-09T15:31:39.8902584Z'
Number of updated asset objects reloaded before import = 0Number of asset objects unloaded after import = 0

========================================================================
Received Import Request.
  Time since last request: 0.000025 seconds.
  path: Assets/arena/ScoreManager.cs
  artifactKey: Guid(2770bf38b9856174cba5d1cd5326d32e) Importer(815301076,1909f56bfc062723c751e8b465ee728b)
Start importing Assets/arena/ScoreManager.cs using Guid(2770bf38b9856174cba5d1cd5326d32e) Importer(815301076,1909f56bfc062723c751e8b465ee728b) (PreviewImporter) -> (artifact id: '00000000000000000000000000000000') in 0.0007492 seconds
Import Error Code:(4)
Message: Build asset version error: assets/arena/scoremanager.cs in SourceAssetDB has modification time of '2026-04-09T15:31:27.6131237Z' while content on disk has modification time of '2026-04-09T15:31:39.8902584Z'
  ERROR: Build asset version error: assets/arena/scoremanager.cs in SourceAssetDB has modification time of '2026-04-09T15:31:27.6131237Z' while content on disk has modification time of '2026-04-09T15:31:39.8902584Z'
Number of updated asset objects reloaded before import = 0Number of asset objects unloaded after import = 0

========================================================================
Received Import Request.
  Time since last request: 0.000026 seconds.
  path: Assets/arena/ScoreManager.cs
  artifactKey: Guid(2770bf38b9856174cba5d1cd5326d32e) Importer(815301076,1909f56bfc062723c751e8b465ee728b)
Start importing Assets/arena/ScoreManager.cs using Guid(2770bf38b9856174cba5d1cd5326d32e) Importer(815301076,1909f56bfc062723c751e8b465ee728b) (PreviewImporter) -> (artifact id: '00000000000000000000000000000000') in 0.0008465 seconds
Import Error Code:(4)
Message: Build asset version error: assets/arena/scoremanager.cs in SourceAssetDB has modification time of '2026-04-09T15:31:27.6131237Z' while content on disk has modification time of '2026-04-09T15:31:39.8902584Z'
  ERROR: Build asset version error: assets/arena/scoremanager.cs in SourceAssetDB has modification time of '2026-04-09T15:31:27.6131237Z' while content on disk has modification time of '2026-04-09T15:31:39.8902584Z'
Number of updated asset objects reloaded before import = 0Number of asset objects unloaded after import = 0

========================================================================
Received Import Request.
  Time since last request: 0.000021 seconds.
  path: Assets/arena/ScoreManager.cs
  artifactKey: Guid(2770bf38b9856174cba5d1cd5326d32e) Importer(815301076,1909f56bfc062723c751e8b465ee728b)
Start importing Assets/arena/ScoreManager.cs using Guid(2770bf38b9856174cba5d1cd5326d32e) Importer(815301076,1909f56bfc062723c751e8b465ee728b) (PreviewImporter) -> (artifact id: '00000000000000000000000000000000') in 0.0007664 seconds
Import Error Code:(4)
Message: Build asset version error: assets/arena/scoremanager.cs in SourceAssetDB has modification time of '2026-04-09T15:31:27.6131237Z' while content on disk has modification time of '2026-04-09T15:31:39.8902584Z'
  ERROR: Build asset version error: assets/arena/scoremanager.cs in SourceAssetDB has modification time of '2026-04-09T15:31:27.6131237Z' while content on disk has modification time of '2026-04-09T15:31:39.8902584Z'
Number of updated asset objects reloaded before import = 0Number of asset objects unloaded after import = 0

========================================================================
Received Import Request.
  Time since last request: 0.000025 seconds.
  path: Assets/arena/ScoreManager.cs
  artifactKey: Guid(2770bf38b9856174cba5d1cd5326d32e) Importer(815301076,1909f56bfc062723c751e8b465ee728b)
Start importing Assets/arena/ScoreManager.cs using Guid(2770bf38b9856174cba5d1cd5326d32e) Importer(815301076,1909f56bfc062723c751e8b465ee728b) (PreviewImporter) -> (artifact id: '00000000000000000000000000000000') in 0.0008459 seconds
Import Error Code:(4)
Message: Build asset version error: assets/arena/scoremanager.cs in SourceAssetDB has modification time of '2026-04-09T15:31:27.6131237Z' while content on disk has modification time of '2026-04-09T15:31:39.8902584Z'
  ERROR: Build asset version error: assets/arena/scoremanager.cs in SourceAssetDB has modification time of '2026-04-09T15:31:27.6131237Z' while content on disk has modification time of '2026-04-09T15:31:39.8902584Z'
Number of updated asset objects reloaded before import = 0Number of asset objects unloaded after import = 0

========================================================================
Received Import Request.
  Time since last request: 0.000033 seconds.
  path: Assets/arena/ScoreManager.cs
  artifactKey: Guid(2770bf38b9856174cba5d1cd5326d32e) Importer(815301076,1909f56bfc062723c751e8b465ee728b)
Start importing Assets/arena/ScoreManager.cs using Guid(2770bf38b9856174cba5d1cd5326d32e) Importer(815301076,1909f56bfc062723c751e8b465ee728b) (PreviewImporter) -> (artifact id: '00000000000000000000000000000000') in 0.0008459 seconds
Import Error Code:(4)
Message: Build asset version error: assets/arena/scoremanager.cs in SourceAssetDB has modification time of '2026-04-09T15:31:27.6131237Z' while content on disk has modification time of '2026-04-09T15:31:39.8902584Z'
  ERROR: Build asset version error: assets/arena/scoremanager.cs in SourceAssetDB has modification time of '2026-04-09T15:31:27.6131237Z' while content on disk has modification time of '2026-04-09T15:31:39.8902584Z'
Number of updated asset objects reloaded before import = 0Number of asset objects unloaded after import = 0

========================================================================
Received Import Request.
  Time since last request: 0.000023 seconds.
  path: Assets/arena/ScoreManager.cs
  artifactKey: Guid(2770bf38b9856174cba5d1cd5326d32e) Importer(815301076,1909f56bfc062723c751e8b465ee728b)
Start importing Assets/arena/ScoreManager.cs using Guid(2770bf38b9856174cba5d1cd5326d32e) Importer(815301076,1909f56bfc062723c751e8b465ee728b) (PreviewImporter) -> (artifact id: '00000000000000000000000000000000') in 0.0007965 seconds
Import Error Code:(4)
Message: Build asset version error: assets/arena/scoremanager.cs in SourceAssetDB has modification time of '2026-04-09T15:31:27.6131237Z' while content on disk has modification time of '2026-04-09T15:31:39.8902584Z'
  ERROR: Build asset version error: assets/arena/scoremanager.cs in SourceAssetDB has modification time of '2026-04-09T15:31:27.6131237Z' while content on disk has modification time of '2026-04-09T15:31:39.8902584Z'
Number of updated asset objects reloaded before import = 0Number of asset objects unloaded after import = 0

========================================================================
Received Import Request.
  Time since last request: 0.000021 seconds.
  path: Assets/arena/ScoreManager.cs
  artifactKey: Guid(2770bf38b9856174cba5d1cd5326d32e) Importer(815301076,1909f56bfc062723c751e8b465ee728b)
Start importing Assets/arena/ScoreManager.cs using Guid(2770bf38b9856174cba5d1cd5326d32e) Importer(815301076,1909f56bfc062723c751e8b465ee728b) (PreviewImporter) -> (artifact id: '00000000000000000000000000000000') in 0.0007998 seconds
Import Error Code:(4)
Message: Build asset version error: assets/arena/scoremanager.cs in SourceAssetDB has modification time of '2026-04-09T15:31:27.6131237Z' while content on disk has modification time of '2026-04-09T15:31:39.8902584Z'
  ERROR: Build asset version error: assets/arena/scoremanager.cs in SourceAssetDB has modification time of '2026-04-09T15:31:27.6131237Z' while content on disk has modification time of '2026-04-09T15:31:39.8902584Z'
Number of updated asset objects reloaded before import = 0Number of asset objects unloaded after import = 0

========================================================================
Received Import Request.
  Time since last request: 0.000022 seconds.
  path: Assets/arena/ScoreManager.cs
  artifactKey: Guid(2770bf38b9856174cba5d1cd5326d32e) Importer(815301076,1909f56bfc062723c751e8b465ee728b)
Start importing Assets/arena/ScoreManager.cs using Guid(2770bf38b9856174cba5d1cd5326d32e) Importer(815301076,1909f56bfc062723c751e8b465ee728b) (PreviewImporter) -> (artifact id: '00000000000000000000000000000000') in 0.0007831 seconds
Import Error Code:(4)
Message: Build asset version error: assets/arena/scoremanager.cs in SourceAssetDB has modification time of '2026-04-09T15:31:27.6131237Z' while content on disk has modification time of '2026-04-09T15:31:39.8902584Z'
  ERROR: Build asset version error: assets/arena/scoremanager.cs in SourceAssetDB has modification time of '2026-04-09T15:31:27.6131237Z' while content on disk has modification time of '2026-04-09T15:31:39.8902584Z'
Number of updated asset objects reloaded before import = 0Number of asset objects unloaded after import = 0

========================================================================
Received Import Request.
  Time since last request: 0.000027 seconds.
  path: Assets/arena/ScoreManager.cs
  artifactKey: Guid(2770bf38b9856174cba5d1cd5326d32e) Importer(815301076,1909f56bfc062723c751e8b465ee728b)
Start importing Assets/arena/ScoreManager.cs using Guid(2770bf38b9856174cba5d1cd5326d32e) Importer(815301076,1909f56bfc062723c751e8b465ee728b) (PreviewImporter) -> (artifact id: '00000000000000000000000000000000') in 0.0007739 seconds
Import Error Code:(4)
Message: Build asset version error: assets/arena/scoremanager.cs in SourceAssetDB has modification time of '2026-04-09T15:31:27.6131237Z' while content on disk has modification time of '2026-04-09T15:31:39.8902584Z'
  ERROR: Build asset version error: assets/arena/scoremanager.cs in SourceAssetDB has modification time of '2026-04-09T15:31:27.6131237Z' while content on disk has modification time of '2026-04-09T15:31:39.8902584Z'
Number of updated asset objects reloaded before import = 0Number of asset objects unloaded after import = 0

========================================================================
Received Import Request.
  Time since last request: 0.000034 seconds.
  path: Assets/arena/ScoreManager.cs
  artifactKey: Guid(2770bf38b9856174cba5d1cd5326d32e) Importer(815301076,1909f56bfc062723c751e8b465ee728b)
Start importing Assets/arena/ScoreManager.cs using Guid(2770bf38b9856174cba5d1cd5326d32e) Importer(815301076,1909f56bfc062723c751e8b465ee728b) (PreviewImporter) -> (artifact id: '00000000000000000000000000000000') in 0.000811 seconds
Import Error Code:(4)
Message: Build asset version error: assets/arena/scoremanager.cs in SourceAssetDB has modification time of '2026-04-09T15:31:27.6131237Z' while content on disk has modification time of '2026-04-09T15:31:39.8902584Z'
  ERROR: Build asset version error: assets/arena/scoremanager.cs in SourceAssetDB has modification time of '2026-04-09T15:31:27.6131237Z' while content on disk has modification time of '2026-04-09T15:31:39.8902584Z'
Number of updated asset objects reloaded before import = 0Number of asset objects unloaded after import = 0

========================================================================
Received Import Request.
  Time since last request: 0.000021 seconds.
  path: Assets/arena/ScoreManager.cs
  artifactKey: Guid(2770bf38b9856174cba5d1cd5326d32e) Importer(815301076,1909f56bfc062723c751e8b465ee728b)
Start importing Assets/arena/ScoreManager.cs using Guid(2770bf38b9856174cba5d1cd5326d32e) Importer(815301076,1909f56bfc062723c751e8b465ee728b) (PreviewImporter) -> (artifact id: '00000000000000000000000000000000') in 0.0008033 seconds
Import Error Code:(4)
Message: Build asset version error: assets/arena/scoremanager.cs in SourceAssetDB has modification time of '2026-04-09T15:31:27.6131237Z' while content on disk has modification time of '2026-04-09T15:31:39.8902584Z'
  ERROR: Build asset version error: assets/arena/scoremanager.cs in SourceAssetDB has modification time of '2026-04-09T15:31:27.6131237Z' while content on disk has modification time of '2026-04-09T15:31:39.8902584Z'
Number of updated asset objects reloaded before import = 0Number of asset objects unloaded after import = 0

========================================================================
Received Import Request.
  Time since last request: 0.000023 seconds.
  path: Assets/arena/ScoreManager.cs
  artifactKey: Guid(2770bf38b9856174cba5d1cd5326d32e) Importer(815301076,1909f56bfc062723c751e8b465ee728b)
Start importing Assets/arena/ScoreManager.cs using Guid(2770bf38b9856174cba5d1cd5326d32e) Importer(815301076,1909f56bfc062723c751e8b465ee728b) (PreviewImporter) -> (artifact id: '00000000000000000000000000000000') in 0.0007604 seconds
Import Error Code:(4)
Message: Build asset version error: assets/arena/scoremanager.cs in SourceAssetDB has modification time of '2026-04-09T15:31:27.6131237Z' while content on disk has modification time of '2026-04-09T15:31:39.8902584Z'
  ERROR: Build asset version error: assets/arena/scoremanager.cs in SourceAssetDB has modification time of '2026-04-09T15:31:27.6131237Z' while content on disk has modification time of '2026-04-09T15:31:39.8902584Z'
Number of updated asset objects reloaded before import = 0Number of asset objects unloaded after import = 0

========================================================================
Received Import Request.
  Time since last request: 0.000022 seconds.
  path: Assets/arena/ScoreManager.cs
  artifactKey: Guid(2770bf38b9856174cba5d1cd5326d32e) Importer(815301076,1909f56bfc062723c751e8b465ee728b)
Start importing Assets/arena/ScoreManager.cs using Guid(2770bf38b9856174cba5d1cd5326d32e) Importer(815301076,1909f56bfc062723c751e8b465ee728b) (PreviewImporter) -> (artifact id: '00000000000000000000000000000000') in 0.0008065 seconds
Import Error Code:(4)
Message: Build asset version error: assets/arena/scoremanager.cs in SourceAssetDB has modification time of '2026-04-09T15:31:27.6131237Z' while content on disk has modification time of '2026-04-09T15:31:39.8902584Z'
  ERROR: Build asset version error: assets/arena/scoremanager.cs in SourceAssetDB has modification time of '2026-04-09T15:31:27.6131237Z' while content on disk has modification time of '2026-04-09T15:31:39.8902584Z'
Number of updated asset objects reloaded before import = 0Number of asset objects unloaded after import = 0

========================================================================
Received Import Request.
  Time since last request: 0.000022 seconds.
  path: Assets/arena/ScoreManager.cs
  artifactKey: Guid(2770bf38b9856174cba5d1cd5326d32e) Importer(815301076,1909f56bfc062723c751e8b465ee728b)
Start importing Assets/arena/ScoreManager.cs using Guid(2770bf38b9856174cba5d1cd5326d32e) Importer(815301076,1909f56bfc062723c751e8b465ee728b) (PreviewImporter) -> (artifact id: '00000000000000000000000000000000') in 0.0007537 seconds
Import Error Code:(4)
Message: Build asset version error: assets/arena/scoremanager.cs in SourceAssetDB has modification time of '2026-04-09T15:31:27.6131237Z' while content on disk has modification time of '2026-04-09T15:31:39.8902584Z'
  ERROR: Build asset version error: assets/arena/scoremanager.cs in SourceAssetDB has modification time of '2026-04-09T15:31:27.6131237Z' while content on disk has modification time of '2026-04-09T15:31:39.8902584Z'
Number of updated asset objects reloaded before import = 0Number of asset objects unloaded after import = 0

========================================================================
Received Import Request.
  Time since last request: 0.000026 seconds.
  path: Assets/arena/ScoreManager.cs
  artifactKey: Guid(2770bf38b9856174cba5d1cd5326d32e) Importer(815301076,1909f56bfc062723c751e8b465ee728b)
Start importing Assets/arena/ScoreManager.cs using Guid(2770bf38b9856174cba5d1cd5326d32e) Importer(815301076,1909f56bfc062723c751e8b465ee728b) (PreviewImporter) -> (artifact id: '00000000000000000000000000000000') in 0.0008587 seconds
Import Error Code:(4)
Message: Build asset version error: assets/arena/scoremanager.cs in SourceAssetDB has modification time of '2026-04-09T15:31:27.6131237Z' while content on disk has modification time of '2026-04-09T15:31:39.8902584Z'
  ERROR: Build asset version error: assets/arena/scoremanager.cs in SourceAssetDB has modification time of '2026-04-09T15:31:27.6131237Z' while content on disk has modification time of '2026-04-09T15:31:39.8902584Z'
Number of updated asset objects reloaded before import = 0Number of asset objects unloaded after import = 0

========================================================================
Received Import Request.
  Time since last request: 0.000035 seconds.
  path: Assets/arena/ScoreManager.cs
  artifactKey: Guid(2770bf38b9856174cba5d1cd5326d32e) Importer(815301076,1909f56bfc062723c751e8b465ee728b)
Start importing Assets/arena/ScoreManager.cs using Guid(2770bf38b9856174cba5d1cd5326d32e) Importer(815301076,1909f56bfc062723c751e8b465ee728b) (PreviewImporter) -> (artifact id: '00000000000000000000000000000000') in 0.0008168 seconds
Import Error Code:(4)
Message: Build asset version error: assets/arena/scoremanager.cs in SourceAssetDB has modification time of '2026-04-09T15:31:27.6131237Z' while content on disk has modification time of '2026-04-09T15:31:39.8902584Z'
  ERROR: Build asset version error: assets/arena/scoremanager.cs in SourceAssetDB has modification time of '2026-04-09T15:31:27.6131237Z' while content on disk has modification time of '2026-04-09T15:31:39.8902584Z'
Number of updated asset objects reloaded before import = 0Number of asset objects unloaded after import = 0

========================================================================
Received Import Request.
  Time since last request: 0.000022 seconds.
  path: Assets/arena/ScoreManager.cs
  artifactKey: Guid(2770bf38b9856174cba5d1cd5326d32e) Importer(815301076,1909f56bfc062723c751e8b465ee728b)
Start importing Assets/arena/ScoreManager.cs using Guid(2770bf38b9856174cba5d1cd5326d32e) Importer(815301076,1909f56bfc062723c751e8b465ee728b) (PreviewImporter) -> (artifact id: '00000000000000000000000000000000') in 0.0007898 seconds
Import Error Code:(4)
Message: Build asset version error: assets/arena/scoremanager.cs in SourceAssetDB has modification time of '2026-04-09T15:31:27.6131237Z' while content on disk has modification time of '2026-04-09T15:31:39.8902584Z'
  ERROR: Build asset version error: assets/arena/scoremanager.cs in SourceAssetDB has modification time of '2026-04-09T15:31:27.6131237Z' while content on disk has modification time of '2026-04-09T15:31:39.8902584Z'
Number of updated asset objects reloaded before import = 0Number of asset objects unloaded after import = 0

========================================================================
Received Import Request.
  Time since last request: 0.000023 seconds.
  path: Assets/arena/ScoreManager.cs
  artifactKey: Guid(2770bf38b9856174cba5d1cd5326d32e) Importer(815301076,1909f56bfc062723c751e8b465ee728b)
Start importing Assets/arena/ScoreManager.cs using Guid(2770bf38b9856174cba5d1cd5326d32e) Importer(815301076,1909f56bfc062723c751e8b465ee728b) (PreviewImporter) -> (artifact id: '00000000000000000000000000000000') in 0.0008125 seconds
Import Error Code:(4)
Message: Build asset version error: assets/arena/scoremanager.cs in SourceAssetDB has modification time of '2026-04-09T15:31:27.6131237Z' while content on disk has modification time of '2026-04-09T15:31:39.8902584Z'
  ERROR: Build asset version error: assets/arena/scoremanager.cs in SourceAssetDB has modification time of '2026-04-09T15:31:27.6131237Z' while content on disk has modification time of '2026-04-09T15:31:39.8902584Z'
Number of updated asset objects reloaded before import = 0Number of asset objects unloaded after import = 0

========================================================================
Received Import Request.
  Time since last request: 0.000022 seconds.
  path: Assets/arena/ScoreManager.cs
  artifactKey: Guid(2770bf38b9856174cba5d1cd5326d32e) Importer(815301076,1909f56bfc062723c751e8b465ee728b)
Start importing Assets/arena/ScoreManager.cs using Guid(2770bf38b9856174cba5d1cd5326d32e) Importer(815301076,1909f56bfc062723c751e8b465ee728b) (PreviewImporter) -> (artifact id: '00000000000000000000000000000000') in 0.00075 seconds
Import Error Code:(4)
Message: Build asset version error: assets/arena/scoremanager.cs in SourceAssetDB has modification time of '2026-04-09T15:31:27.6131237Z' while content on disk has modification time of '2026-04-09T15:31:39.8902584Z'
  ERROR: Build asset version error: assets/arena/scoremanager.cs in SourceAssetDB has modification time of '2026-04-09T15:31:27.6131237Z' while content on disk has modification time of '2026-04-09T15:31:39.8902584Z'
Number of updated asset objects reloaded before import = 0Number of asset objects unloaded after import = 0

========================================================================
Received Import Request.
  Time since last request: 0.000022 seconds.
  path: Assets/arena/ScoreManager.cs
  artifactKey: Guid(2770bf38b9856174cba5d1cd5326d32e) Importer(815301076,1909f56bfc062723c751e8b465ee728b)
Start importing Assets/arena/ScoreManager.cs using Guid(2770bf38b9856174cba5d1cd5326d32e) Importer(815301076,1909f56bfc062723c751e8b465ee728b) (PreviewImporter) -> (artifact id: '00000000000000000000000000000000') in 0.0007524 seconds
Import Error Code:(4)
Message: Build asset version error: assets/arena/scoremanager.cs in SourceAssetDB has modification time of '2026-04-09T15:31:27.6131237Z' while content on disk has modification time of '2026-04-09T15:31:39.8902584Z'
  ERROR: Build asset version error: assets/arena/scoremanager.cs in SourceAssetDB has modification time of '2026-04-09T15:31:27.6131237Z' while content on disk has modification time of '2026-04-09T15:31:39.8902584Z'
Number of updated asset objects reloaded before import = 0Number of asset objects unloaded after import = 0

========================================================================
Received Import Request.
  Time since last request: 0.000024 seconds.
  path: Assets/arena/ScoreManager.cs
  artifactKey: Guid(2770bf38b9856174cba5d1cd5326d32e) Importer(815301076,1909f56bfc062723c751e8b465ee728b)
Start importing Assets/arena/ScoreManager.cs using Guid(2770bf38b9856174cba5d1cd5326d32e) Importer(815301076,1909f56bfc062723c751e8b465ee728b) (PreviewImporter) -> (artifact id: '00000000000000000000000000000000') in 0.0008931 seconds
Import Error Code:(4)
Message: Build asset version error: assets/arena/scoremanager.cs in SourceAssetDB has modification time of '2026-04-09T15:31:27.6131237Z' while content on disk has modification time of '2026-04-09T15:31:39.8902584Z'
  ERROR: Build asset version error: assets/arena/scoremanager.cs in SourceAssetDB has modification time of '2026-04-09T15:31:27.6131237Z' while content on disk has modification time of '2026-04-09T15:31:39.8902584Z'
Number of updated asset objects reloaded before import = 0Number of asset objects unloaded after import = 0

========================================================================
Received Import Request.
  Time since last request: 0.000038 seconds.
  path: Assets/arena/ScoreManager.cs
  artifactKey: Guid(2770bf38b9856174cba5d1cd5326d32e) Importer(815301076,1909f56bfc062723c751e8b465ee728b)
Start importing Assets/arena/ScoreManager.cs using Guid(2770bf38b9856174cba5d1cd5326d32e) Importer(815301076,1909f56bfc062723c751e8b465ee728b) (PreviewImporter) -> (artifact id: '00000000000000000000000000000000') in 0.0010775 seconds
Import Error Code:(4)
Message: Build asset version error: assets/arena/scoremanager.cs in SourceAssetDB has modification time of '2026-04-09T15:31:27.6131237Z' while content on disk has modification time of '2026-04-09T15:31:39.8902584Z'
  ERROR: Build asset version error: assets/arena/scoremanager.cs in SourceAssetDB has modification time of '2026-04-09T15:31:27.6131237Z' while content on disk has modification time of '2026-04-09T15:31:39.8902584Z'
Number of updated asset objects reloaded before import = 0Number of asset objects unloaded after import = 0

========================================================================
Received Import Request.
  Time since last request: 0.000022 seconds.
  path: Assets/arena/ScoreManager.cs
  artifactKey: Guid(2770bf38b9856174cba5d1cd5326d32e) Importer(815301076,1909f56bfc062723c751e8b465ee728b)
Start importing Assets/arena/ScoreManager.cs using Guid(2770bf38b9856174cba5d1cd5326d32e) Importer(815301076,1909f56bfc062723c751e8b465ee728b) (PreviewImporter) -> (artifact id: '00000000000000000000000000000000') in 0.0008746 seconds
Import Error Code:(4)
Message: Build asset version error: assets/arena/scoremanager.cs in SourceAssetDB has modification time of '2026-04-09T15:31:27.6131237Z' while content on disk has modification time of '2026-04-09T15:31:39.8902584Z'
  ERROR: Build asset version error: assets/arena/scoremanager.cs in SourceAssetDB has modification time of '2026-04-09T15:31:27.6131237Z' while content on disk has modification time of '2026-04-09T15:31:39.8902584Z'
Number of updated asset objects reloaded before import = 0Number of asset objects unloaded after import = 0

========================================================================
Received Import Request.
  Time since last request: 0.000023 seconds.
  path: Assets/arena/ScoreManager.cs
  artifactKey: Guid(2770bf38b9856174cba5d1cd5326d32e) Importer(815301076,1909f56bfc062723c751e8b465ee728b)
Start importing Assets/arena/ScoreManager.cs using Guid(2770bf38b9856174cba5d1cd5326d32e) Importer(815301076,1909f56bfc062723c751e8b465ee728b) (PreviewImporter) -> (artifact id: '00000000000000000000000000000000') in 0.0007891 seconds
Import Error Code:(4)
Message: Build asset version error: assets/arena/scoremanager.cs in SourceAssetDB has modification time of '2026-04-09T15:31:27.6131237Z' while content on disk has modification time of '2026-04-09T15:31:39.8902584Z'
  ERROR: Build asset version error: assets/arena/scoremanager.cs in SourceAssetDB has modification time of '2026-04-09T15:31:27.6131237Z' while content on disk has modification time of '2026-04-09T15:31:39.8902584Z'
Number of updated asset objects reloaded before import = 0Number of asset objects unloaded after import = 0

========================================================================
Received Import Request.
  Time since last request: 0.000031 seconds.
  path: Assets/arena/ScoreManager.cs
  artifactKey: Guid(2770bf38b9856174cba5d1cd5326d32e) Importer(815301076,1909f56bfc062723c751e8b465ee728b)
Start importing Assets/arena/ScoreManager.cs using Guid(2770bf38b9856174cba5d1cd5326d32e) Importer(815301076,1909f56bfc062723c751e8b465ee728b) (PreviewImporter) -> (artifact id: '00000000000000000000000000000000') in 0.000847 seconds
Import Error Code:(4)
Message: Build asset version error: assets/arena/scoremanager.cs in SourceAssetDB has modification time of '2026-04-09T15:31:27.6131237Z' while content on disk has modification time of '2026-04-09T15:31:39.8902584Z'
  ERROR: Build asset version error: assets/arena/scoremanager.cs in SourceAssetDB has modification time of '2026-04-09T15:31:27.6131237Z' while content on disk has modification time of '2026-04-09T15:31:39.8902584Z'
Number of updated asset objects reloaded before import = 0Number of asset objects unloaded after import = 0

========================================================================
Received Import Request.
  Time since last request: 0.000020 seconds.
  path: Assets/arena/ScoreManager.cs
  artifactKey: Guid(2770bf38b9856174cba5d1cd5326d32e) Importer(815301076,1909f56bfc062723c751e8b465ee728b)
Start importing Assets/arena/ScoreManager.cs using Guid(2770bf38b9856174cba5d1cd5326d32e) Importer(815301076,1909f56bfc062723c751e8b465ee728b) (PreviewImporter) -> (artifact id: '00000000000000000000000000000000') in 0.0007675 seconds
Import Error Code:(4)
Message: Build asset version error: assets/arena/scoremanager.cs in SourceAssetDB has modification time of '2026-04-09T15:31:27.6131237Z' while content on disk has modification time of '2026-04-09T15:31:39.8902584Z'
  ERROR: Build asset version error: assets/arena/scoremanager.cs in SourceAssetDB has modification time of '2026-04-09T15:31:27.6131237Z' while content on disk has modification time of '2026-04-09T15:31:39.8902584Z'
Number of updated asset objects reloaded before import = 0Number of asset objects unloaded after import = 0

========================================================================
Received Import Request.
  Time since last request: 0.000037 seconds.
  path: Assets/arena/ScoreManager.cs
  artifactKey: Guid(2770bf38b9856174cba5d1cd5326d32e) Importer(815301076,1909f56bfc062723c751e8b465ee728b)
Start importing Assets/arena/ScoreManager.cs using Guid(2770bf38b9856174cba5d1cd5326d32e) Importer(815301076,1909f56bfc062723c751e8b465ee728b) (PreviewImporter) -> (artifact id: '00000000000000000000000000000000') in 0.0007778 seconds
Import Error Code:(4)
Message: Build asset version error: assets/arena/scoremanager.cs in SourceAssetDB has modification time of '2026-04-09T15:31:27.6131237Z' while content on disk has modification time of '2026-04-09T15:31:39.8902584Z'
  ERROR: Build asset version error: assets/arena/scoremanager.cs in SourceAssetDB has modification time of '2026-04-09T15:31:27.6131237Z' while content on disk has modification time of '2026-04-09T15:31:39.8902584Z'
Number of updated asset objects reloaded before import = 0Number of asset objects unloaded after import = 0

========================================================================
Received Import Request.
  Time since last request: 0.000036 seconds.
  path: Assets/arena/ScoreManager.cs
  artifactKey: Guid(2770bf38b9856174cba5d1cd5326d32e) Importer(815301076,1909f56bfc062723c751e8b465ee728b)
Start importing Assets/arena/ScoreManager.cs using Guid(2770bf38b9856174cba5d1cd5326d32e) Importer(815301076,1909f56bfc062723c751e8b465ee728b) (PreviewImporter) -> (artifact id: '00000000000000000000000000000000') in 0.0008313 seconds
Import Error Code:(4)
Message: Build asset version error: assets/arena/scoremanager.cs in SourceAssetDB has modification time of '2026-04-09T15:31:27.6131237Z' while content on disk has modification time of '2026-04-09T15:31:39.8902584Z'
  ERROR: Build asset version error: assets/arena/scoremanager.cs in SourceAssetDB has modification time of '2026-04-09T15:31:27.6131237Z' while content on disk has modification time of '2026-04-09T15:31:39.8902584Z'
Number of updated asset objects reloaded before import = 0Number of asset objects unloaded after import = 0

========================================================================
Received Import Request.
  Time since last request: 0.000021 seconds.
  path: Assets/arena/ScoreManager.cs
  artifactKey: Guid(2770bf38b9856174cba5d1cd5326d32e) Importer(815301076,1909f56bfc062723c751e8b465ee728b)
Start importing Assets/arena/ScoreManager.cs using Guid(2770bf38b9856174cba5d1cd5326d32e) Importer(815301076,1909f56bfc062723c751e8b465ee728b) (PreviewImporter) -> (artifact id: '00000000000000000000000000000000') in 0.000862 seconds
Import Error Code:(4)
Message: Build asset version error: assets/arena/scoremanager.cs in SourceAssetDB has modification time of '2026-04-09T15:31:27.6131237Z' while content on disk has modification time of '2026-04-09T15:31:39.8902584Z'
  ERROR: Build asset version error: assets/arena/scoremanager.cs in SourceAssetDB has modification time of '2026-04-09T15:31:27.6131237Z' while content on disk has modification time of '2026-04-09T15:31:39.8902584Z'
Number of updated asset objects reloaded before import = 0Number of asset objects unloaded after import = 0

========================================================================
Received Import Request.
  Time since last request: 0.000021 seconds.
  path: Assets/arena/ScoreManager.cs
  artifactKey: Guid(2770bf38b9856174cba5d1cd5326d32e) Importer(815301076,1909f56bfc062723c751e8b465ee728b)
Start importing Assets/arena/ScoreManager.cs using Guid(2770bf38b9856174cba5d1cd5326d32e) Importer(815301076,1909f56bfc062723c751e8b465ee728b) (PreviewImporter) -> (artifact id: '00000000000000000000000000000000') in 0.0008031 seconds
Import Error Code:(4)
Message: Build asset version error: assets/arena/scoremanager.cs in SourceAssetDB has modification time of '2026-04-09T15:31:27.6131237Z' while content on disk has modification time of '2026-04-09T15:31:39.8902584Z'
  ERROR: Build asset version error: assets/arena/scoremanager.cs in SourceAssetDB has modification time of '2026-04-09T15:31:27.6131237Z' while content on disk has modification time of '2026-04-09T15:31:39.8902584Z'
Number of updated asset objects reloaded before import = 0Number of asset objects unloaded after import = 0

========================================================================
Received Import Request.
  Time since last request: 0.000023 seconds.
  path: Assets/arena/ScoreManager.cs
  artifactKey: Guid(2770bf38b9856174cba5d1cd5326d32e) Importer(815301076,1909f56bfc062723c751e8b465ee728b)
Start importing Assets/arena/ScoreManager.cs using Guid(2770bf38b9856174cba5d1cd5326d32e) Importer(815301076,1909f56bfc062723c751e8b465ee728b) (PreviewImporter) -> (artifact id: '00000000000000000000000000000000') in 0.000914 seconds
Import Error Code:(4)
Message: Build asset version error: assets/arena/scoremanager.cs in SourceAssetDB has modification time of '2026-04-09T15:31:27.6131237Z' while content on disk has modification time of '2026-04-09T15:31:39.8902584Z'
  ERROR: Build asset version error: assets/arena/scoremanager.cs in SourceAssetDB has modification time of '2026-04-09T15:31:27.6131237Z' while content on disk has modification time of '2026-04-09T15:31:39.8902584Z'
Number of updated asset objects reloaded before import = 0Number of asset objects unloaded after import = 0

========================================================================
Received Import Request.
  Time since last request: 0.000022 seconds.
  path: Assets/arena/ScoreManager.cs
  artifactKey: Guid(2770bf38b9856174cba5d1cd5326d32e) Importer(815301076,1909f56bfc062723c751e8b465ee728b)
Start importing Assets/arena/ScoreManager.cs using Guid(2770bf38b9856174cba5d1cd5326d32e) Importer(815301076,1909f56bfc062723c751e8b465ee728b) (PreviewImporter) -> (artifact id: '00000000000000000000000000000000') in 0.0007958 seconds
Import Error Code:(4)
Message: Build asset version error: assets/arena/scoremanager.cs in SourceAssetDB has modification time of '2026-04-09T15:31:27.6131237Z' while content on disk has modification time of '2026-04-09T15:31:39.8902584Z'
  ERROR: Build asset version error: assets/arena/scoremanager.cs in SourceAssetDB has modification time of '2026-04-09T15:31:27.6131237Z' while content on disk has modification time of '2026-04-09T15:31:39.8902584Z'
Number of updated asset objects reloaded before import = 0Number of asset objects unloaded after import = 0

========================================================================
Received Import Request.
  Time since last request: 0.000028 seconds.
  path: Assets/arena/ScoreManager.cs
  artifactKey: Guid(2770bf38b9856174cba5d1cd5326d32e) Importer(815301076,1909f56bfc062723c751e8b465ee728b)
Start importing Assets/arena/ScoreManager.cs using Guid(2770bf38b9856174cba5d1cd5326d32e) Importer(815301076,1909f56bfc062723c751e8b465ee728b) (PreviewImporter) -> (artifact id: '00000000000000000000000000000000') in 0.0008864 seconds
Import Error Code:(4)
Message: Build asset version error: assets/arena/scoremanager.cs in SourceAssetDB has modification time of '2026-04-09T15:31:27.6131237Z' while content on disk has modification time of '2026-04-09T15:31:39.8902584Z'
  ERROR: Build asset version error: assets/arena/scoremanager.cs in SourceAssetDB has modification time of '2026-04-09T15:31:27.6131237Z' while content on disk has modification time of '2026-04-09T15:31:39.8902584Z'
Number of updated asset objects reloaded before import = 0Number of asset objects unloaded after import = 0

========================================================================
Received Import Request.
  Time since last request: 0.000035 seconds.
  path: Assets/arena/ScoreManager.cs
  artifactKey: Guid(2770bf38b9856174cba5d1cd5326d32e) Importer(815301076,1909f56bfc062723c751e8b465ee728b)
Start importing Assets/arena/ScoreManager.cs using Guid(2770bf38b9856174cba5d1cd5326d32e) Importer(815301076,1909f56bfc062723c751e8b465ee728b) (PreviewImporter) -> (artifact id: '00000000000000000000000000000000') in 0.0007833 seconds
Import Error Code:(4)
Message: Build asset version error: assets/arena/scoremanager.cs in SourceAssetDB has modification time of '2026-04-09T15:31:27.6131237Z' while content on disk has modification time of '2026-04-09T15:31:39.8902584Z'
  ERROR: Build asset version error: assets/arena/scoremanager.cs in SourceAssetDB has modification time of '2026-04-09T15:31:27.6131237Z' while content on disk has modification time of '2026-04-09T15:31:39.8902584Z'
Number of updated asset objects reloaded before import = 0Number of asset objects unloaded after import = 0

========================================================================
Received Import Request.
  Time since last request: 0.000023 seconds.
  path: Assets/arena/ScoreManager.cs
  artifactKey: Guid(2770bf38b9856174cba5d1cd5326d32e) Importer(815301076,1909f56bfc062723c751e8b465ee728b)
Start importing Assets/arena/ScoreManager.cs using Guid(2770bf38b9856174cba5d1cd5326d32e) Importer(815301076,1909f56bfc062723c751e8b465ee728b) (PreviewImporter) -> (artifact id: '00000000000000000000000000000000') in 0.0008058 seconds
Import Error Code:(4)
Message: Build asset version error: assets/arena/scoremanager.cs in SourceAssetDB has modification time of '2026-04-09T15:31:27.6131237Z' while content on disk has modification time of '2026-04-09T15:31:39.8902584Z'
  ERROR: Build asset version error: assets/arena/scoremanager.cs in SourceAssetDB has modification time of '2026-04-09T15:31:27.6131237Z' while content on disk has modification time of '2026-04-09T15:31:39.8902584Z'
Number of updated asset objects reloaded before import = 0Number of asset objects unloaded after import = 0

========================================================================
Received Import Request.
  Time since last request: 0.000027 seconds.
  path: Assets/arena/ScoreManager.cs
  artifactKey: Guid(2770bf38b9856174cba5d1cd5326d32e) Importer(815301076,1909f56bfc062723c751e8b465ee728b)
Start importing Assets/arena/ScoreManager.cs using Guid(2770bf38b9856174cba5d1cd5326d32e) Importer(815301076,1909f56bfc062723c751e8b465ee728b) (PreviewImporter) -> (artifact id: '00000000000000000000000000000000') in 0.0009777 seconds
Import Error Code:(4)
Message: Build asset version error: assets/arena/scoremanager.cs in SourceAssetDB has modification time of '2026-04-09T15:31:27.6131237Z' while content on disk has modification time of '2026-04-09T15:31:39.8902584Z'
  ERROR: Build asset version error: assets/arena/scoremanager.cs in SourceAssetDB has modification time of '2026-04-09T15:31:27.6131237Z' while content on disk has modification time of '2026-04-09T15:31:39.8902584Z'
Number of updated asset objects reloaded before import = 0Number of asset objects unloaded after import = 0

========================================================================
Received Import Request.
  Time since last request: 0.000031 seconds.
  path: Assets/arena/ScoreManager.cs
  artifactKey: Guid(2770bf38b9856174cba5d1cd5326d32e) Importer(815301076,1909f56bfc062723c751e8b465ee728b)
Start importing Assets/arena/ScoreManager.cs using Guid(2770bf38b9856174cba5d1cd5326d32e) Importer(815301076,1909f56bfc062723c751e8b465ee728b) (PreviewImporter) -> (artifact id: '00000000000000000000000000000000') in 0.0008008 seconds
Import Error Code:(4)
Message: Build asset version error: assets/arena/scoremanager.cs in SourceAssetDB has modification time of '2026-04-09T15:31:27.6131237Z' while content on disk has modification time of '2026-04-09T15:31:39.8902584Z'
  ERROR: Build asset version error: assets/arena/scoremanager.cs in SourceAssetDB has modification time of '2026-04-09T15:31:27.6131237Z' while content on disk has modification time of '2026-04-09T15:31:39.8902584Z'
Number of updated asset objects reloaded before import = 0Number of asset objects unloaded after import = 0

========================================================================
Received Import Request.
  Time since last request: 0.000027 seconds.
  path: Assets/arena/ScoreManager.cs
  artifactKey: Guid(2770bf38b9856174cba5d1cd5326d32e) Importer(815301076,1909f56bfc062723c751e8b465ee728b)
Start importing Assets/arena/ScoreManager.cs using Guid(2770bf38b9856174cba5d1cd5326d32e) Importer(815301076,1909f56bfc062723c751e8b465ee728b) (PreviewImporter) -> (artifact id: '00000000000000000000000000000000') in 0.0008184 seconds
Import Error Code:(4)
Message: Build asset version error: assets/arena/scoremanager.cs in SourceAssetDB has modification time of '2026-04-09T15:31:27.6131237Z' while content on disk has modification time of '2026-04-09T15:31:39.8902584Z'
  ERROR: Build asset version error: assets/arena/scoremanager.cs in SourceAssetDB has modification time of '2026-04-09T15:31:27.6131237Z' while content on disk has modification time of '2026-04-09T15:31:39.8902584Z'
Number of updated asset objects reloaded before import = 0Number of asset objects unloaded after import = 0

========================================================================
Received Import Request.
  Time since last request: 0.000036 seconds.
  path: Assets/arena/ScoreManager.cs
  artifactKey: Guid(2770bf38b9856174cba5d1cd5326d32e) Importer(815301076,1909f56bfc062723c751e8b465ee728b)
Start importing Assets/arena/ScoreManager.cs using Guid(2770bf38b9856174cba5d1cd5326d32e) Importer(815301076,1909f56bfc062723c751e8b465ee728b) (PreviewImporter) -> (artifact id: '00000000000000000000000000000000') in 0.0007521 seconds
Import Error Code:(4)
Message: Build asset version error: assets/arena/scoremanager.cs in SourceAssetDB has modification time of '2026-04-09T15:31:27.6131237Z' while content on disk has modification time of '2026-04-09T15:31:39.8902584Z'
  ERROR: Build asset version error: assets/arena/scoremanager.cs in SourceAssetDB has modification time of '2026-04-09T15:31:27.6131237Z' while content on disk has modification time of '2026-04-09T15:31:39.8902584Z'
Number of updated asset objects reloaded before import = 0Number of asset objects unloaded after import = 0

========================================================================
Received Import Request.
  Time since last request: 0.000022 seconds.
  path: Assets/arena/ScoreManager.cs
  artifactKey: Guid(2770bf38b9856174cba5d1cd5326d32e) Importer(815301076,1909f56bfc062723c751e8b465ee728b)
Start importing Assets/arena/ScoreManager.cs using Guid(2770bf38b9856174cba5d1cd5326d32e) Importer(815301076,1909f56bfc062723c751e8b465ee728b) (PreviewImporter) -> (artifact id: '00000000000000000000000000000000') in 0.0007738 seconds
Import Error Code:(4)
Message: Build asset version error: assets/arena/scoremanager.cs in SourceAssetDB has modification time of '2026-04-09T15:31:27.6131237Z' while content on disk has modification time of '2026-04-09T15:31:39.8902584Z'
  ERROR: Build asset version error: assets/arena/scoremanager.cs in SourceAssetDB has modification time of '2026-04-09T15:31:27.6131237Z' while content on disk has modification time of '2026-04-09T15:31:39.8902584Z'
Number of updated asset objects reloaded before import = 0Number of asset objects unloaded after import = 0

========================================================================
Received Import Request.
  Time since last request: 0.000030 seconds.
  path: Assets/arena/ScoreManager.cs
  artifactKey: Guid(2770bf38b9856174cba5d1cd5326d32e) Importer(815301076,1909f56bfc062723c751e8b465ee728b)
Start importing Assets/arena/ScoreManager.cs using Guid(2770bf38b9856174cba5d1cd5326d32e) Importer(815301076,1909f56bfc062723c751e8b465ee728b) (PreviewImporter) -> (artifact id: '00000000000000000000000000000000') in 0.0012895 seconds
Import Error Code:(4)
Message: Build asset version error: assets/arena/scoremanager.cs in SourceAssetDB has modification time of '2026-04-09T15:31:27.6131237Z' while content on disk has modification time of '2026-04-09T15:31:39.8902584Z'
  ERROR: Build asset version error: assets/arena/scoremanager.cs in SourceAssetDB has modification time of '2026-04-09T15:31:27.6131237Z' while content on disk has modification time of '2026-04-09T15:31:39.8902584Z'
Number of updated asset objects reloaded before import = 0Number of asset objects unloaded after import = 0

========================================================================
Received Import Request.
  Time since last request: 0.000023 seconds.
  path: Assets/arena/ScoreManager.cs
  artifactKey: Guid(2770bf38b9856174cba5d1cd5326d32e) Importer(815301076,1909f56bfc062723c751e8b465ee728b)
Start importing Assets/arena/ScoreManager.cs using Guid(2770bf38b9856174cba5d1cd5326d32e) Importer(815301076,1909f56bfc062723c751e8b465ee728b) (PreviewImporter) -> (artifact id: 'a7eba6438af9bf33937f3d5fe00a8acc') in 0.0008436 seconds
Number of updated asset objects reloaded before import = 0Number of asset objects unloaded after import = 0

========================================================================
Received Prepare
Refreshing native plugins compatible for Editor in 1.71 ms, found 3 plugins.
Preloading 0 native plugins for Editor in 0.00 ms.
Unloading 26 Unused Serialized files (Serialized files now loaded: 0)
Unloading 5923 unused Assets / (6.7 MB). Loaded Objects now: 6966.
Memory consumption went from 192.7 MB to 186.0 MB.
Total: 23.381700 ms (FindLiveObjects: 1.296500 ms CreateObjectMapping: 1.856900 ms MarkObjects: 10.988900 ms  DeleteObjects: 9.237400 ms)

Prepare: number of updated asset objects reloaded= 0
========================================================================
Received Import Request.
  Time since last request: 2.411616 seconds.
  path: Assets/arena/ScoreManager.cs
  artifactKey: Guid(2770bf38b9856174cba5d1cd5326d32e) Importer(815301076,1909f56bfc062723c751e8b465ee728b)
Start importing Assets/arena/ScoreManager.cs using Guid(2770bf38b9856174cba5d1cd5326d32e) Importer(815301076,1909f56bfc062723c751e8b465ee728b) (PreviewImporter) -> (artifact id: 'ac7bb60b45bdfe318c34c7c9b9546fa8') in 0.0032915 seconds
Number of updated asset objects reloaded before import = 0Number of asset objects unloaded after import = 0

========================================================================
Received Prepare
Begin MonoManager ReloadAssembly
- Loaded All Assemblies, in  1.538 seconds
Refreshing native plugins compatible for Editor in 1.41 ms, found 3 plugins.
Native extension for Android target not found
Native extension for WindowsStandalone target not found
Mono: successfully reloaded assembly
- Finished resetting the current domain, in  1.606 seconds
Domain Reload Profiling: 3146ms
	BeginReloadAssembly (428ms)
		ExecutionOrderSort (0ms)
		DisableScriptedObjects (12ms)
		BackupInstance (0ms)
		ReleaseScriptingObjects (0ms)
		CreateAndSetChildDomain (80ms)
	RebuildCommonClasses (107ms)
	RebuildNativeTypeToScriptingClass (36ms)
	initialDomainReloadingComplete (55ms)
	LoadAllAssembliesAndSetupDomain (914ms)
		LoadAssemblies (714ms)
		RebuildTransferFunctionScriptingTraits (0ms)
		AnalyzeDomain (457ms)
			TypeCache.Refresh (19ms)
				TypeCache.ScanAssembly (1ms)
			BuildScriptInfoCaches (404ms)
			ResolveRequiredComponents (28ms)
	FinalizeReload (1606ms)
		ReleaseScriptCaches (0ms)
		RebuildScriptCaches (0ms)
		SetupLoadedEditorAssemblies (1156ms)
			LogAssemblyErrors (0ms)
			InitializePlatformSupportModulesInManaged (23ms)
			SetLoadedEditorAssemblies (10ms)
			BeforeProcessingInitializeOnLoad (228ms)
			ProcessInitializeOnLoadAttributes (784ms)
			ProcessInitializeOnLoadMethodAttributes (104ms)
			AfterProcessingInitializeOnLoad (7ms)
			EditorAssembliesLoaded (0ms)
		ExecutionOrderSort2 (0ms)
		AwakeInstancesAfterBackupRestoration (30ms)
Refreshing native plugins compatible for Editor in 1.56 ms, found 3 plugins.
Preloading 0 native plugins for Editor in 0.00 ms.
Unloading 26 Unused Serialized files (Serialized files now loaded: 0)
Unloading 5929 unused Assets / (6.7 MB). Loaded Objects now: 6968.
Memory consumption went from 192.5 MB to 185.8 MB.
Total: 23.352700 ms (FindLiveObjects: 1.291900 ms CreateObjectMapping: 1.075500 ms MarkObjects: 12.296300 ms  DeleteObjects: 8.687300 ms)

Prepare: number of updated asset objects reloaded= 0
========================================================================
Received Import Request.
  Time since last request: 28.111300 seconds.
  path: Assets/arena/ScoreManager.cs
  artifactKey: Guid(2770bf38b9856174cba5d1cd5326d32e) Importer(815301076,1909f56bfc062723c751e8b465ee728b)
Start importing Assets/arena/ScoreManager.cs using Guid(2770bf38b9856174cba5d1cd5326d32e) Importer(815301076,1909f56bfc062723c751e8b465ee728b) (PreviewImporter) -> (artifact id: '6ba4581350732471e38a0fe1897425c9') in 0.0043743 seconds
Number of updated asset objects reloaded before import = 0Number of asset objects unloaded after import = 0

